{"type":"FeatureCollection","name":"Mexico states – postal prefix quiz (INEGI boundaries, optimized)","features":[{"type":"Feature","properties":{"state":"Aguascalientes","official_state_name":"Aguascalientes","state_code_inegi":"01","postal_range":"20","postal_codes":["20"],"question_count":1,"question_01":"20"},"geometry":{"type":"Polygon","coordinates":[[[-102.29830685,22.45958968],[-102.2900764,22.41991795],[-102.28183929,22.41380417],[-102.27398106,22.41433115],[-102.25524872,22.38742866],[-102.25029937,22.38722171],[-102.25320071,22.37449451],[-102.21198682,22.37269732],[-102.211979199,22.36246518],[-102.17737534,22.36242974],[-102.18072211,22.35039794],[-102.14984748,22.34717506],[-102.15323048,22.29041022],[-102.1065838,22.28536546],[-102.10524986,22.28079283],[-102.0895714,22.28899886],[-102.07562705,22.30607278],[-102.0567314,22.2999378],[-102.05840777,22.29365486],[-102.05121358,22.29121303],[-102.03726965,22.29897568],[-102.02988252,22.288993],[-102.022494579,22.241585491],[-102.00247463,22.24144406],[-101.99971608,22.23365603],[-102.00099308,22.16811055],[-102.02946714,22.16866562],[-102.03773734,22.15977609],[-102.04109448,22.16179923],[-102.04522131,22.15373323],[-102.01707549,22.15396128],[-102.02591518,22.129771],[-101.98602795,22.12082745],[-101.86427511,22.041509481],[-101.86229337,22.046736551],[-101.85519154,22.046511171],[-101.861491291,22.035902539],[-101.85832835,22.020898221],[-101.86379871,21.990015661],[-101.89125251,21.976592051],[-101.89473405,21.989656421],[-101.91259849,21.997485741],[-101.90944572,21.989024031],[-101.89822731,21.983263031],[-101.89778022,21.958387911],[-101.8903746,21.95095015],[-101.88579988,21.93261163],[-101.88459054,21.93922215],[-101.87267131,21.94651438],[-101.83528945,21.94177058],[-101.83800337,21.90734437],[-101.88021262,21.91014978],[-102.01995402,21.86253611],[-102.02079443,21.85116763],[-102.03841751,21.853198047],[-102.04174294,21.82306765],[-102.055123737,21.816356771],[-102.05797982,21.80187009],[-102.071962739,21.78265475],[-102.08307422,21.78706689],[-102.09457051,21.77770165],[-102.08618066,21.76726389],[-102.10205663,21.76104405],[-102.10428795,21.75097357],[-102.11591177,21.74467765],[-102.11557883,21.73603812],[-102.12089312,21.73644657],[-102.12559817,21.72572338],[-102.13634605,21.72049337],[-102.14209972,21.70537429],[-102.1548574,21.70003817],[-102.17143278,21.70700098],[-102.17788592,21.68815531],[-102.21426675,21.69481886],[-102.22636266,21.65777435],[-102.23761751,21.65200137],[-102.27521912,21.65397372],[-102.27944152,21.66443732],[-102.30399031,21.66668472],[-102.30264857,21.65460028],[-102.29537078,21.65309872],[-102.31016569,21.62662603],[-102.32105082,21.63009228],[-102.32572206,21.62226648],[-102.36687357,21.64275192],[-102.36952618,21.65059191],[-102.40749309,21.65948488],[-102.40459497,21.6655932],[-102.44145495,21.67341917],[-102.45120578,21.68195882],[-102.45245318,21.67838371],[-102.4610664,21.67925909],[-102.45213237,21.68691071],[-102.45686377,21.69808754],[-102.47575655,21.69494515],[-102.47652175,21.70208495],[-102.54245243,21.73260437],[-102.54097662,21.73558037],[-102.55249372,21.74265103],[-102.59627874,21.74404963],[-102.59677432,21.754982],[-102.60631217,21.75105722],[-102.63349383,21.76733946],[-102.64353912,21.76188449],[-102.66892635,21.76405145],[-102.67876758,21.75317374],[-102.69066857,21.7524372],[-102.69731754,21.741513662],[-102.69626329,21.72876802],[-102.71402475,21.73009778],[-102.7156052,21.73409128],[-102.72211615,21.71955411],[-102.73522249,21.71567078],[-102.77218091,21.73782377],[-102.77569697,21.7345894],[-102.77825628,21.74267495],[-102.79230965,21.75499012],[-102.81691626,21.76647537],[-102.83126215,21.79724858],[-102.84240486,21.79853072],[-102.84225075,21.804757201],[-102.85334506,21.79905315],[-102.84731475,21.83340922],[-102.85805097,21.83322635],[-102.87417658,21.852771],[-102.86338012,21.86376578],[-102.86054614,21.88025969],[-102.84335034,21.91237095],[-102.84622057,21.91539814],[-102.83825045,21.93929865],[-102.82322329,21.95554238],[-102.80104969,22.003941],[-102.79149862,22.01598835],[-102.78331025,22.01769192],[-102.78228608,22.02813206],[-102.76898126,22.03782289],[-102.77046485,22.04159789],[-102.76098974,22.04628674],[-102.75318026,22.06325782],[-102.75580571,22.07366208],[-102.69086523,22.10655503],[-102.69014195,22.12339498],[-102.68341414,22.12991358],[-102.68612114,22.13790885],[-102.68244094,22.14592525],[-102.67434471,22.14778143],[-102.66941569,22.15958958],[-102.67589451,22.17557252],[-102.66671835,22.18094098],[-102.66931008,22.19402358],[-102.65159598,22.19314023],[-102.65527668,22.1949766],[-102.64582155,22.20430605],[-102.63929894,22.22603918],[-102.67001705,22.24570243],[-102.66874285,22.29187105],[-102.52703934,22.29089903],[-102.50663072,22.29381254],[-102.50126511,22.30426977],[-102.47020163,22.3092102],[-102.4660842,22.32228148],[-102.46066151,22.32369111],[-102.46102086,22.33175888],[-102.47118782,22.33625488],[-102.46864195,22.35188148],[-102.387879,22.3641412],[-102.378442819,22.360878581],[-102.359250279,22.384951691],[-102.362877079,22.388747281],[-102.32136472,22.38853265],[-102.32103051,22.41829135],[-102.31204005,22.4408182],[-102.3118048,22.45691582],[-102.29830685,22.45958968]]]}},{"type":"Feature","properties":{"state":"Baja California","official_state_name":"Baja California","state_code_inegi":"02","postal_range":"21-22","postal_codes":["21","22"],"question_count":2,"question_01":"21","question_02":"22"},"geometry":{"type":"MultiPolygon","coordinates":[[[[-114.12173751,28.09476914],[-114.11710625,28.09581],[-114.117834321,28.08717755],[-114.12173751,28.09476914]]],[[[-112.306985705,28.390941513],[-112.296774983,28.381356279],[-112.299741228,28.372924572],[-112.315656261,28.378595971],[-112.320105627,28.376186919],[-112.314971745,28.387027227],[-112.306985705,28.390941513]]],[[[-115.545330882,28.31150604],[-115.536785956,28.304725269],[-115.5436651,28.29137495],[-115.549855312,28.304465931],[-115.545330882,28.31150604]]],[[[-115.57197079,28.312558517],[-115.567657277,28.313924833],[-115.560928196,28.308084563],[-115.570572887,28.308278839],[-115.57197079,28.312558517]]],[[[-115.592355448,28.316761435],[-115.58263173,28.305718711],[-115.57528931,28.310932144],[-115.58074052,28.29574662],[-115.582807372,28.299216001],[-115.590549291,28.295167666],[-115.591761059,28.299376345],[-115.60644858,28.300203894],[-115.601358734,28.315929814],[-115.592355448,28.316761435]]],[[[-115.217645956,28.377743931],[-115.206788844,28.373050555],[-115.204099699,28.364484168],[-115.194165316,28.361692682],[-115.195282711,28.332265412],[-115.186225531,28.314731639],[-115.174141676,28.306159869],[-115.174014137,28.288766961],[-115.16377484,28.260417111],[-115.173589641,28.214937045],[-115.169576918,28.202371587],[-115.159794478,28.19223889],[-115.156647396,28.166046315],[-115.159202468,28.137836797],[-115.18625789,28.105375239],[-115.182449066,28.096015949],[-115.185207489,28.097464172],[-115.187960752,28.086622109],[-115.18145138,28.069466317],[-115.189525149,28.054979705],[-115.180882213,28.040591082],[-115.185342275,28.031360676],[-115.210023353,28.039519372],[-115.229835935,28.029532774],[-115.232561013,28.034481458],[-115.255368504,28.037498793],[-115.252143739,28.043198792],[-115.265455905,28.072879038],[-115.289512806,28.092758564],[-115.306886295,28.094759323],[-115.319537532,28.087061172],[-115.334254499,28.086218486],[-115.34537852,28.074297071],[-115.35968027,28.080990911],[-115.352825995,28.087693853],[-115.356144391,28.106974923],[-115.352229702,28.108155612],[-115.352964241,28.117236705],[-115.335024771,28.122836588],[-115.31624547,28.13784147],[-115.242954611,28.220903825],[-115.244909731,28.226795701],[-115.238035111,28.231896968],[-115.257941206,28.273434327],[-115.253773818,28.286159208],[-115.264410009,28.294041411],[-115.247716491,28.315711687],[-115.249426794,28.326869944],[-115.245927189,28.329022284],[-115.251594483,28.336663805],[-115.239947021,28.342436378],[-115.245760044,28.354269437],[-115.229593986,28.362483337],[-115.229170442,28.3726246],[-115.217645956,28.377743931]]],[[[-112.892330542,28.678260839],[-112.867428844,28.671101577],[-112.860241438,28.672997575],[-112.847855086,28.661979515],[-112.838665429,28.661163456],[-112.752560227,28.591528839],[-112.772160028,28.57686042],[-112.782611259,28.580362074],[-112.798907317,28.610578016],[-112.829832114,28.627348087],[-112.843769633,28.640177062],[-112.867845506,28.643968697],[-112.86678658,28.652871615],[-112.892330542,28.678260839]]],[[[-112.903656108,28.698525733],[-112.904724744,28.69829013],[-112.904162831,28.699320435],[-112.903656108,28.698525733]]],[[[-112.931385413,28.709352874],[-112.920777565,28.699692175],[-112.897610476,28.697231748],[-112.895071853,28.679904977],[-112.93136953,28.69642584],[-112.934827757,28.70153178],[-112.931385413,28.709352874]]],[[[-112.964126349,28.72465747],[-112.961942108,28.723311852],[-112.964498497,28.723814424],[-112.964126349,28.72465747]]],[[[-112.966698286,28.734361484],[-112.965873415,28.733380683],[-112.967088269,28.733804568],[-112.966698286,28.734361484]]],[[[-112.960840489,28.734597514],[-112.950835201,28.727420262],[-112.946289901,28.717161664],[-112.965668861,28.731131322],[-112.960840489,28.734597514]]],[[[-114.278680056,28.670408445],[-114.277664932,28.668690727],[-114.27937949,28.6693456],[-114.278680056,28.670408445]]],[[[-114.280855935,28.693300245],[-114.278359796,28.693804441],[-114.278624812,28.692969592],[-114.280855935,28.693300245]]],[[[-112.985099599,28.826399138],[-112.975743955,28.82549223],[-112.975248359,28.822880521],[-112.981604032,28.821009201],[-112.985099599,28.826399138]]],[[[-112.999389486,28.836874813],[-112.998907263,28.836335404],[-112.999593842,28.836456686],[-112.999389486,28.836874813]]],[[[-113.35752427,28.826507223],[-113.358281754,28.827413473],[-113.357355462,28.827941865],[-113.35752427,28.826507223]]],[[[-114.35235905,28.767761951],[-114.351128559,28.76714676],[-114.352320518,28.767156459],[-114.35235905,28.767761951]]],[[[-113.029979417,28.885844482],[-113.027748353,28.887577742],[-113.026708579,28.885985453],[-113.029979417,28.885844482]]],[[[-113.03653396,28.900606781],[-113.032745959,28.895695105],[-113.044461045,28.883652717],[-113.04803213,28.89440355],[-113.040777959,28.890782977],[-113.03653396,28.900606781]]],[[[-113.359107355,28.88343314],[-113.35798618,28.882486948],[-113.359935818,28.882703376],[-113.359107355,28.88343314]]],[[[-113.04430223,28.911197042],[-113.042832937,28.91155716],[-113.043260801,28.910694411],[-113.04430223,28.911197042]]],[[[-113.383646815,28.924093393],[-113.385279783,28.924710035],[-113.384775925,28.926490432],[-113.383646815,28.924093393]]],[[[-113.482289317,28.956438028],[-113.482965684,28.955888974],[-113.48309115,28.956091268],[-113.482289317,28.956438028]]],[[[-113.474617718,28.957187274],[-113.47644238,28.955371303],[-113.477409204,28.955894682],[-113.474617718,28.957187274]]],[[[-113.475474556,28.967844674],[-113.481381909,28.967295953],[-113.485109897,28.978897034],[-113.477085069,28.974898935],[-113.475474556,28.967844674]]],[[[-113.520707587,28.997038781],[-113.518346837,28.997723399],[-113.518065476,28.995126771],[-113.520707587,28.997038781]]],[[[-113.521243374,28.998403438],[-113.51965899,28.998904529],[-113.520126009,28.997877567],[-113.521243374,28.998403438]]],[[[-113.512535694,29.002720016],[-113.501981952,28.993975596],[-113.511349325,28.988727212],[-113.516962662,28.993835288],[-113.512535694,29.002720016]]],[[[-113.523934905,29.005460786],[-113.521106709,29.005284193],[-113.524313682,29.001603192],[-113.523934905,29.005460786]]],[[[-113.511072857,29.011773164],[-113.514066119,29.009731387],[-113.515930558,29.009857591],[-113.51517078,29.011613224],[-113.511072857,29.011773164]]],[[[-113.525046947,29.013286719],[-113.524091287,29.011950958],[-113.524997437,29.010720089],[-113.525046947,29.013286719]]],[[[-113.505063038,29.014197213],[-113.506534789,29.013872416],[-113.50505591,29.014885957],[-113.505063038,29.014197213]]],[[[-113.516354015,29.013410497],[-113.510792167,29.014066114],[-113.511090836,29.013363487],[-113.516354015,29.013410497]]],[[[-113.469408216,29.024180169],[-113.464236346,29.021587339],[-113.460311337,29.013195023],[-113.4662818,29.013940822],[-113.469408216,29.024180169]]],[[[-113.499002684,29.027390545],[-113.498280332,29.0274354],[-113.498305967,29.02712833],[-113.499002684,29.027390545]]],[[[-113.083451162,29.068896875],[-113.084853462,29.063146558],[-113.087674462,29.062044045],[-113.092577981,29.062908329],[-113.095084099,29.061946931],[-113.097313203,29.061555483],[-113.097501085,29.061830228],[-113.092268065,29.064116274],[-113.097951014,29.06309127],[-113.095924922,29.066783053],[-113.083451162,29.068896875]]],[[[-114.615799789,28.965709673],[-114.616193311,28.965307957],[-114.616214145,28.965726157],[-114.615799789,28.965709673]]],[[[-113.513002709,29.061422767],[-113.512321279,29.061816134],[-113.512594466,29.061094266],[-113.513002709,29.061422767]]],[[[-113.521851833,29.069636056],[-113.515866971,29.067218665],[-113.514876776,29.064833275],[-113.521851833,29.069636056]]],[[[-113.527668912,29.093160553],[-113.509437175,29.096097541],[-113.502336916,29.090415987],[-113.508178946,29.080237741],[-113.503030949,29.076830237],[-113.50551658,29.063279128],[-113.499247649,29.054910674],[-113.502725193,29.049829123],[-113.489182585,29.037686174],[-113.504732095,29.039227051],[-113.507204101,29.042106753],[-113.503122524,29.045612287],[-113.50697465,29.047321334],[-113.502502132,29.047496306],[-113.502851593,29.049094753],[-113.513788505,29.052102602],[-113.509716987,29.061999443],[-113.514825239,29.076987333],[-113.521835968,29.078340824],[-113.527668912,29.093160553]]],[[[-113.530042404,29.098462095],[-113.527278961,29.098102674],[-113.53084582,29.09616616],[-113.530042404,29.098462095]]],[[[-113.608213944,29.168130978],[-113.606931558,29.166756055],[-113.608061098,29.166038687],[-113.608213944,29.168130978]]],[[[-113.513914671,29.551476994],[-113.511525993,29.538164524],[-113.474392024,29.531097409],[-113.476408993,29.525880209],[-113.431001417,29.492055412],[-113.425399125,29.473854596],[-113.406561701,29.460657436],[-113.393364591,29.459249711],[-113.392950108,29.449278062],[-113.384814815,29.443579913],[-113.383873905,29.433587163],[-113.361645669,29.401336658],[-113.36334299,29.395441949],[-113.352042033,29.387346629],[-113.376141845,29.349513548],[-113.366788174,29.30785377],[-113.344966034,29.295746251],[-113.304428815,29.291314219],[-113.294440222,29.281254866],[-113.288362297,29.280755401],[-113.276028821,29.290547378],[-113.274266806,29.284805153],[-113.260538049,29.289661889],[-113.26102778,29.283792978],[-113.255460269,29.282768428],[-113.237466589,29.289066939],[-113.207174092,29.28471052],[-113.183539686,29.289550417],[-113.167590613,29.278893327],[-113.176813415,29.265111787],[-113.178619939,29.247669283],[-113.172806951,29.227011011],[-113.172376632,29.196855874],[-113.167026949,29.191041339],[-113.174023273,29.16605951],[-113.174561049,29.127781037],[-113.153872923,29.09503587],[-113.155915189,29.079169735],[-113.148368893,29.066186414],[-113.124659897,29.061283924],[-113.123504982,29.05637393],[-113.100199144,29.056226326],[-113.115153396,29.028559828],[-113.116149431,28.986985577],[-113.149715589,29.006024373],[-113.154627818,29.015024752],[-113.188588706,29.02836198],[-113.200350655,29.048002689],[-113.24395014,29.067131434],[-113.264021172,29.104552645],[-113.298274435,29.136714143],[-113.300690711,29.145102149],[-113.350606635,29.168582708],[-113.363867572,29.187436046],[-113.40441113,29.209465715],[-113.430312745,29.242956352],[-113.427826509,29.255013504],[-113.434804121,29.259392909],[-113.442824108,29.27567741],[-113.449637424,29.280130731],[-113.473993896,29.277775292],[-113.496920856,29.283793662],[-113.507290031,29.323194573],[-113.52548149,29.334818829],[-113.531408178,29.351820356],[-113.539267082,29.356640732],[-113.545727202,29.371562704],[-113.55613433,29.376949471],[-113.557319799,29.385891214],[-113.569925981,29.400146934],[-113.58821736,29.408923935],[-113.592429426,29.417526004],[-113.588369447,29.427417861],[-113.59443473,29.438449472],[-113.592256159,29.451030155],[-113.58521695,29.464345759],[-113.577886025,29.468204797],[-113.563619587,29.505195122],[-113.572338385,29.522020937],[-113.567996317,29.52860857],[-113.572123275,29.538355396],[-113.558690767,29.546006067],[-113.560353783,29.536185053],[-113.545503379,29.533988882],[-113.524781713,29.543281469],[-113.525998638,29.550793444],[-113.513914671,29.551476994]]],[[[-113.558710839,29.554259316],[-113.557546685,29.548755127],[-113.559026074,29.546099498],[-113.558710839,29.554259316]]],[[[-113.539782704,29.566404769],[-113.534363936,29.562012683],[-113.545301669,29.565413134],[-113.539782704,29.566404769]]],[[[-113.565362286,29.564006147],[-113.559658856,29.560872492],[-113.560506432,29.555312449],[-113.562166938,29.560182472],[-113.56398732,29.552332928],[-113.575704223,29.545988617],[-113.579342712,29.560990827],[-113.565362286,29.564006147]]],[[[-118.261484393,29.18485446],[-118.270552183,29.175037186],[-118.273653679,29.163016079],[-118.282384297,29.157761708],[-118.288195262,29.144426092],[-118.287450491,29.133062976],[-118.282387714,29.108607003],[-118.253536033,29.094654907],[-118.228065249,29.061989985],[-118.221462784,29.010782317],[-118.229681442,28.995425276],[-118.229009434,28.974950583],[-118.22096954,28.962565077],[-118.227949194,28.921766681],[-118.238557397,28.915281942],[-118.248233496,28.890998023],[-118.26094014,28.883476966],[-118.270492365,28.888952711],[-118.295746032,28.879482246],[-118.295654735,28.88531194],[-118.286113768,28.889334012],[-118.282507416,28.896248966],[-118.298414128,28.935748157],[-118.294048621,28.943855311],[-118.298198439,28.951660398],[-118.292944818,28.953017229],[-118.290924528,28.967684244],[-118.313553871,28.980041008],[-118.305319279,28.986559198],[-118.309483761,28.998685161],[-118.304995477,29.004463776],[-118.314102048,29.019552836],[-118.317110878,29.037836449],[-118.326504957,29.049259682],[-118.338845296,29.055157003],[-118.345454541,29.067290366],[-118.364654451,29.077546869],[-118.351189874,29.114610061],[-118.353550632,29.129395336],[-118.365263218,29.14636758],[-118.333957878,29.169446646],[-118.320991719,29.169833876],[-118.31585144,29.175295034],[-118.308084173,29.170671157],[-118.294888627,29.171514432],[-118.288654069,29.180331122],[-118.279705895,29.180671798],[-118.264653103,29.190631226],[-118.261484393,29.18485446]]],[[[-115.499626342,29.614930925],[-115.500290454,29.61452503],[-115.499657397,29.615015741],[-115.499626342,29.614930925]]],[[[-114.3821,29.8226],[-114.378399999,29.8139],[-114.369906999,29.809017201],[-114.369569749,29.806335421],[-114.3807,29.8131],[-114.3923,29.8098],[-114.39198006,29.81863286],[-114.39603877,29.81952569],[-114.3821,29.8226]]],[[[-115.791350895,29.797162112],[-115.788193262,29.793379327],[-115.795096576,29.786562383],[-115.794858514,29.792611518],[-115.791350895,29.797162112]]],[[[-114.417462732,29.988012891],[-114.401958144,29.982755031],[-114.391686237,29.961844786],[-114.409427065,29.955496036],[-114.415318799,29.948657813],[-114.412371744,29.960951168],[-114.423718515,29.966960608],[-114.415626353,29.975139272],[-114.417462732,29.988012891]]],[[[-114.390879103,29.993438631],[-114.387005133,29.992036276],[-114.389573459,29.98868293],[-114.390879103,29.993438631]]],[[[-114.473609909,30.022817],[-114.473295004,30.014212482],[-114.474984261,30.012954591],[-114.479957697,30.020241893],[-114.473609909,30.022817]]],[[[-114.491084847,30.047436599],[-114.491259162,30.053339631],[-114.489240628,30.054718311],[-114.486515544,30.051249149],[-114.491084847,30.047436599]]],[[[-114.550384858,30.093969666],[-114.540131915,30.092251875],[-114.535182009,30.083257835],[-114.553889221,30.089756267],[-114.550384858,30.093969666]]],[[[-114.6255435,30.131177371],[-114.62724715,30.130386166],[-114.626511051,30.131433385],[-114.6255435,30.131177371]]],[[[-116.123386456,30.491455912],[-116.107986066,30.495669929],[-116.101685772,30.483082588],[-116.10986959,30.480312201],[-116.122998604,30.484662551],[-116.123386456,30.491455912]]],[[[-114.746523102,31.801860296],[-114.734435113,31.769754894],[-114.713989913,31.748776518],[-114.668674151,31.718782986],[-114.653467044,31.694862495],[-114.650643582,31.679869365],[-114.668174489,31.676289166],[-114.669537085,31.68290852],[-114.687997228,31.686933303],[-114.696016403,31.699354775],[-114.711638109,31.710322846],[-114.694078431,31.695025777],[-114.68970041,31.681723876],[-114.700185795,31.680267059],[-114.704301769,31.687020135],[-114.717504146,31.681179488],[-114.725270863,31.686359656],[-114.722091352,31.694572018],[-114.740728602,31.695062008],[-114.76385212,31.705671854],[-114.791099774,31.729997139],[-114.800227231,31.763101866],[-114.799936258,31.812644953],[-114.786157994,31.818717148],[-114.769695249,31.816830013],[-114.746523102,31.801860296]]],[[[-116.797053645,31.803136484],[-116.788786173,31.806588037],[-116.7869387,31.790970861],[-116.797053645,31.803136484]]],[[[-116.809284263,31.809894615],[-116.801213245,31.811982519],[-116.801413046,31.8059039],[-116.809284263,31.809894615]]],[[[-117.250773384,32.419683637],[-117.242200755,32.411436256],[-117.239971162,32.391094131],[-117.250773384,32.419683637]]],[[[-117.259607256,32.414713077],[-117.259390664,32.419800243],[-117.257281182,32.418499933],[-117.259607256,32.414713077]]],[[[-117.300040709,32.440336482],[-117.296738682,32.443677131],[-117.294080552,32.43371939],[-117.300040709,32.440336482]]],[[[-117.124498078,32.534255842],[-115.81255957,32.64119348],[-114.71971806,32.71865357],[-114.76464378,32.64316802],[-114.78142554,32.63255712],[-114.78543472,32.62236991],[-114.80221934,32.62528048],[-114.80791706,32.6203536],[-114.80131722,32.58835034],[-114.81225208,32.56223346],[-114.79181345,32.55784629],[-114.80431914,32.54433366],[-114.80321282,32.53000418],[-114.81055751,32.52184789],[-114.80780845,32.51031082],[-114.81593006,32.48297726],[-114.83247237,32.48140488],[-114.84907754,32.47342343],[-114.88387002,32.49227342],[-114.90013257,32.48348018],[-114.93499658,32.48187468],[-114.93935006,32.46840402],[-114.93194048,32.43970074],[-114.94828678,32.41927652],[-114.96145232,32.41170618],[-114.95449597,32.39335409],[-114.96845331,32.39065303],[-114.961880081,32.35474592],[-114.96659248,32.33879352],[-115.03642785,32.27775595],[-115.05302232,32.24517402],[-114.97531825,32.17799548],[-114.98973634,32.14637765],[-114.957005,32.03863618],[-114.96743445,31.99688029],[-114.965484569,31.91842388],[-114.94513448,31.91012097],[-114.93787663,31.8907754],[-114.91361991,31.88134348],[-114.90968712,31.86726042],[-114.89071538,31.87233462],[-114.87161882,31.86448306],[-114.84318574,31.86355382],[-114.82569195,31.82881958],[-114.80687765,31.81668014],[-114.810714478,31.784616023],[-114.819718756,31.767985177],[-114.821694588,31.732889752],[-114.813430006,31.718218709],[-114.818983668,31.71313975],[-114.805696559,31.695997716],[-114.800866254,31.696485505],[-114.805535946,31.693879996],[-114.796836676,31.6883604],[-114.790850324,31.676413934],[-114.785754312,31.647709465],[-114.78878943,31.64251144],[-114.783630546,31.631229289],[-114.792255011,31.621381565],[-114.7916191,31.614598912],[-114.805243894,31.609121393],[-114.811892703,31.613455581],[-114.814141293,31.606495657],[-114.829668763,31.621004123],[-114.835892125,31.61735221],[-114.841638523,31.602789909],[-114.837355493,31.593260167],[-114.84642124,31.595294606],[-114.847491997,31.588691602],[-114.855326789,31.585543314],[-114.852377558,31.578750483],[-114.856365503,31.575851154],[-114.86137637,31.535733858],[-114.868667931,31.527982764],[-114.856146636,31.502584744],[-114.858578524,31.488704843],[-114.852960022,31.486774505],[-114.857752653,31.486636695],[-114.853139473,31.473129684],[-114.860007288,31.436197233],[-114.856706564,31.432572989],[-114.862978823,31.430813378],[-114.855119622,31.429568761],[-114.853910856,31.427236889],[-114.858574599,31.428807334],[-114.856642477,31.424876464],[-114.863466771,31.421897379],[-114.862381737,31.418509026],[-114.870323116,31.421963766],[-114.868110587,31.414049104],[-114.873770006,31.400379117],[-114.86508095,31.400897332],[-114.859417998,31.395602793],[-114.861799838,31.393161466],[-114.856811499,31.394463735],[-114.852775933,31.382692541],[-114.857887015,31.380796111],[-114.861074065,31.364812557],[-114.865704377,31.364347848],[-114.867427702,31.353115702],[-114.870223568,31.354593942],[-114.871814833,31.345822654],[-114.878538262,31.340481922],[-114.882928367,31.311438221],[-114.879572598,31.310765184],[-114.885540524,31.305878247],[-114.879549557,31.297243302],[-114.884232197,31.286753944],[-114.890066953,31.284509637],[-114.889226924,31.272355588],[-114.884365685,31.272430541],[-114.894687787,31.26484244],[-114.886523618,31.260042115],[-114.881426812,31.262754701],[-114.8865605,31.258542757],[-114.881115995,31.239251277],[-114.890937116,31.152820768],[-114.884168145,31.118503587],[-114.870312574,31.093991747],[-114.851216967,31.074813817],[-114.832179451,31.066725682],[-114.823058668,31.054283707],[-114.814173046,31.052173125],[-114.811703166,31.044040127],[-114.824265094,31.039525734],[-114.832644723,31.022339482],[-114.834094408,31.001748479],[-114.828528929,30.996753548],[-114.824635833,30.999106925],[-114.821910459,30.996832309],[-114.829549123,30.994144469],[-114.826351128,30.99149137],[-114.821089426,30.99593079],[-114.823031661,30.98798458],[-114.810609862,30.978674969],[-114.720209469,30.937004277],[-114.709955648,30.906238108],[-114.710853082,30.891137494],[-114.702113912,30.866241626],[-114.709728707,30.845229085],[-114.696956091,30.817251349],[-114.700151028,30.769750718],[-114.693171474,30.744327665],[-114.705363502,30.712293972],[-114.694423071,30.677383909],[-114.698513335,30.632142681],[-114.677849571,30.588706466],[-114.652543159,30.557172219],[-114.648823039,30.527022473],[-114.630315212,30.489422451],[-114.639237001,30.454043752],[-114.630500096,30.419314091],[-114.6367231,30.40454668],[-114.634459043,30.395722449],[-114.643569762,30.377043561],[-114.635304963,30.364174521],[-114.634845727,30.349492057],[-114.636110262,30.344684489],[-114.638313791,30.348760373],[-114.641615294,30.348843654],[-114.639093065,30.339302016],[-114.644300102,30.336923866],[-114.644545452,30.314812736],[-114.65616198,30.284230118],[-114.655062021,30.277285771],[-114.64114108,30.266370156],[-114.639741356,30.258467745],[-114.65200601,30.241649926],[-114.650540429,30.225303171],[-114.66800703,30.200454781],[-114.667722539,30.19141857],[-114.64021228,30.152470831],[-114.633241139,30.12641192],[-114.601826434,30.104924471],[-114.596962815,30.088715583],[-114.583276156,30.071374071],[-114.583398698,30.05239549],[-114.576193214,30.033146404],[-114.565896863,30.026942226],[-114.565099743,30.011127733],[-114.551210472,30.001809288],[-114.538689749,29.983496956],[-114.540650425,29.977357947],[-114.536171089,29.970262989],[-114.487471179,29.948769311],[-114.470885939,29.913531575],[-114.447459838,29.908148417],[-114.436532349,29.910613471],[-114.412984059,29.89068738],[-114.409136475,29.878267827],[-114.413273762,29.848115892],[-114.40157554,29.831341081],[-114.39405664,29.827978513],[-114.403244629,29.827621153],[-114.409658163,29.815965911],[-114.398325392,29.80973578],[-114.399094554,29.803190181],[-114.397409896,29.807463693],[-114.392860366,29.810119171],[-114.396054632,29.794641875],[-114.387720582,29.778646734],[-114.372611004,29.770247237],[-114.361272873,29.772293573],[-114.353527727,29.768498333],[-114.345616019,29.76043196],[-114.342403748,29.746595395],[-114.329863988,29.742693079],[-114.295320014,29.742564489],[-114.281445199,29.759687401],[-114.291049479,29.756661221],[-114.292706548,29.767220045],[-114.284457219,29.765220546],[-114.280258858,29.772506258],[-114.271561468,29.772424124],[-114.262737499,29.762212908],[-114.259422648,29.767118521],[-114.258497705,29.759838159],[-114.243245859,29.76273292],[-114.229762904,29.750783988],[-114.207518599,29.74382413],[-114.199880351,29.727176338],[-114.18137431,29.708080511],[-114.166459037,29.70157417],[-114.15928391,29.69106195],[-114.144324237,29.691303736],[-114.13229963,29.671765029],[-114.110813813,29.65302734],[-114.063973885,29.629498992],[-114.046626568,29.596850883],[-114.031162002,29.594051779],[-114.021013839,29.58081222],[-113.995261236,29.577935783],[-113.980318697,29.566858916],[-113.974276175,29.556300058],[-113.95152472,29.538514539],[-113.943142355,29.524160559],[-113.930512176,29.520057774],[-113.927999465,29.512624338],[-113.896889641,29.484874937],[-113.862170015,29.462183624],[-113.836256372,29.456220333],[-113.83145891,29.449258821],[-113.832093743,29.435195415],[-113.825603763,29.429294947],[-113.805537666,29.426164821],[-113.797590266,29.417931886],[-113.772202143,29.409702187],[-113.761599582,29.391503355],[-113.72599654,29.366845645],[-113.694863403,29.324500453],[-113.637611079,29.283713973],[-113.625278452,29.253285425],[-113.652962875,29.224214324],[-113.656296114,29.20932409],[-113.63919764,29.198065385],[-113.643005968,29.184256183],[-113.635326257,29.173352303],[-113.627154593,29.175394356],[-113.620881739,29.160940519],[-113.609139667,29.163656433],[-113.605106481,29.145860444],[-113.593281749,29.130402275],[-113.571399036,29.116585935],[-113.562946596,29.0859474],[-113.538709894,29.058032149],[-113.538986982,29.039859452],[-113.534471717,29.032349873],[-113.538250301,29.031084],[-113.541126474,29.039300318],[-113.549103023,29.039964664],[-113.560730855,29.023284166],[-113.563052766,29.007342892],[-113.547194848,28.985029497],[-113.541791092,28.955776403],[-113.545353145,28.962511468],[-113.556208246,28.953889967],[-113.557367186,28.946745159],[-113.526081178,28.893074571],[-113.503467034,28.88938129],[-113.479496113,28.894336876],[-113.471479709,28.91422798],[-113.487354148,28.928044598],[-113.486047824,28.932459688],[-113.480265734,28.931817234],[-113.481489966,28.94181097],[-113.474388465,28.943520613],[-113.479956404,28.947803642],[-113.469991221,28.949321738],[-113.457880792,28.943935077],[-113.446837119,28.951195407],[-113.455519177,28.944202766],[-113.447244602,28.939666918],[-113.447888841,28.945622114],[-113.440976507,28.948749916],[-113.438300803,28.959792757],[-113.424127226,28.949119335],[-113.428684132,28.935069094],[-113.414371674,28.92369527],[-113.405039428,28.92630197],[-113.401306053,28.93571601],[-113.385527847,28.939583824],[-113.382674398,28.935655809],[-113.391136475,28.929103607],[-113.393913306,28.915046584],[-113.36781066,28.903874787],[-113.378105636,28.902056165],[-113.380513056,28.893803005],[-113.367715482,28.877249571],[-113.357150675,28.873893579],[-113.366047956,28.87029393],[-113.370308143,28.861246268],[-113.370715625,28.837157735],[-113.364057229,28.822432723],[-113.351434902,28.816852649],[-113.355953499,28.81298769],[-113.353866711,28.805509639],[-113.311996526,28.803441293],[-113.295181034,28.813714378],[-113.294916438,28.818592019],[-113.285631305,28.819905957],[-113.283286227,28.828137703],[-113.268672371,28.831620376],[-113.259807847,28.840732666],[-113.251552307,28.84071827],[-113.24255271,28.834070651],[-113.233951197,28.835756737],[-113.230463501,28.82797578],[-113.220745783,28.824988367],[-113.212263274,28.803091108],[-113.196443348,28.792548351],[-113.198696222,28.779157696],[-113.191939623,28.765028695],[-113.194734585,28.749399792],[-113.189323691,28.730172082],[-113.182136553,28.715199085],[-113.175056229,28.711473563],[-113.176693298,28.704765387],[-113.158825074,28.660073383],[-113.134747727,28.642140677],[-113.128794394,28.632309749],[-113.130169604,28.598015292],[-113.114451265,28.558351565],[-113.113711788,28.52700361],[-113.103808019,28.505371573],[-113.080511136,28.494013814],[-113.075043135,28.485038487],[-113.038668621,28.475062734],[-113.034352874,28.466249805],[-113.015352878,28.457454722],[-112.970972361,28.456811554],[-112.903047196,28.47506547],[-112.884989822,28.46333409],[-112.888172145,28.456711795],[-112.883355877,28.456500856],[-112.88270914,28.450972892],[-112.874228741,28.450119142],[-112.882494648,28.437913785],[-112.868518407,28.432068877],[-112.866724635,28.425287087],[-112.862547491,28.426604118],[-112.866384372,28.432187761],[-112.860694367,28.433907874],[-112.859001404,28.44024493],[-112.84651523,28.440781974],[-112.84417173,28.421970464],[-112.851064997,28.419421874],[-112.859849016,28.403883835],[-112.849309492,28.38209762],[-112.854657569,28.37359514],[-112.852854013,28.36599078],[-112.869495848,28.336764672],[-112.875499704,28.311626143],[-112.868264953,28.299827546],[-112.873187641,28.282548138],[-112.863421351,28.268032722],[-112.84288677,28.253637302],[-112.80139291,28.208354169],[-112.80171033,28.203688522],[-112.786621216,28.196743113],[-112.796046749,28.187683706],[-112.81181138,28.137585786],[-112.812463352,28.116879716],[-112.803037831,28.084522854],[-112.792522539,28.077628113],[-112.788842919,28.067832997],[-112.800471345,28.05239553],[-112.804626122,28.027552529],[-112.790623652,28.006638816],[-112.764778196,28.000000001],[-114.205440447,28.000000026],[-114.136257895,28.085101014],[-114.119705768,28.081457465],[-114.116030096,28.071669849],[-114.115087236,28.048305331],[-114.135417719,28.029520516],[-114.127462218,28.012826007],[-114.123162694,28.015301419],[-114.124900664,28.021141916],[-114.113734805,28.02592963],[-114.119814089,28.036523347],[-114.118508956,28.037271687],[-114.115042081,28.029076526],[-114.112731029,28.025328875],[-114.11173463,28.024799445],[-114.111609708,28.024210529],[-114.110705513,28.02360674],[-114.113531123,28.027723208],[-114.107741667,28.033499528],[-114.093370317,28.036022649],[-114.09463738,28.031421366],[-114.098962051,28.033771084],[-114.09715366,28.031013883],[-114.103560359,28.023581042],[-114.101713304,28.021272965],[-114.107031398,28.022644129],[-114.10139505,28.017534237],[-114.099677954,28.019608707],[-114.102081209,28.024218912],[-114.083697345,28.026439694],[-114.072611705,28.046483518],[-114.061197676,28.046245925],[-114.064827544,28.052332586],[-114.078252463,28.054512172],[-114.091832047,28.064935401],[-114.090083143,28.062148458],[-114.096463073,28.065438063],[-114.092449775,28.057930313],[-114.099196023,28.059149073],[-114.100551843,28.108144018],[-114.109885279,28.119443484],[-114.079344897,28.171567659],[-114.06544825,28.207041556],[-114.0592898,28.20872891],[-114.06376954,28.18499129],[-114.06104617,28.17144042],[-114.066496885,28.155945796],[-114.077036001,28.145702748],[-114.076144581,28.115002317],[-114.06087723,28.08220048],[-114.05880231,28.08596989],[-114.04814208,28.07994643],[-114.04929002,28.08644918],[-114.04040723,28.09072857],[-114.0540258,28.12331646],[-114.05047328,28.14783095],[-114.03917411,28.16151137],[-114.03897103,28.17074006],[-114.04488455,28.175943],[-114.05633938,28.17275563],[-114.05010337,28.19047762],[-114.03684857,28.18079902],[-114.03540297,28.18539246],[-114.0512524,28.20103334],[-114.05236888,28.22394978],[-114.06434466,28.2423732],[-114.05908562,28.24741268],[-114.06477308,28.26044097],[-114.077654178,28.263291467],[-114.079171086,28.271072305],[-114.079266264,28.264154022],[-114.075170052,28.257686084],[-114.079932513,28.256905589],[-114.07643768,28.250921244],[-114.074873184,28.249987306],[-114.073979241,28.249074491],[-114.073962508,28.248408385],[-114.082579366,28.257116468],[-114.081585143,28.251731207],[-114.086562584,28.255082029],[-114.086476923,28.249178587],[-114.092544549,28.250013777],[-114.082015613,28.246430216],[-114.103109237,28.238801961],[-114.11535508,28.24297083],[-114.11684305,28.251750851],[-114.124955219,28.256836151],[-114.08120206,28.344345601],[-114.047353368,28.442626499],[-114.04584479,28.464980345],[-114.06921602,28.48853562],[-114.0693729,28.514427925],[-114.086581162,28.522785187],[-114.096193574,28.545967665],[-114.111019793,28.556058819],[-114.133336256,28.563271717],[-114.149664243,28.559552618],[-114.161260249,28.569122973],[-114.156424292,28.585786176],[-114.156302939,28.619475774],[-114.16394878,28.640554491],[-114.176294254,28.65249491],[-114.224940574,28.66665708],[-114.240168029,28.666254141],[-114.247628735,28.658635322],[-114.245412863,28.652906769],[-114.258981719,28.663960601],[-114.269226726,28.660033667],[-114.270613287,28.690476176],[-114.282825871,28.703937977],[-114.301557254,28.705615426],[-114.30732169,28.72012409],[-114.3159516,28.726911377],[-114.347186791,28.730893484],[-114.343248395,28.753052061],[-114.35170381,28.764985653],[-114.34862042,28.77231208],[-114.35978089,28.779883458],[-114.360744572,28.794463605],[-114.373117947,28.811365628],[-114.378986293,28.813182941],[-114.386204983,28.806565065],[-114.396867943,28.816198908],[-114.398676333,28.833286412],[-114.405380464,28.837209549],[-114.406263839,28.862559731],[-114.417447306,28.879516365],[-114.426516027,28.883927291],[-114.437809544,28.875834149],[-114.449729547,28.906548426],[-114.46123895,28.907349902],[-114.488791723,28.932044175],[-114.525876701,28.931879854],[-114.531008434,28.917754562],[-114.545566274,28.93427397],[-114.548671471,28.955549326],[-114.562516959,28.97036147],[-114.576472812,28.975115264],[-114.584640312,28.969835835],[-114.581413954,28.965271926],[-114.592105871,28.969761476],[-114.601388743,28.986274936],[-114.599366202,29.000194783],[-114.604696194,29.001476717],[-114.600841467,29.011202764],[-114.60687763,29.020119097],[-114.608622305,29.057379774],[-114.612558463,29.063783093],[-114.618506478,29.063180716],[-114.627281817,29.090225446],[-114.63610711,29.097960551],[-114.652118149,29.096651702],[-114.67584106,29.113202959],[-114.683332182,29.108966716],[-114.696400003,29.110403779],[-114.702646657,29.101152305],[-114.7104299,29.111432896],[-114.716066249,29.110061731],[-114.725352462,29.135834458],[-114.736761611,29.138772902],[-114.735607162,29.161589018],[-114.744408603,29.182397346],[-114.751886059,29.184943369],[-114.754348801,29.181656738],[-114.76850362,29.196445089],[-114.785832045,29.197031031],[-114.797158279,29.211001441],[-114.80518896,29.209002694],[-114.81264441,29.21355034],[-114.823040866,29.235673478],[-114.83156826,29.241363364],[-114.837535252,29.236864596],[-114.863520706,29.275669633],[-114.911596677,29.314620591],[-114.96734328,29.375140555],[-114.982440496,29.382300165],[-115.011956423,29.385348222],[-115.073203749,29.416450751],[-115.106904056,29.42144524],[-115.130166576,29.417995462],[-115.140157339,29.422647308],[-115.153841618,29.420660458],[-115.179200724,29.431484032],[-115.189494074,29.428080878],[-115.211293889,29.472355681],[-115.229422692,29.486420037],[-115.238225738,29.502933136],[-115.25326686,29.516234138],[-115.277231807,29.525183695],[-115.298681546,29.540707205],[-115.316213327,29.542904731],[-115.341156026,29.555964997],[-115.378555205,29.558124358],[-115.393828371,29.574664587],[-115.407697654,29.577945268],[-115.414856857,29.592448083],[-115.457948839,29.625122787],[-115.47838015,29.62682428],[-115.493092509,29.616800261],[-115.506086507,29.617065641],[-115.563726596,29.663683992],[-115.586146717,29.692990553],[-115.602194082,29.697974387],[-115.619266512,29.695003895],[-115.678727142,29.743948536],[-115.699330628,29.754831034],[-115.686477791,29.807524501],[-115.684765489,29.833776851],[-115.701890878,29.899990496],[-115.742880068,29.947903917],[-115.788347232,29.95942386],[-115.80375978,29.958261172],[-115.811491231,29.947851867],[-115.813492358,29.949931515],[-115.796508767,30.009561443],[-115.781312269,30.090854798],[-115.790148378,30.110991221],[-115.788094923,30.116882115],[-115.802292357,30.133991177],[-115.794879609,30.195073005],[-115.795270435,30.238689715],[-115.802488994,30.278195414],[-115.811742921,30.300354015],[-115.848883208,30.356477639],[-115.906453553,30.395924165],[-115.943597373,30.403736179],[-115.969468379,30.39804346],[-115.987331098,30.388157564],[-115.971608049,30.41058634],[-115.96822418,30.40626985],[-115.96403285,30.41090968],[-115.937181761,30.411016746],[-115.943292255,30.419640593],[-115.944025778,30.434010066],[-115.939827951,30.43338582],[-115.945154956,30.436418747],[-115.944429221,30.437007664],[-115.941261563,30.436219467],[-115.940898695,30.436499054],[-115.943762377,30.438805346],[-115.938646162,30.442723322],[-115.94383181,30.446445173],[-115.933665622,30.458092296],[-115.95071684,30.462572821],[-115.968207755,30.486165032],[-115.977956406,30.484799221],[-115.982215642,30.494222482],[-115.977047452,30.498694679],[-115.992806623,30.49893203],[-115.989163668,30.511428959],[-115.998362664,30.504364339],[-115.999582733,30.497478612],[-115.980956313,30.482273856],[-115.97831511,30.484172666],[-115.979802273,30.478247808],[-115.974948173,30.476763024],[-115.974615048,30.476503663],[-115.974198643,30.475977802],[-115.97407967,30.4757232],[-115.977606626,30.469317988],[-115.969007254,30.469239466],[-115.963034807,30.46321943],[-115.957323186,30.438136844],[-115.965004593,30.436006762],[-115.971260196,30.4269196],[-115.978243914,30.427250346],[-115.993164323,30.440775202],[-115.995308219,30.451309076],[-116.00333652,30.454208449],[-116.01494829,30.450118156],[-116.021506504,30.455924333],[-116.027284317,30.454185179],[-116.01453826,30.441483181],[-116.013729415,30.428658442],[-115.994717662,30.406641662],[-115.996238404,30.386839764],[-115.979034983,30.364439547],[-115.98452485,30.356914426],[-116.000316821,30.359452732],[-116.007531799,30.365465642],[-116.005164359,30.385751691],[-116.011960695,30.416931553],[-116.020095551,30.432381214],[-116.032108781,30.436895231],[-116.035948041,30.45800343],[-116.048059497,30.470381386],[-116.048404803,30.492687999],[-116.032200572,30.574319429],[-116.028117417,30.665421853],[-116.032545594,30.697404188],[-116.046816411,30.718882393],[-116.049530781,30.76691687],[-116.05677743,30.7935011],[-116.074737601,30.816836474],[-116.102191925,30.821278387],[-116.14846851,30.85914103],[-116.16088912,30.86356497],[-116.174685774,30.861802988],[-116.200644399,30.882373771],[-116.21535414,30.914014141],[-116.23293362,30.931453451],[-116.245458079,30.933428571],[-116.26964853,30.966830115],[-116.284474952,30.969526044],[-116.318258539,30.955739447],[-116.330555594,30.959291983],[-116.338525015,30.972280592],[-116.338704426,30.985346688],[-116.31319249,31.095729422],[-116.309503074,31.152382069],[-116.335158174,31.190325141],[-116.339932648,31.207672728],[-116.352537401,31.213783001],[-116.352900101,31.225201628],[-116.363511367,31.247044069],[-116.38416139,31.266439005],[-116.392377085,31.283556422],[-116.41647057,31.292811121],[-116.417270294,31.302785094],[-116.43297422,31.311992183],[-116.440193268,31.325029964],[-116.445509935,31.323389087],[-116.450706024,31.331374499],[-116.455495403,31.32873996],[-116.455708603,31.346700132],[-116.46662557,31.349846731],[-116.468617192,31.360241698],[-116.487486318,31.369328383],[-116.486759949,31.379984151],[-116.502007569,31.40584091],[-116.50063405,31.410756821],[-116.512919648,31.414565819],[-116.521741142,31.434486072],[-116.547286423,31.44601147],[-116.570980681,31.464874036],[-116.602459539,31.463284712],[-116.608665533,31.497226647],[-116.634166829,31.517175357],[-116.648459379,31.5160638],[-116.646680669,31.519344189],[-116.660199909,31.52886129],[-116.669166316,31.552631886],[-116.691107408,31.55326468],[-116.68792249,31.559101451],[-116.6920804,31.571367801],[-116.651569737,31.582409009],[-116.654610241,31.593947438],[-116.663948109,31.60008388],[-116.66761885,31.617854681],[-116.65422258,31.642327491],[-116.64993102,31.664539401],[-116.679887509,31.69656071],[-116.677675337,31.699699631],[-116.691674599,31.703870651],[-116.688424106,31.706833215],[-116.696465051,31.716048979],[-116.706100408,31.711579526],[-116.713980649,31.713860521],[-116.714886905,31.724996507],[-116.724308747,31.722607696],[-116.726642998,31.733814958],[-116.7342889,31.734218608],[-116.73659043,31.741376474],[-116.744002451,31.743896324],[-116.741606334,31.749878288],[-116.727513262,31.749115433],[-116.682116811,31.729074667],[-116.672197433,31.71895006],[-116.66191937,31.719131751],[-116.643354816,31.734310333],[-116.625582949,31.77231958],[-116.618982355,31.775502804],[-116.63594638,31.73322625],[-116.65280888,31.72027028],[-116.64746782,31.70933075],[-116.641283465,31.709410351],[-116.64766306,31.716242681],[-116.632364217,31.732994793],[-116.628095464,31.732612175],[-116.620044951,31.763388522],[-116.60997174,31.770919516],[-116.619840299,31.779971544],[-116.61008022,31.81412529],[-116.612120846,31.839591233],[-116.617691708,31.844943327],[-116.621281839,31.84108289],[-116.621015339,31.846040497],[-116.616102942,31.845933421],[-116.617838521,31.852887872],[-116.620991709,31.856252758],[-116.624301613,31.852552368],[-116.621798418,31.857571541],[-116.626413851,31.860158287],[-116.63352012,31.855044853],[-116.628804981,31.851506119],[-116.625266246,31.843985118],[-116.625930592,31.840326459],[-116.639986544,31.860155935],[-116.662558467,31.864278888],[-116.659984962,31.860441233],[-116.668916808,31.861425014],[-116.699369086,31.894775725],[-116.705824088,31.893881761],[-116.702504951,31.890625008],[-116.720633748,31.902355834],[-116.746386765,31.902128294],[-116.756287226,31.9136525],[-116.756458547,31.944610239],[-116.769713361,31.971652522],[-116.799482381,31.982069484],[-116.824219258,31.97713353],[-116.841323421,31.986417523],[-116.851169681,31.985428714],[-116.880951491,32.018684856],[-116.887603039,32.04890728],[-116.883066047,32.050294174],[-116.884870029,32.054359939],[-116.882110139,32.053287062],[-116.878914364,32.054167937],[-116.877766512,32.055982038],[-116.879155189,32.054567008],[-116.885282549,32.055375334],[-116.881221489,32.06777655],[-116.886615569,32.086184971],[-116.887571161,32.12915423],[-116.900593485,32.161750213],[-116.907789156,32.165051711],[-116.907272813,32.176144758],[-116.922272841,32.225897738],[-116.935428881,32.241795096],[-116.957092089,32.251886985],[-117.010863743,32.268637201],[-117.024445588,32.26870674],[-117.03926068,32.28564108],[-117.051277741,32.322917902],[-117.057469683,32.334088274],[-117.059565,32.331749681],[-117.058873731,32.337407594],[-117.071326639,32.364826123],[-117.075884498,32.36833107],[-117.07112855,32.369392904],[-117.071285594,32.370017512],[-117.076212863,32.368781977],[-117.075405036,32.367241276],[-117.076679238,32.367928346],[-117.075471661,32.372729503],[-117.090986937,32.397792961],[-117.102122681,32.437571252],[-117.113292923,32.450512767],[-117.124505072,32.485378892],[-117.124498078,32.534255842]]]]}},{"type":"Feature","properties":{"state":"Baja California Sur","official_state_name":"Baja California Sur","state_code_inegi":"03","postal_range":"23","postal_codes":["23"],"question_count":1,"question_01":"23"},"geometry":{"type":"MultiPolygon","coordinates":[[[[-109.894246143,22.874940232],[-109.894681817,22.875314423],[-109.89419213,22.875463559],[-109.894246143,22.874940232]]],[[[-109.89334559,22.876337993],[-109.892950783,22.875902365],[-109.893306924,22.875727426],[-109.89334559,22.876337993]]],[[[-110.149130284,24.252548155],[-110.148552745,24.251913542],[-110.149605331,24.2519519],[-110.149130284,24.252548155]]],[[[-110.339610271,24.28907967],[-110.337269035,24.288373086],[-110.341511748,24.28590277],[-110.339610271,24.28907967]]],[[[-109.800422929,24.151907934],[-109.802497384,24.13671132],[-109.818039777,24.142823459],[-109.863662351,24.147451825],[-109.873630133,24.152981305],[-109.871866496,24.159549193],[-109.893177942,24.186832546],[-109.921955053,24.260361496],[-109.918292762,24.290932008],[-109.939471095,24.324976417],[-109.934250286,24.375929976],[-109.922377107,24.365521566],[-109.918326765,24.350998348],[-109.889809719,24.312831524],[-109.882187644,24.292096587],[-109.857546842,24.258315743],[-109.842487241,24.227238719],[-109.819737838,24.204805713],[-109.800422929,24.151907934]]],[[[-111.614695997,24.377311487],[-111.586746848,24.377503034],[-111.579741851,24.372578384],[-111.569057935,24.376320442],[-111.556299265,24.36736772],[-111.531938479,24.36641558],[-111.437937106,24.325491234],[-111.443819134,24.324120665],[-111.523768362,24.356168806],[-111.578590398,24.367602423],[-111.606216686,24.366983456],[-111.663281768,24.353391793],[-111.670102936,24.359406043],[-111.654944716,24.375409943],[-111.644685534,24.365685441],[-111.614695997,24.377311487]]],[[[-110.382949047,24.457610626],[-110.384677677,24.456814461],[-110.384882496,24.457120129],[-110.382949047,24.457610626]]],[[[-110.386638876,24.466463957],[-110.382086434,24.466376247],[-110.388512039,24.465469009],[-110.386638876,24.466463957]]],[[[-110.399095996,24.486314468],[-110.401791492,24.481671507],[-110.408471868,24.479887089],[-110.4092122,24.482078681],[-110.399095996,24.486314468]]],[[[-110.361830661,24.533477827],[-110.335749604,24.523529517],[-110.321364065,24.502330529],[-110.305500071,24.503551515],[-110.302236383,24.494809976],[-110.306474508,24.48719016],[-110.289112306,24.472853311],[-110.293782454,24.458708164],[-110.309553595,24.454633626],[-110.313384184,24.440216354],[-110.308046813,24.425257891],[-110.318349257,24.420623358],[-110.327637967,24.402443826],[-110.338985875,24.404986581],[-110.348121348,24.401287031],[-110.351583432,24.405399882],[-110.344889035,24.414735125],[-110.3493627,24.418131914],[-110.354646367,24.415047481],[-110.34694397,24.43077227],[-110.349630033,24.43335599],[-110.362695588,24.437049448],[-110.370483725,24.428940842],[-110.372720229,24.435648548],[-110.372053371,24.440208428],[-110.366544475,24.443217442],[-110.376155653,24.441088237],[-110.371513395,24.446114449],[-110.378596943,24.448973347],[-110.354508156,24.456508297],[-110.371185636,24.457422009],[-110.356396882,24.469022326],[-110.376516979,24.467505808],[-110.363478573,24.481510847],[-110.386494601,24.474690112],[-110.389289681,24.481704195],[-110.382875512,24.48869382],[-110.390859404,24.490494286],[-110.384947509,24.494243092],[-110.393254694,24.497330751],[-110.380401946,24.50713909],[-110.397291108,24.509836771],[-110.387624487,24.516125055],[-110.399444728,24.518538599],[-110.382519206,24.52224823],[-110.361830661,24.533477827]]],[[[-110.398168055,24.591444977],[-110.38123167,24.583771622],[-110.379792262,24.570108241],[-110.361305191,24.554016259],[-110.360778984,24.542995215],[-110.367936324,24.530741227],[-110.378046997,24.540094512],[-110.384521129,24.531406256],[-110.393338697,24.532832059],[-110.38904352,24.538988338],[-110.399064955,24.536348448],[-110.374919301,24.55158692],[-110.383122924,24.557012328],[-110.406594908,24.544814603],[-110.409866847,24.547590631],[-110.404057787,24.552304822],[-110.411481423,24.553850762],[-110.396917328,24.557091422],[-110.392361457,24.563296169],[-110.402622792,24.561469318],[-110.400998943,24.565578025],[-110.405758966,24.568857082],[-110.414175451,24.564626993],[-110.414489444,24.568328018],[-110.395991541,24.580790014],[-110.401878263,24.585584158],[-110.398168055,24.591444977]]],[[[-110.404398068,24.597799023],[-110.401233791,24.599112234],[-110.399529832,24.598809027],[-110.404398068,24.597799023]]],[[[-111.9915201,24.525538863],[-111.966251962,24.518051802],[-111.898066128,24.515960256],[-111.868556052,24.521249798],[-111.849904099,24.508520957],[-111.841936748,24.513458697],[-111.839352379,24.509795159],[-111.849762521,24.508012943],[-111.836695711,24.496095412],[-111.828759293,24.479622761],[-111.821297029,24.478839561],[-111.819081751,24.467196858],[-111.797364308,24.461489442],[-111.780747444,24.462549771],[-111.749980098,24.442003483],[-111.749517019,24.434275825],[-111.740129129,24.425528095],[-111.741828065,24.417404615],[-111.703509225,24.376673002],[-111.709034333,24.381741254],[-111.700868023,24.367978451],[-111.701363866,24.364860999],[-111.702388224,24.364169766],[-111.704178769,24.368916791],[-111.705899119,24.360475653],[-111.702998751,24.356418236],[-111.696604944,24.370594311],[-111.68810194,24.378972393],[-111.693747406,24.378423492],[-111.684438955,24.379717919],[-111.700067255,24.358988054],[-111.694764431,24.346076344],[-111.702979715,24.324761887],[-111.710097108,24.319436781],[-111.710329675,24.30481887],[-111.7253,24.3279],[-111.74579982,24.34825506],[-111.867147412,24.434083003],[-111.909129035,24.457156636],[-111.918480317,24.467685751],[-111.927127126,24.468907691],[-111.950504141,24.489961162],[-112.004845082,24.511231164],[-112.006319158,24.515553454],[-111.9915201,24.525538863]]],[[[-110.566259504,24.840077343],[-110.568603702,24.828979833],[-110.560290754,24.822480002],[-110.565230471,24.814216183],[-110.567638159,24.822731914],[-110.576942642,24.82030179],[-110.586931462,24.828204469],[-110.581069675,24.838346844],[-110.570270877,24.843611968],[-110.566259504,24.840077343]]],[[[-110.605263073,24.843278687],[-110.605416287,24.843323905],[-110.605220008,24.843495198],[-110.605263073,24.843278687]]],[[[-110.581209665,24.85312212],[-110.580002492,24.852986892],[-110.580644403,24.852188794],[-110.581209665,24.85312212]]],[[[-110.60321894,24.875106726],[-110.603843933,24.874391497],[-110.603617868,24.877179178],[-110.60321894,24.875106726]]],[[[-110.510960148,25.114985339],[-110.509529611,25.111295678],[-110.511432582,25.111512949],[-110.510960148,25.114985339]]],[[[-110.706821219,25.105016395],[-110.694258729,25.09312481],[-110.68900905,25.071996991],[-110.669135792,25.052494929],[-110.603234002,25.039598835],[-110.589244275,25.031183604],[-110.588593178,25.023184123],[-110.575227746,25.016098088],[-110.575491961,25.005026228],[-110.566136317,24.988250433],[-110.570340111,24.954138004],[-110.547118466,24.908292088],[-110.525593395,24.882973798],[-110.53069258,24.877332572],[-110.567875227,24.873096418],[-110.578773313,24.864628475],[-110.589824863,24.864991676],[-110.573452386,24.87855163],[-110.574496871,24.888340336],[-110.617556787,24.915150912],[-110.641641691,24.914335947],[-110.635208818,24.928834003],[-110.642804058,24.94107395],[-110.655580276,24.948311973],[-110.659499248,24.972047097],[-110.673069315,24.990364188],[-110.67823215,25.01714978],[-110.713667083,25.031597867],[-110.717503667,25.054361873],[-110.71268288,25.065231251],[-110.710915082,25.100879702],[-110.706821219,25.105016395]]],[[[-110.861942481,25.129402911],[-110.860290107,25.128726291],[-110.861215052,25.128029596],[-110.861942481,25.129402911]]],[[[-110.697465871,25.205559906],[-110.69549071,25.19934372],[-110.704680823,25.194080987],[-110.697465871,25.205559906]]],[[[-110.916011922,25.209881938],[-110.916573362,25.209162454],[-110.917126741,25.209941195],[-110.916011922,25.209881938]]],[[[-110.922537791,25.247618692],[-110.920829704,25.246625952],[-110.922901643,25.246753277],[-110.922537791,25.247618692]]],[[[-110.689253619,25.31155735],[-110.703365457,25.290392808],[-110.710841115,25.267414349],[-110.71964543,25.260729678],[-110.730184258,25.261808909],[-110.735652003,25.282372054],[-110.731546649,25.291958575],[-110.716155481,25.304479734],[-110.698947207,25.305001042],[-110.689253619,25.31155735]]],[[[-115.766103709,24.958482936],[-115.76560833,24.958534883],[-115.765910847,24.958272654],[-115.766103709,24.958482936]]],[[[-115.764633686,24.958914387],[-115.764315506,24.958995282],[-115.764392098,24.958836595],[-115.764633686,24.958914387]]],[[[-115.765002566,24.961015468],[-115.764765761,24.960959068],[-115.764938491,24.960934864],[-115.765002566,24.961015468]]],[[[-110.954595612,25.328530929],[-110.953454152,25.32941208],[-110.952894301,25.328586302],[-110.954595612,25.328530929]]],[[[-112.154404094,25.143675795],[-112.167331494,25.086802642],[-112.162447176,25.06514141],[-112.17162399,25.066355677],[-112.171823641,25.063391035],[-112.165769939,25.063778574],[-112.163167345,25.057668235],[-112.171716685,25.041092568],[-112.179250871,25.040096535],[-112.162147699,25.020030616],[-112.16420078,25.004142879],[-112.156029823,24.989193537],[-112.165014117,24.988631264],[-112.153709475,24.971232371],[-112.178965323,24.968721143],[-112.189704881,24.958653092],[-112.185199662,24.931186668],[-112.166518035,24.91171725],[-112.17279278,24.897769374],[-112.178170284,24.897990353],[-112.173975237,24.892880777],[-112.176601598,24.887194238],[-112.188426164,24.893188004],[-112.193815552,24.908925645],[-112.187695299,24.911992096],[-112.188162081,24.908836371],[-112.180247346,24.905783854],[-112.185210098,24.90972883],[-112.176289978,24.911429657],[-112.180553953,24.914611371],[-112.17759484,24.921394871],[-112.187349216,24.923147269],[-112.190664848,24.916680733],[-112.196534055,24.917005693],[-112.191416259,24.888536411],[-112.181266992,24.883133375],[-112.178224528,24.870183628],[-112.191987633,24.866302802],[-112.193776173,24.861682526],[-112.195499351,24.868248981],[-112.206567836,24.869201321],[-112.202964276,24.862330022],[-112.218852572,24.851922771],[-112.220860966,24.85263448],[-112.218929818,24.855599888],[-112.219850827,24.855357266],[-112.219553727,24.856759073],[-112.221306615,24.857670239],[-112.222891939,24.847897227],[-112.230776964,24.848107512],[-112.232102029,24.842985089],[-112.224603233,24.846975205],[-112.214906495,24.844171892],[-112.208758069,24.825379388],[-112.222864606,24.828750109],[-112.218687385,24.820741607],[-112.210148741,24.822947367],[-112.209649613,24.817559634],[-112.188974831,24.80834981],[-112.198239798,24.80647063],[-112.194251532,24.801542824],[-112.188409364,24.806125431],[-112.178360265,24.797663441],[-112.184677793,24.800891234],[-112.187510935,24.796705443],[-112.172200795,24.793735388],[-112.179181449,24.791547449],[-112.16536988,24.776250216],[-112.174179166,24.772712667],[-112.171537669,24.765845984],[-112.134725898,24.735849789],[-112.13065702,24.708531197],[-112.124297701,24.705421786],[-112.115981485,24.689074889],[-112.143779053,24.650194904],[-112.139078527,24.634707824],[-112.103617121,24.616287007],[-112.079264457,24.585470367],[-112.072125297,24.585499217],[-112.073320087,24.575009138],[-112.057611239,24.55548764],[-112.057339096,24.539580909],[-112.076491328,24.542525671],[-112.101942074,24.558515258],[-112.100962833,24.573997011],[-112.114860416,24.599928268],[-112.13198712,24.617430243],[-112.146307372,24.620569077],[-112.15931285,24.639666306],[-112.157906588,24.644399054],[-112.174574713,24.652615333],[-112.166822429,24.670796794],[-112.160883294,24.672995416],[-112.147272182,24.667804027],[-112.136873938,24.68730371],[-112.13959842,24.722412657],[-112.153339808,24.744815282],[-112.188722393,24.773630555],[-112.226187006,24.788680646],[-112.262454751,24.786540321],[-112.258049476,24.755951557],[-112.260033947,24.749964833],[-112.270146656,24.758564205],[-112.274886543,24.774662448],[-112.30496055,24.793996759],[-112.301452035,24.808423431],[-112.28968798,24.811835578],[-112.279256423,24.83308238],[-112.216795571,24.988223238],[-112.158910049,25.170867349],[-112.139220009,25.25483258],[-112.127441677,25.264737086],[-112.12336685,25.255159755],[-112.122780806,25.214973511],[-112.154404094,25.143675795]]],[[[-112.107041368,25.484402581],[-112.097176122,25.487500639],[-112.100598273,25.446241074],[-112.096498298,25.426542517],[-112.1100401,25.370444905],[-112.103604921,25.368909383],[-112.104413033,25.365306734],[-112.106926496,25.367534912],[-112.103379126,25.360264993],[-112.108204024,25.357344015],[-112.10339101,25.332088582],[-112.117853821,25.307859249],[-112.12036397,25.285511763],[-112.133736541,25.286415959],[-112.139042739,25.301073438],[-112.11639265,25.36499171],[-112.104228845,25.442928575],[-112.107041368,25.484402581]]],[[[-112.120118427,25.495226216],[-112.119546524,25.494951567],[-112.119899502,25.494651093],[-112.120118427,25.495226216]]],[[[-112.120326538,25.496434502],[-112.120401268,25.495639855],[-112.120734707,25.496183235],[-112.120326538,25.496434502]]],[[[-111.132551423,25.587835422],[-111.129342696,25.586631555],[-111.130085049,25.584313745],[-111.132551423,25.587835422]]],[[[-111.144324163,25.585481696],[-111.148547633,25.583176692],[-111.15301736,25.582870552],[-111.151904662,25.588437937],[-111.144324163,25.585481696]]],[[[-110.772914826,25.712335123],[-110.769649084,25.695309633],[-110.763060311,25.690560318],[-110.76946363,25.677648474],[-110.757383118,25.629717903],[-110.7551414,25.601189079],[-110.758729737,25.593655548],[-110.774991638,25.604634752],[-110.780067245,25.601309598],[-110.786283882,25.606059706],[-110.804950416,25.647252537],[-110.798908321,25.684744695],[-110.780641079,25.712229963],[-110.772914826,25.712335123]]],[[[-111.034965604,25.714291086],[-111.031833731,25.702505267],[-111.017278683,25.693616222],[-111.013309878,25.67875369],[-111.013552036,25.669458572],[-111.029796457,25.649778014],[-111.046914637,25.664368783],[-111.04547465,25.675591555],[-111.059635518,25.707269281],[-111.044059545,25.707110557],[-111.041865061,25.712843665],[-111.034965604,25.714291086]]],[[[-112.09272155,25.66793672],[-112.08088508,25.66989171],[-112.08797812,25.66226368],[-112.08351086,25.64878574],[-112.08909266,25.64354182],[-112.08647969,25.65058632],[-112.09272155,25.66793672]]],[[[-111.223959565,25.731497329],[-111.225677471,25.730343891],[-111.224953709,25.732261706],[-111.223959565,25.731497329]]],[[[-111.042644815,25.740282937],[-111.044468768,25.739424375],[-111.043851475,25.74318098],[-111.042644815,25.740282937]]],[[[-111.048608371,25.742477233],[-111.049874159,25.741782718],[-111.049948459,25.742975006],[-111.048608371,25.742477233]]],[[[-112.092989659,25.684625118],[-112.096249273,25.666283251],[-112.090949015,25.658947846],[-112.09181022,25.653644061],[-112.095355597,25.65829655],[-112.095498205,25.634770382],[-112.088904969,25.608470438],[-112.095983021,25.493573435],[-112.10287025,25.5163276],[-112.097610572,25.592235406],[-112.098129295,25.68046582],[-112.092989659,25.684625118]]],[[[-111.228176713,25.744397966],[-111.22613109,25.743447288],[-111.227103646,25.743216212],[-111.228176713,25.744397966]]],[[[-111.275383853,25.757887799],[-111.273959355,25.757105533],[-111.275846483,25.755343608],[-111.275383853,25.757887799]]],[[[-111.281223491,25.768416127],[-111.281421972,25.767185589],[-111.281645869,25.768125841],[-111.281223491,25.768416127]]],[[[-111.2601012,25.811688862],[-111.255095257,25.811980081],[-111.25045534,25.797933687],[-111.247268984,25.798801957],[-111.248368148,25.788594046],[-111.243330637,25.789124661],[-111.248718268,25.777394559],[-111.242475004,25.770947682],[-111.245252354,25.764686579],[-111.259261059,25.783094814],[-111.255551712,25.802314623],[-111.2601012,25.811688862]]],[[[-111.316368657,25.842362099],[-111.316719575,25.84023001],[-111.317456277,25.839974316],[-111.316368657,25.842362099]]],[[[-111.180720288,26.044842285],[-111.178570605,26.045748279],[-111.177854899,26.043903463],[-111.180720288,26.044842285]]],[[[-111.059631791,26.073024607],[-111.077035021,26.043096788],[-111.084171024,26.016242191],[-111.080060505,25.997997673],[-111.069080482,25.997101806],[-111.072305842,25.984039755],[-111.064859258,25.981270748],[-111.066789595,25.965935122],[-111.09403942,25.98527443],[-111.10114734,25.99765998],[-111.119960823,25.993894183],[-111.122073086,25.978812036],[-111.13234403,25.961412228],[-111.17966913,25.905234343],[-111.178283094,25.89597824],[-111.18493916,25.882411862],[-111.181596681,25.866500317],[-111.203786167,25.84791054],[-111.201097376,25.810151468],[-111.204527369,25.806196804],[-111.211105012,25.815641803],[-111.228933124,25.822500599],[-111.233286348,25.848148809],[-111.224352662,25.86496327],[-111.21455409,25.86979835],[-111.219790045,25.884308288],[-111.21257433,25.896247234],[-111.212604073,25.909649548],[-111.207083723,25.914247856],[-111.209296622,25.92972625],[-111.199927494,25.941189304],[-111.197774082,25.955757554],[-111.170622589,25.981416475],[-111.16790229,25.98934542],[-111.172604733,26.004153316],[-111.168892774,26.01636709],[-111.16261255,26.0192728],[-111.168700038,26.020685811],[-111.17543858,26.04172734],[-111.135004491,26.05190315],[-111.128478819,26.067511225],[-111.121602176,26.05962926],[-111.105969118,26.056654934],[-111.103815705,26.051545041],[-111.092680225,26.058406924],[-111.086402017,26.059763216],[-111.08603558,26.055944182],[-111.077440967,26.059777493],[-111.072457185,26.067599733],[-111.068173344,26.065260162],[-111.059631791,26.073024607]]],[[[-111.305622692,26.106298878],[-111.303673795,26.104803455],[-111.306379029,26.104844804],[-111.305622692,26.106298878]]],[[[-111.265547799,26.137300856],[-111.259986312,26.126111687],[-111.264995615,26.116299397],[-111.263256108,26.106142439],[-111.279548717,26.106487792],[-111.29041147,26.100888431],[-111.29711905,26.098575572],[-111.279716564,26.111270093],[-111.288374541,26.120341594],[-111.279128014,26.135352185],[-111.265547799,26.137300856]]],[[[-111.43600108,26.641628699],[-111.428238473,26.6369239],[-111.42509423,26.624511009],[-111.430439339,26.62413821],[-111.43600108,26.641628699]]],[[[-113.237748973,26.733010975],[-113.196971758,26.723469809],[-113.195924795,26.718901244],[-113.175770762,26.71882986],[-113.16045893,26.698092857],[-113.162405774,26.694933479],[-113.154546415,26.693448695],[-113.15505324,26.68508251],[-113.149121245,26.682905303],[-113.135551124,26.658176927],[-113.144236157,26.657582062],[-113.1903977,26.685302782],[-113.240128434,26.697140602],[-113.261484098,26.708859446],[-113.262911773,26.714927072],[-113.237748973,26.733010975]]],[[[-113.23637842,26.77203589],[-113.195547219,26.74972926],[-113.190441149,26.74451772],[-113.19250486,26.73880397],[-113.197221939,26.74279352],[-113.209161489,26.73683146],[-113.207418969,26.74351946],[-113.209832149,26.73714228],[-113.215065599,26.738626291],[-113.21466271,26.74758742],[-113.22081034,26.75185425],[-113.223544549,26.758160081],[-113.21847337,26.755218681],[-113.21906395,26.759655601],[-113.22701606,26.764580551],[-113.22375697,26.75723612],[-113.23637842,26.77203589]]],[[[-111.915287421,26.878180344],[-111.913660873,26.878301737],[-111.91539609,26.87758498],[-111.915287421,26.878180344]]],[[[-113.15711749,26.91664865],[-113.149258859,26.904477081],[-113.149744889,26.89480103],[-113.154693079,26.89103546],[-113.151864719,26.898715831],[-113.162504679,26.903456751],[-113.15711749,26.91664865]]],[[[-113.162047429,26.931895251],[-113.16202557,26.925330431],[-113.160000999,26.919747971],[-113.167831619,26.92785237],[-113.162047429,26.931895251]]],[[[-111.908612541,27.040969948],[-111.915888289,27.033948434],[-111.908841962,27.0428525],[-111.908612541,27.040969948]]],[[[-111.909246145,27.058955151],[-111.909760022,27.059744426],[-111.909237803,27.059926103],[-111.909246145,27.058955151]]],[[[-112.069135056,27.165378346],[-112.067787863,27.1648553],[-112.06771067,27.164078302],[-112.069135056,27.165378346]]],[[[-112.08821302,27.258863924],[-112.063935697,27.234681462],[-112.046623511,27.224561911],[-112.050611488,27.217233171],[-112.043374067,27.208352679],[-112.059381461,27.179652542],[-112.06541268,27.183629282],[-112.075615824,27.177616122],[-112.084831124,27.185746624],[-112.088417052,27.215950232],[-112.096945041,27.230407837],[-112.10843249,27.238582439],[-112.08821302,27.258863924]]],[[[-114.293277572,27.110556846],[-114.28900846,27.101308343],[-114.289910809,27.098510009],[-114.295315015,27.101498617],[-114.293277572,27.110556846]]],[[[-114.293579712,27.112225803],[-114.293224285,27.112974654],[-114.293060213,27.112525496],[-114.293579712,27.112225803]]],[[[-114.375556192,27.150733826],[-114.372086863,27.145358076],[-114.384753145,27.145954344],[-114.375556192,27.150733826]]],[[[-111.885966207,27.455697141],[-111.869121193,27.454512915],[-111.855880578,27.44074116],[-111.857460874,27.433321336],[-111.883003447,27.427367372],[-111.895349505,27.430644993],[-111.901807214,27.438141055],[-111.901301636,27.449301422],[-111.885966207,27.455697141]]],[[[-114.710963944,27.513629617],[-114.710399437,27.51397249],[-114.71021857,27.51383534],[-114.710963944,27.513629617]]],[[[-114.709972548,27.514933419],[-114.709529407,27.514643397],[-114.709981511,27.514629831],[-114.709972548,27.514933419]]],[[[-114.711188397,27.515829764],[-114.710697943,27.51547622],[-114.711021497,27.515389033],[-114.711188397,27.515829764]]],[[[-112.741410142,27.842393938],[-112.737133987,27.842191955],[-112.736466682,27.841199543],[-112.741410142,27.842393938]]],[[[-114.18446183,27.76784669],[-114.16596748,27.76338232],[-114.159023179,27.745359201],[-114.160231089,27.740880171],[-114.16463823,27.74219283],[-114.146002119,27.721436291],[-114.173085399,27.74357463],[-114.1797372,27.75716738],[-114.183410319,27.75280011],[-114.18446183,27.76784669]]],[[[-114.22464263,27.76632406],[-114.212748569,27.75118034],[-114.22008837,27.75391806],[-114.185213949,27.72133678],[-114.21469769,27.73347125],[-114.21869169,27.737555751],[-114.21619449,27.741028341],[-114.22819983,27.745850721],[-114.22331574,27.7366406],[-114.24752845,27.74351588],[-114.24889558,27.75537243],[-114.23974709,27.75532678],[-114.23309931,27.74941722],[-114.235995939,27.75378965],[-114.23384177,27.75654185],[-114.229843859,27.74977737],[-114.22590442,27.75121552],[-114.22677489,27.75834606],[-114.232819679,27.75908877],[-114.230244309,27.764991601],[-114.22110862,27.76006398],[-114.228210979,27.764611281],[-114.22464263,27.76632406]]],[[[-112.760043578,27.902231658],[-112.760482962,27.902519831],[-112.75970423,27.903427957],[-112.760043578,27.902231658]]],[[[-115.224299924,27.893564588],[-115.222295288,27.893613191],[-115.222796657,27.892670693],[-115.224299924,27.893564588]]],[[[-115.215678348,27.896193629],[-115.190886647,27.885470133],[-115.182599846,27.875833234],[-115.162113942,27.870381822],[-115.160266427,27.862723829],[-115.16631236,27.852784999],[-115.178300096,27.849656832],[-115.176580292,27.856401399],[-115.182823699,27.860622215],[-115.179141713,27.861269336],[-115.180211955,27.866195673],[-115.195319216,27.880564742],[-115.218750768,27.888197262],[-115.215678348,27.896193629]]],[[[-114.205440446,28.000000026],[-112.764778195,28.000000001],[-112.756315746,27.967544654],[-112.766885312,27.939357558],[-112.761308654,27.912295781],[-112.765828832,27.903998768],[-112.761329271,27.896731894],[-112.767789507,27.889514988],[-112.77159962,27.863154725],[-112.735475832,27.826696623],[-112.728313655,27.823076273],[-112.719693106,27.825477551],[-112.72096988,27.81903814],[-112.713703431,27.805857839],[-112.71600386,27.785923395],[-112.70716585,27.779399134],[-112.707847068,27.764628409],[-112.701158403,27.751408124],[-112.661118049,27.709440453],[-112.644091815,27.710368365],[-112.638067019,27.706115078],[-112.642335393,27.702839551],[-112.643199138,27.695322835],[-112.637159851,27.704848014],[-112.633706658,27.694818586],[-112.623346842,27.687561646],[-112.623244525,27.678187998],[-112.598078235,27.664738887],[-112.600175968,27.656509759],[-112.595379926,27.650484012],[-112.573184314,27.642456663],[-112.560810224,27.645077838],[-112.530017017,27.638038359],[-112.518212509,27.629822425],[-112.487473484,27.621089299],[-112.474316396,27.612564605],[-112.47480359,27.606580498],[-112.467791913,27.599230418],[-112.450151585,27.598683851],[-112.436463934,27.590415423],[-112.418764844,27.590545297],[-112.360277651,27.552593071],[-112.355542524,27.534485373],[-112.337583078,27.518900219],[-112.330108715,27.517611503],[-112.323683337,27.493243205],[-112.324289624,27.470741118],[-112.318137115,27.460843723],[-112.321682037,27.443267596],[-112.31764526,27.43769572],[-112.31498551,27.43704628],[-112.315042647,27.435772601],[-112.312372893,27.433873791],[-112.312070701,27.432938663],[-112.317460016,27.435247076],[-112.317978737,27.428941504],[-112.305967218,27.419309445],[-112.297919881,27.40415228],[-112.304047232,27.394876902],[-112.302218058,27.383912999],[-112.291087003,27.371831968],[-112.286997752,27.373625922],[-112.286054889,27.372680086],[-112.291662357,27.36956101],[-112.286924849,27.364366647],[-112.270152028,27.357570906],[-112.268474508,27.345104911],[-112.262954159,27.341892639],[-112.260486658,27.338125951],[-112.26603794,27.340981305],[-112.262290618,27.333268876],[-112.24347827,27.32563616],[-112.243856299,27.317425532],[-112.241317125,27.325797369],[-112.23127083,27.296210559],[-112.217218923,27.280866604],[-112.212668918,27.265431136],[-112.194990711,27.24996583],[-112.193441682,27.244251553],[-112.193595158,27.234439846],[-112.195693842,27.228183053],[-112.199302295,27.224474663],[-112.202393928,27.211427842],[-112.204452163,27.207056295],[-112.193697593,27.243587566],[-112.196117506,27.250643857],[-112.207183747,27.249309297],[-112.198052008,27.241460328],[-112.21099115,27.22104083],[-112.213133589,27.22428272],[-112.216379175,27.224035256],[-112.212280552,27.220793835],[-112.212922449,27.204343116],[-112.190991234,27.194701796],[-112.166834709,27.171944512],[-112.16510365,27.165111296],[-112.131945782,27.158206992],[-112.097520206,27.133119218],[-112.070654663,27.13401675],[-112.055125349,27.123088362],[-112.009200261,27.116811339],[-111.992769879,27.096473084],[-111.952223546,27.09493861],[-111.953031136,27.083113164],[-111.944243489,27.079279674],[-111.948332117,27.073909944],[-111.945953687,27.069861371],[-111.958323553,27.064829286],[-111.973599454,27.068131755],[-112.006454536,27.033047237],[-112.014530427,27.004036849],[-112.014877448,26.974695678],[-112.007557275,26.957532273],[-111.975966124,26.936610624],[-111.963726653,26.915012613],[-111.955867292,26.914166001],[-111.956984886,26.905337804],[-111.952489441,26.901240468],[-111.956563997,26.903782141],[-111.973696909,26.897506709],[-111.98252233,26.888659873],[-111.973033039,26.897085544],[-111.953494492,26.899177884],[-111.937392022,26.883295557],[-111.915827205,26.877417097],[-111.911895116,26.857841165],[-111.872485734,26.831740978],[-111.872465627,26.818519503],[-111.863008461,26.805473632],[-111.86167166,26.784156239],[-111.874625682,26.776273562],[-111.876505814,26.755827852],[-111.883390232,26.765591836],[-111.891331794,26.763285963],[-111.897539806,26.75300907],[-111.891026033,26.748858101],[-111.901239007,26.742026606],[-111.907260233,26.731166745],[-111.90272974,26.72558691],[-111.907398633,26.725887896],[-111.909129691,26.719960063],[-111.902436625,26.713242131],[-111.898095535,26.715893328],[-111.884330517,26.71067678],[-111.882731975,26.699630053],[-111.876295057,26.698614857],[-111.876747154,26.704892826],[-111.863004638,26.693348782],[-111.85209481,26.673577841],[-111.851089606,26.649811179],[-111.846139216,26.643980191],[-111.82050073,26.63493292],[-111.811264554,26.624909837],[-111.806411692,26.626205652],[-111.782601616,26.567876735],[-111.769232615,26.561942359],[-111.764106946,26.553923081],[-111.711196935,26.552405016],[-111.692416564,26.566826839],[-111.677104184,26.588433674],[-111.680549643,26.596785582],[-111.692127544,26.601257938],[-111.694621219,26.610418863],[-111.708545825,26.619237145],[-111.715574754,26.631101138],[-111.742227335,26.653751942],[-111.759320955,26.660870614],[-111.765474242,26.676475119],[-111.794465594,26.688339113],[-111.808314058,26.715719569],[-111.814448308,26.715776678],[-111.815682392,26.766674328],[-111.82764989,26.809200055],[-111.823997419,26.82021696],[-111.836478286,26.833996418],[-111.838161754,26.847991813],[-111.845482405,26.856434284],[-111.843680677,26.868108396],[-111.852043858,26.874401658],[-111.851082554,26.87942708],[-111.832698691,26.883730306],[-111.821950641,26.896276121],[-111.816541175,26.896653028],[-111.80817038,26.887078349],[-111.801682826,26.889152288],[-111.791562325,26.874467146],[-111.748116193,26.846004628],[-111.726751606,26.820207559],[-111.721589781,26.807001283],[-111.682106185,26.780167596],[-111.665990914,26.781253094],[-111.666943889,26.772876202],[-111.656073627,26.756581072],[-111.64870532,26.753245649],[-111.646992109,26.745047216],[-111.62645855,26.741074706],[-111.626839141,26.732759996],[-111.610621134,26.72761843],[-111.607717079,26.719091228],[-111.597096526,26.717057388],[-111.594004149,26.711910443],[-111.582295684,26.712451943],[-111.579291085,26.706639271],[-111.571974773,26.707927991],[-111.569288955,26.698698657],[-111.561195814,26.697033035],[-111.56784046,26.670139176],[-111.567958281,26.632005465],[-111.56303696,26.620819024],[-111.567361631,26.618314641],[-111.564276151,26.616633545],[-111.57041448,26.585526264],[-111.56739423,26.562703901],[-111.555394608,26.550604342],[-111.502994519,26.530569111],[-111.475919227,26.530786356],[-111.460393244,26.537716774],[-111.462131559,26.528644127],[-111.442140041,26.518270915],[-111.452652024,26.515018667],[-111.456887108,26.505880662],[-111.455090881,26.488046163],[-111.460207614,26.479424483],[-111.466447751,26.478517909],[-111.471957393,26.459496498],[-111.468939937,26.412312872],[-111.451092909,26.393033289],[-111.440422396,26.389990459],[-111.432137827,26.3796981],[-111.429178967,26.383866916],[-111.424786482,26.380990147],[-111.427470652,26.376879845],[-111.421393985,26.372799188],[-111.434447113,26.36971969],[-111.434024443,26.362461582],[-111.42293417,26.349400324],[-111.405476893,26.348309496],[-111.403920725,26.34224187],[-111.396125611,26.340892716],[-111.387067003,26.323525031],[-111.383042936,26.280643687],[-111.394872924,26.276855869],[-111.397875803,26.256324689],[-111.377507715,26.215855287],[-111.379046295,26.188347567],[-111.361355438,26.16756135],[-111.35488378,26.129101328],[-111.344747058,26.111673324],[-111.323828265,26.100279275],[-111.325655096,26.088255859],[-111.318959003,26.069214025],[-111.328424788,26.058977781],[-111.328605627,26.048436769],[-111.345661604,26.027911538],[-111.338440644,26.014853264],[-111.336355763,26.005164034],[-111.33946096,26.004411529],[-111.335279605,26.003076471],[-111.338204275,25.988107602],[-111.355124208,25.969995005],[-111.35864819,25.959966767],[-111.352710245,25.945531767],[-111.35523494,25.92878297],[-111.343742413,25.922357054],[-111.336756061,25.907524771],[-111.335990476,25.88650274],[-111.342051037,25.877690593],[-111.333847772,25.862975225],[-111.332950833,25.835810952],[-111.325095814,25.83092855],[-111.317816032,25.831652184],[-111.315999936,25.837144218],[-111.302621518,25.824879412],[-111.299726985,25.817815018],[-111.292008014,25.812784837],[-111.302040892,25.808035146],[-111.299943397,25.813215232],[-111.308993111,25.814797932],[-111.305709426,25.82596022],[-111.311037633,25.8317366],[-111.317344157,25.829991027],[-111.313934866,25.825009388],[-111.319683454,25.815808448],[-111.30705083,25.8116638],[-111.311403357,25.795448828],[-111.306206614,25.773470937],[-111.289762159,25.763912642],[-111.27823605,25.750183152],[-111.254289631,25.740181563],[-111.243089983,25.721415468],[-111.223904389,25.725334559],[-111.211829478,25.702476161],[-111.216008356,25.691138953],[-111.210214964,25.675053202],[-111.20417732,25.67118955],[-111.206551426,25.666538301],[-111.199914396,25.654876801],[-111.201230553,25.638284955],[-111.19532711,25.631003804],[-111.193401817,25.613466455],[-111.180864744,25.597359345],[-111.171871571,25.595013196],[-111.173865559,25.589278695],[-111.164686122,25.573261409],[-111.145103916,25.565574566],[-111.142466997,25.549995283],[-111.121851144,25.528601614],[-111.110980933,25.52433643],[-111.102666144,25.524130844],[-111.099850766,25.528762227],[-111.08425343,25.52461874],[-111.07381825,25.52519554],[-111.069582119,25.531085533],[-111.075012167,25.523204151],[-111.068248196,25.514040054],[-111.060475246,25.513176657],[-111.059861538,25.519477779],[-111.05318168,25.52117069],[-111.049413527,25.515742842],[-111.04049212,25.515564287],[-111.038247455,25.521531261],[-111.033512714,25.516373125],[-111.016536659,25.514600911],[-111.014323274,25.504785684],[-111.018620771,25.505145554],[-111.02263072,25.49711472],[-111.013446322,25.477186659],[-111.02002722,25.47536503],[-111.01920778,25.46208966],[-111.026196714,25.45796061],[-111.024857745,25.444036219],[-111.013265414,25.421463121],[-111.003744206,25.416235475],[-111.000647607,25.38793115],[-110.994205768,25.374220047],[-110.98733234,25.37084765],[-110.979669743,25.341469626],[-110.966132038,25.330309716],[-110.955453953,25.329411224],[-110.957593247,25.322917953],[-110.94388702,25.30541283],[-110.947436486,25.297166136],[-110.933116922,25.291575617],[-110.939043191,25.286211335],[-110.933790531,25.277615033],[-110.944468606,25.271528713],[-110.946173252,25.257714514],[-110.9387322,25.24426269],[-110.941295303,25.237464436],[-110.934037947,25.21550677],[-110.921667724,25.210377842],[-110.916126733,25.191104684],[-110.906422101,25.183031172],[-110.912412632,25.174501519],[-110.90753576,25.145944151],[-110.893128379,25.130813663],[-110.879350687,25.126260416],[-110.862976248,25.080711228],[-110.829047203,25.063185383],[-110.824765363,25.057656706],[-110.826538061,25.047013377],[-110.816161231,25.034842434],[-110.798403339,25.029533162],[-110.790003349,25.035935055],[-110.757127645,25.014015461],[-110.761910361,25.005753972],[-110.74876483,24.98778567],[-110.749679073,24.965929436],[-110.721733016,24.935236203],[-110.720321995,24.925428065],[-110.699160102,24.915403715],[-110.708034302,24.907833103],[-110.685209724,24.883804411],[-110.688785091,24.875882547],[-110.684733831,24.857511367],[-110.675323063,24.844822891],[-110.66460264,24.810215177],[-110.657067124,24.80622843],[-110.663490453,24.771659304],[-110.683104524,24.743126707],[-110.690117811,24.707180075],[-110.709902014,24.695499416],[-110.726618743,24.674765272],[-110.74053859,24.614909336],[-110.740235383,24.587241911],[-110.733197953,24.562878852],[-110.738018741,24.551333707],[-110.729261346,24.51499545],[-110.686805427,24.461852033],[-110.689309191,24.450911557],[-110.684478885,24.445086636],[-110.692271917,24.433764482],[-110.689509264,24.416614006],[-110.693159357,24.406092029],[-110.68325604,24.395181011],[-110.678530431,24.396622964],[-110.683419033,24.394808625],[-110.685084404,24.381539799],[-110.679269001,24.372369356],[-110.681029802,24.357126529],[-110.654917597,24.324247137],[-110.640193492,24.315029105],[-110.63499318,24.291685403],[-110.616281099,24.270164367],[-110.611452716,24.25560517],[-110.582016255,24.240301487],[-110.576099725,24.226500018],[-110.564016227,24.220165298],[-110.564149477,24.214954278],[-110.556973586,24.210192382],[-110.422367368,24.177182258],[-110.375878648,24.172906962],[-110.324435058,24.176219766],[-110.327397487,24.166847664],[-110.340803847,24.158766301],[-110.371043941,24.149000517],[-110.377743075,24.149326027],[-110.38557293,24.162202481],[-110.403754867,24.170728922],[-110.424441901,24.174802559],[-110.43341009,24.171610512],[-110.430226371,24.163358542],[-110.426132508,24.163401372],[-110.429485295,24.14206603],[-110.415160821,24.128534749],[-110.423294414,24.123814493],[-110.423602554,24.118185878],[-110.41364451,24.107904227],[-110.392115028,24.103898167],[-110.367098564,24.114182911],[-110.362100268,24.110890689],[-110.351203559,24.114006355],[-110.347208194,24.120906566],[-110.350305062,24.122902101],[-110.350062357,24.126542676],[-110.348948769,24.123863403],[-110.345584212,24.123692082],[-110.345517587,24.124978895],[-110.351986032,24.142506361],[-110.32843151,24.152251563],[-110.324404669,24.158651123],[-110.321664481,24.156213782],[-110.304702256,24.175076721],[-110.299755081,24.211771174],[-110.300762806,24.215986854],[-110.302485512,24.217095218],[-110.303135105,24.216587203],[-110.305173113,24.216551511],[-110.305836983,24.217361718],[-110.301182757,24.218735857],[-110.2993589,24.2147919],[-110.298359527,24.215127404],[-110.300770159,24.219002594],[-110.312472894,24.220242105],[-110.31235511,24.227994389],[-110.306458806,24.233166147],[-110.3146981,24.242063774],[-110.313475801,24.250432543],[-110.318953266,24.243369408],[-110.327495823,24.244343741],[-110.311102051,24.261253499],[-110.324212881,24.25789251],[-110.323014941,24.271414036],[-110.331777068,24.277129025],[-110.33060792,24.257185216],[-110.336470283,24.258464046],[-110.33709909,24.275341693],[-110.327463462,24.28198023],[-110.334774951,24.284274626],[-110.330861928,24.289697417],[-110.33745244,24.295361724],[-110.326972342,24.301180577],[-110.333584269,24.300246639],[-110.332709222,24.30587109],[-110.337445628,24.302794328],[-110.335293049,24.312555591],[-110.339906229,24.315949297],[-110.3240357,24.314883616],[-110.319588487,24.318788311],[-110.315503667,24.312920917],[-110.316330291,24.322051861],[-110.322557341,24.319113226],[-110.334341582,24.3285558],[-110.324813506,24.336172455],[-110.305537731,24.339321553],[-110.297170321,24.3523945],[-110.283513083,24.353416052],[-110.25034848,24.345650038],[-110.245686906,24.350258076],[-110.233363558,24.343851058],[-110.230196456,24.33494537],[-110.235261376,24.331394263],[-110.235712453,24.318025586],[-110.216927494,24.308710775],[-110.211935788,24.298128013],[-110.193321899,24.293931001],[-110.174274552,24.252304186],[-110.151444575,24.249178051],[-110.123732176,24.226058221],[-110.116558815,24.227474238],[-110.101247493,24.21687225],[-110.089259533,24.216234755],[-110.041326192,24.179251407],[-110.017721775,24.170032744],[-110.00818531,24.15944409],[-109.997882617,24.129409465],[-109.999456036,24.116759656],[-109.993691792,24.108178725],[-109.988796883,24.051083915],[-109.983770272,24.043430973],[-109.929784466,24.029048321],[-109.882331034,24.038570825],[-109.826628029,24.060813655],[-109.825280779,24.040002413],[-109.808978615,24.031340699],[-109.803987061,24.021865433],[-109.812731199,24.010795428],[-109.813911491,23.998682623],[-109.822073958,23.991406289],[-109.829894771,23.992171286],[-109.835460806,23.984844449],[-109.83994677,23.9519774],[-109.83750257,23.93275269],[-109.825843762,23.912048646],[-109.772838545,23.875086234],[-109.69925692,23.798952984],[-109.709307958,23.776605351],[-109.713231986,23.737675295],[-109.695685931,23.692158453],[-109.697358932,23.663151368],[-109.682966756,23.648823512],[-109.640860766,23.632618579],[-109.637119302,23.627020659],[-109.583218799,23.612340932],[-109.587245204,23.600815953],[-109.584462663,23.603789898],[-109.583400471,23.598326656],[-109.583145393,23.602904739],[-109.585040872,23.605321795],[-109.58046957,23.602526167],[-109.584872469,23.607248415],[-109.582853655,23.611152516],[-109.583140975,23.606118766],[-109.575310169,23.600850639],[-109.520114835,23.584607606],[-109.51585663,23.57168032],[-109.509458766,23.567715871],[-109.471048079,23.557809105],[-109.468099927,23.552452938],[-109.478724416,23.535383917],[-109.47949848,23.519744322],[-109.460623406,23.48719044],[-109.446297416,23.477260426],[-109.43907414,23.462443288],[-109.42910129,23.458308495],[-109.423117039,23.445432547],[-109.431911111,23.413795829],[-109.427438467,23.405517208],[-109.415326347,23.403573486],[-109.417347786,23.394624658],[-109.413109609,23.387220251],[-109.415865501,23.381920478],[-109.423104805,23.382815433],[-109.431691685,23.376831088],[-109.425966702,23.361290828],[-109.424894041,23.30608424],[-109.439000794,23.273419475],[-109.437925476,23.236263557],[-109.450286776,23.220492489],[-109.458455585,23.196096827],[-109.532447664,23.111677496],[-109.565321805,23.096441038],[-109.576380215,23.084075393],[-109.60883967,23.080700488],[-109.668606303,23.060723182],[-109.670356396,23.055937491],[-109.672697786,23.064072868],[-109.67712134,23.063675602],[-109.671528931,23.055475273],[-109.714344305,23.029171139],[-109.71787203,23.012899996],[-109.712884568,23.005581333],[-109.733031184,22.989305782],[-109.759695959,22.98386452],[-109.763460676,22.978054234],[-109.79476865,22.964038756],[-109.806742986,22.949981175],[-109.80852479,22.93322394],[-109.840147968,22.910441489],[-109.842901302,22.902625435],[-109.866875552,22.896029103],[-109.891883774,22.895404424],[-109.903995151,22.887583334],[-109.905445195,22.881674656],[-109.908547701,22.881570154],[-109.909454634,22.8863258],[-109.911453381,22.885630998],[-109.909090739,22.88185557],[-109.911433156,22.880440203],[-109.909975736,22.87864371],[-109.905569959,22.880765086],[-109.895626151,22.875282472],[-109.9639684,22.872100856],[-109.989878967,22.884600128],[-110.016186286,22.903445459],[-110.061357974,22.949074003],[-110.085630785,22.991277901],[-110.10149814,23.028004543],[-110.114254313,23.098881886],[-110.13017489,23.139596447],[-110.15333811,23.229464391],[-110.16635315,23.31284892],[-110.183326259,23.333654415],[-110.209015713,23.379940434],[-110.215392669,23.382998042],[-110.215244844,23.393920363],[-110.226171032,23.400643827],[-110.224172284,23.404046456],[-110.230144732,23.403404002],[-110.234170643,23.426273607],[-110.264300568,23.476747924],[-110.276703508,23.488407283],[-110.306922663,23.536859057],[-110.329319339,23.560177775],[-110.38612692,23.60001797],[-110.557208053,23.67225257],[-110.612530522,23.707444798],[-110.68325774,23.76874558],[-110.82342166,23.91709394],[-110.85295502,23.94372046],[-110.87479495,23.95578626],[-110.88939588,23.97654445],[-110.954480034,24.033918487],[-111.00808929,24.070657365],[-111.010697997,24.082061188],[-111.032767498,24.100472267],[-111.114522581,24.152177699],[-111.172701957,24.181466834],[-111.274387302,24.242874235],[-111.433789706,24.321046401],[-111.436549881,24.325733939],[-111.364493468,24.291271987],[-111.358631839,24.288814099],[-111.3570376,24.288778407],[-111.356234359,24.289901417],[-111.478072903,24.34909866],[-111.4805782,24.355048321],[-111.47552599,24.36203489],[-111.493325248,24.375439293],[-111.498730126,24.387830134],[-111.516742646,24.395533639],[-111.527081404,24.41045286],[-111.542179084,24.414533635],[-111.553280366,24.411357319],[-111.552871098,24.405313488],[-111.556887628,24.404761453],[-111.558620105,24.416032612],[-111.560191604,24.40634829],[-111.564337889,24.413574619],[-111.570863487,24.405812911],[-111.576133993,24.416282539],[-111.583331862,24.414914349],[-111.582225413,24.433176712],[-111.594043083,24.427988726],[-111.610705526,24.440633955],[-111.629325731,24.515781319],[-111.651273879,24.547199722],[-111.652653966,24.552453572],[-111.646110341,24.544899247],[-111.638668577,24.543322855],[-111.636880412,24.548457137],[-111.658072569,24.570238922],[-111.675899491,24.574712308],[-111.682609571,24.583097529],[-111.691969296,24.585186893],[-111.697543069,24.57165708],[-111.691947405,24.569848094],[-111.695825927,24.564137388],[-111.691435821,24.565737575],[-111.693155342,24.559845436],[-111.688225099,24.558170296],[-111.702644633,24.537868734],[-111.732423841,24.541246557],[-111.734339054,24.54799572],[-111.725592155,24.553563659],[-111.73250211,24.560073864],[-111.736585265,24.549708932],[-111.752908367,24.541999479],[-111.793530526,24.545540116],[-111.808644862,24.557837171],[-111.810567466,24.568183067],[-111.814469782,24.558617634],[-111.801839603,24.541799604],[-111.803800278,24.538696787],[-111.787048874,24.526466357],[-111.784145931,24.528636426],[-111.778622393,24.522261119],[-111.758219324,24.515635051],[-111.78136494,24.513392093],[-111.797871945,24.51820716],[-111.807407542,24.516250855],[-111.813103972,24.512281914],[-111.809690753,24.508737409],[-111.816567277,24.506549793],[-111.822380887,24.519272772],[-111.817043169,24.576268],[-111.840718806,24.63661708],[-111.902075044,24.708090501],[-111.937024567,24.736206212],[-111.939924185,24.747294409],[-111.927048082,24.740899699],[-111.921872754,24.730727503],[-111.911379331,24.724112602],[-111.926781461,24.748867904],[-111.959027917,24.769550179],[-111.970555414,24.784667886],[-111.968212757,24.793676144],[-111.975363038,24.79422342],[-111.976718218,24.784560811],[-111.964243695,24.759499336],[-111.974294539,24.756177608],[-111.96506223,24.746926264],[-111.947044951,24.755587502],[-111.946911702,24.752322881],[-111.962682769,24.747468781],[-111.965061278,24.737434118],[-111.984754337,24.738736762],[-111.988676443,24.74897212],[-111.995484794,24.746167422],[-111.988048734,24.743444167],[-111.996964574,24.739775039],[-111.983926284,24.737080657],[-112.030059274,24.735548284],[-112.029583382,24.74408579],[-112.024453264,24.74470445],[-112.028250917,24.74320979],[-112.024628188,24.741330016],[-112.018810406,24.744982489],[-112.032425681,24.758124252],[-112.029374816,24.764898181],[-112.038595227,24.76631396],[-112.032233227,24.773869343],[-112.045285637,24.78722621],[-112.038944374,24.794489515],[-112.027493657,24.794617568],[-112.028172554,24.801182939],[-112.037024923,24.804844303],[-112.035786829,24.811146932],[-112.037577373,24.818802848],[-112.037696346,24.810462837],[-112.046541992,24.825304725],[-112.054019449,24.829040478],[-112.037654706,24.834334779],[-112.035388269,24.828778738],[-112.028041683,24.829575857],[-112.033109935,24.821759328],[-112.023895472,24.815001659],[-112.024740181,24.823871099],[-112.03028153,24.822885971],[-112.024704489,24.827583059],[-112.025632479,24.837374541],[-112.033166032,24.838723664],[-112.032676635,24.841463169],[-112.038494417,24.846067426],[-112.03627557,24.840160414],[-112.030017588,24.835651335],[-112.047833802,24.834152275],[-112.05155171,24.835776257],[-112.046067052,24.837596544],[-112.049433989,24.8399998],[-112.056961414,24.829464736],[-112.040804874,24.808073382],[-112.040412263,24.800435312],[-112.050591716,24.804075015],[-112.050332831,24.81235891],[-112.054467144,24.808742129],[-112.056376662,24.812751521],[-112.060356106,24.81208558],[-112.056402043,24.812344158],[-112.055271799,24.808364509],[-112.049904765,24.800742273],[-112.044155274,24.798849719],[-112.050686895,24.79734471],[-112.051455164,24.78421973],[-112.040595528,24.752775581],[-112.066160457,24.745913216],[-112.078324261,24.729951791],[-112.066283667,24.756554403],[-112.062021259,24.756814914],[-112.064957416,24.762048507],[-112.071353801,24.767831237],[-112.076866618,24.764213817],[-112.094600363,24.796464745],[-112.109340393,24.800065782],[-112.106170492,24.793121602],[-112.092402714,24.785658114],[-112.090577667,24.778365661],[-112.104389248,24.779834978],[-112.114040342,24.789888201],[-112.12013853,24.7839489],[-112.117138181,24.804835392],[-112.093798384,24.801215388],[-112.095166238,24.811926185],[-112.101846575,24.812174839],[-112.091080328,24.833155725],[-112.097696399,24.838528163],[-112.096168806,24.832057604],[-112.101713545,24.842443356],[-112.099665304,24.850689836],[-112.103244728,24.851584056],[-112.107041753,24.842474289],[-112.116188935,24.848831019],[-112.122546915,24.876245384],[-112.117348526,24.881400508],[-112.115009516,24.880353545],[-112.118030241,24.878536232],[-112.117643579,24.876305487],[-112.119089101,24.874812375],[-112.119636378,24.871510873],[-112.119162428,24.870253997],[-112.114488338,24.880012296],[-112.116855245,24.884875689],[-112.09865429,24.901891831],[-112.095822732,24.899542114],[-112.082759491,24.901255325],[-112.087119853,24.895639798],[-112.084246654,24.89298075],[-112.079272391,24.90746215],[-112.085566522,24.907139711],[-112.08303775,24.903605617],[-112.087770499,24.906010657],[-112.105007908,24.899824058],[-112.094694669,24.91989979],[-112.10605963,24.915901481],[-112.111441971,24.935768196],[-112.104361724,24.938463096],[-112.096781106,24.926165568],[-112.098194917,24.929558398],[-112.092186183,24.933069293],[-112.081291463,24.92325259],[-112.084522534,24.928570475],[-112.076330286,24.933383145],[-112.080601419,24.935179638],[-112.08367961,24.930741585],[-112.098450114,24.940400412],[-112.096025085,24.944730795],[-112.08752684,24.938031422],[-112.083710185,24.945048453],[-112.079398601,24.938700051],[-112.07818127,24.950306703],[-112.09089473,24.943996372],[-112.10460037,24.950735414],[-112.101242053,24.944636806],[-112.107687449,24.946037923],[-112.110436649,24.941676398],[-112.107841549,24.957934363],[-112.098272883,24.964710435],[-112.094494517,24.961533263],[-112.104018131,24.982955507],[-112.096690499,25.000615931],[-112.10214988,25.00380452],[-112.100773654,25.009477044],[-112.110397809,25.000454832],[-112.102184181,24.994149109],[-112.108635393,24.990441356],[-112.109499963,24.97874768],[-112.112665857,24.977332177],[-112.116038532,24.983149208],[-112.113935066,24.985792635],[-112.115332623,24.987673376],[-112.119938856,24.986005916],[-112.115140103,24.979109632],[-112.118120606,24.972594324],[-112.127897562,24.967077373],[-112.139273102,24.948589185],[-112.135009128,24.939912808],[-112.137647373,24.934636858],[-112.130402894,24.932600126],[-112.136192773,24.925830174],[-112.130488459,24.927155743],[-112.127201349,24.922480624],[-112.144057595,24.904884292],[-112.139857794,24.900596383],[-112.143323164,24.901689393],[-112.141075903,24.897831475],[-112.145140225,24.893814972],[-112.136826189,24.882670272],[-112.14320789,24.880787928],[-112.140911078,24.868383595],[-112.151570057,24.866743292],[-112.135405459,24.86197531],[-112.136788755,24.841419778],[-112.141565333,24.832925059],[-112.141373596,24.8372332],[-112.145288182,24.835246628],[-112.140694451,24.8229456],[-112.143357067,24.803864702],[-112.160038585,24.832945099],[-112.153286104,24.835682339],[-112.152848774,24.845472492],[-112.144021349,24.849671732],[-112.151444087,24.851651602],[-112.150652613,24.85819918],[-112.145597165,24.855650066],[-112.149419055,24.862093919],[-112.155287368,24.855663005],[-112.15487737,24.845854247],[-112.161708286,24.845970715],[-112.158457421,24.842998066],[-112.167961469,24.840369378],[-112.172860048,24.82983463],[-112.165415919,24.820826321],[-112.166649477,24.818354099],[-112.168724421,24.821525265],[-112.17635394,24.820010882],[-112.166663888,24.81217378],[-112.17597603,24.81705325],[-112.188867778,24.851770227],[-112.184995975,24.860633952],[-112.17863231,24.851501769],[-112.173034953,24.860824858],[-112.165084566,24.860902494],[-112.163558662,24.868976324],[-112.160713636,24.865618761],[-112.156756268,24.868277648],[-112.160849113,24.874953723],[-112.16170476,24.870076083],[-112.163088056,24.872747812],[-112.165341259,24.87352409],[-112.164407179,24.870283096],[-112.173156169,24.867093771],[-112.163023883,24.881655313],[-112.167915331,24.884514374],[-112.16279571,24.88944319],[-112.16517013,24.894928044],[-112.156991571,24.922018873],[-112.160948938,24.934078166],[-112.16624682,24.930961614],[-112.166581948,24.937925252],[-112.180300822,24.938474826],[-112.182725155,24.944203181],[-112.177676838,24.947274141],[-112.183281326,24.946556513],[-112.183573672,24.959699437],[-112.17079601,24.967915475],[-112.144841383,24.965691834],[-112.14533338,24.97409492],[-112.15242812,24.977624045],[-112.136577259,24.998648032],[-112.130837294,25.025444685],[-112.122259432,25.038081732],[-112.130744444,25.046974679],[-112.126066907,25.048273103],[-112.12018435,25.072428454],[-112.136831059,25.072142918],[-112.138401504,25.077016054],[-112.154385402,25.064977793],[-112.156180836,25.084696955],[-112.151339824,25.08868279],[-112.156972834,25.094442885],[-112.146564838,25.111900171],[-112.147292138,25.103403212],[-112.144076332,25.101666298],[-112.140525397,25.107380781],[-112.147279937,25.116787449],[-112.144055103,25.116686428],[-112.150365052,25.119361148],[-112.146545744,25.119339763],[-112.146460179,25.121095793],[-112.151220984,25.119371307],[-112.149664776,25.135319843],[-112.131995995,25.169320106],[-112.130330372,25.182949658],[-112.107906331,25.187232688],[-112.124808916,25.191201745],[-112.114450047,25.210596616],[-112.116296509,25.225682399],[-112.114288244,25.231697676],[-112.11046211,25.231570842],[-112.115734956,25.226510451],[-112.114051532,25.222506128],[-112.09381548,25.221390172],[-112.108520431,25.232896924],[-112.114021744,25.233001621],[-112.116410723,25.229499054],[-112.114550659,25.240559956],[-112.093474383,25.237864573],[-112.084711132,25.244391559],[-112.085886997,25.235809385],[-112.08121724,25.232872354],[-112.077188568,25.242289031],[-112.082003717,25.251647077],[-112.077111545,25.257928854],[-112.086542707,25.256491877],[-112.079576314,25.263752981],[-112.075121185,25.279492358],[-112.080069677,25.288228478],[-112.077609692,25.292483482],[-112.084183913,25.299600609],[-112.072946416,25.300277488],[-112.077117695,25.309759842],[-112.071912509,25.322012961],[-112.076732654,25.330140201],[-112.070457909,25.333059687],[-112.077645344,25.341772613],[-112.070144172,25.352501795],[-112.07485023,25.356838306],[-112.078693511,25.355813795],[-112.07740291,25.350304485],[-112.086950505,25.354918147],[-112.08540321,25.366187371],[-112.077360128,25.361309969],[-112.072967807,25.367488838],[-112.08595938,25.37097438],[-112.074828839,25.372391762],[-112.074985708,25.376663135],[-112.093453422,25.371560662],[-112.091114655,25.394545857],[-112.087356937,25.392606972],[-112.09378142,25.399615153],[-112.078080298,25.406449025],[-112.083748959,25.414525505],[-112.087121635,25.408774128],[-112.090551353,25.413984514],[-112.085809642,25.432975722],[-112.079342377,25.428049501],[-112.075306575,25.414834642],[-112.070725072,25.41585844],[-112.067128016,25.431043895],[-112.068397677,25.447215129],[-112.074901444,25.439846739],[-112.088597626,25.443007848],[-112.086786851,25.458677793],[-112.082532709,25.45762866],[-112.087611366,25.462696677],[-112.066178339,25.463096453],[-112.08040254,25.46622453],[-112.058411779,25.475759944],[-112.083289044,25.469649488],[-112.090520226,25.478850864],[-112.086579838,25.485382484],[-112.08560188,25.480606906],[-112.0847297,25.484813747],[-112.082847277,25.484903859],[-112.081118975,25.485746542],[-112.07854052,25.48339125],[-112.078233913,25.48335263],[-112.077884439,25.483601131],[-112.081257199,25.48593371],[-112.085711617,25.485270305],[-112.080340891,25.508546537],[-112.070497061,25.504920239],[-112.074293232,25.502546187],[-112.071666871,25.49928005],[-112.078577409,25.49839083],[-112.075326545,25.490313002],[-112.063801455,25.492943277],[-112.070456487,25.494625249],[-112.064686417,25.50372099],[-112.069451696,25.50509575],[-112.06690377,25.509304502],[-112.067834444,25.512337019],[-112.070449951,25.514148031],[-112.069779694,25.508287722],[-112.070972846,25.512826698],[-112.077523301,25.509643427],[-112.080033198,25.513719029],[-112.063162691,25.521556666],[-112.067678605,25.527553592],[-112.064878738,25.531873081],[-112.069547656,25.533902074],[-112.063495442,25.541365115],[-112.069023873,25.551118009],[-112.064469929,25.556350105],[-112.075716934,25.553682622],[-112.084653692,25.55794542],[-112.075740702,25.558211304],[-112.072398925,25.565407095],[-112.066152702,25.563966256],[-112.074324131,25.576868867],[-112.066067137,25.579471518],[-112.061727105,25.587429191],[-112.066290556,25.591626478],[-112.061071109,25.607646845],[-112.06308188,25.61787012],[-112.068572281,25.619944674],[-112.069947406,25.615229671],[-112.073958104,25.623467904],[-112.065224209,25.626019944],[-112.070815978,25.626193835],[-112.071072672,25.63345411],[-112.065030853,25.6368998],[-112.073247077,25.646936514],[-112.064293087,25.651986053],[-112.069816764,25.653897184],[-112.06859509,25.660753006],[-112.075996437,25.662334075],[-112.070545892,25.67942114],[-112.073700411,25.675299164],[-112.080681749,25.68136679],[-112.082537729,25.674064224],[-112.086028398,25.675877374],[-112.081754868,25.683927923],[-112.087056325,25.687477246],[-112.081367034,25.695764909],[-112.076517595,25.69524982],[-112.077305294,25.687120327],[-112.071783015,25.689235598],[-112.07923784,25.707421907],[-112.074002446,25.712480116],[-112.075339394,25.727865459],[-112.080608754,25.729310744],[-112.080281994,25.71028361],[-112.085900743,25.707135575],[-112.082000418,25.706261819],[-112.082709892,25.700794279],[-112.093209611,25.698784445],[-112.08857668,25.707544612],[-112.090733623,25.707984698],[-112.089542848,25.712491471],[-112.091295262,25.718143469],[-112.097328458,25.728751377],[-112.0948766,25.732706061],[-112.094704358,25.733850732],[-112.095185336,25.735812165],[-112.098548935,25.738385398],[-112.094941597,25.733625312],[-112.09754148,25.733850732],[-112.09778468,25.728895893],[-112.095915059,25.72321913],[-112.096600343,25.722284002],[-112.090682624,25.711347999],[-112.093445178,25.707728839],[-112.094444552,25.715152757],[-112.097187577,25.692549088],[-112.107205108,25.779470799],[-112.129334096,25.814972357],[-112.138947118,25.851473289],[-112.163003469,25.899490812],[-112.191006924,25.983462907],[-112.234275043,26.03527805],[-112.276381985,26.058691946],[-112.270956814,26.070760572],[-112.282930262,26.066363328],[-112.285423937,26.061071407],[-112.281483549,26.06529733],[-112.27887566,26.060462265],[-112.289706967,26.055189379],[-112.308628441,26.071731392],[-112.312321364,26.101293816],[-112.3279687,26.145304327],[-112.347499315,26.180786849],[-112.374923178,26.210385926],[-112.374566259,26.215287616],[-112.363906273,26.217417233],[-112.370140461,26.218345223],[-112.366154864,26.221616982],[-112.377338331,26.214585675],[-112.410365249,26.245280722],[-112.454801684,26.262091614],[-112.473682707,26.258653293],[-112.478179888,26.238475463],[-112.497834236,26.231575026],[-112.579148017,26.281699761],[-112.570892477,26.286455113],[-112.581460853,26.284569391],[-112.614011879,26.302086982],[-112.619237176,26.308996937],[-112.612898292,26.305027996],[-112.610899544,26.312808834],[-112.615539493,26.319304762],[-112.620222272,26.31035323],[-112.634946377,26.320642019],[-112.652992209,26.325210585],[-112.680041922,26.314664813],[-112.71095454,26.35655958],[-112.759371962,26.388887341],[-112.761727629,26.396239875],[-112.765314183,26.396122489],[-112.761085174,26.393134678],[-112.763967605,26.391385775],[-112.791887297,26.407090217],[-112.900113194,26.49094166],[-112.9583624,26.521208404],[-112.962896142,26.528617728],[-112.981634222,26.530539758],[-113.059629565,26.593024854],[-113.061794875,26.600187032],[-113.084851852,26.618604061],[-113.106528741,26.629930295],[-113.134844327,26.636093099],[-113.124540072,26.638791407],[-113.124568625,26.651968862],[-113.116673573,26.651326408],[-113.118258294,26.654881323],[-113.111990793,26.659335674],[-113.100769255,26.656266169],[-113.09907032,26.650055777],[-113.086363998,26.641432609],[-113.088334192,26.631181891],[-113.082080969,26.62284426],[-113.077341081,26.6282266],[-113.081367131,26.635450644],[-113.076256049,26.628455029],[-113.069999933,26.63961004],[-113.056437005,26.636483428],[-113.05288209,26.640195387],[-113.092414454,26.684396255],[-113.096968744,26.697430942],[-113.103136307,26.698772958],[-113.113958094,26.715276899],[-113.130190777,26.726170073],[-113.146726045,26.751376108],[-113.151925167,26.748830085],[-113.150438004,26.755171348],[-113.140903112,26.758307072],[-113.150842512,26.772232084],[-113.149855036,26.777062389],[-113.140579505,26.780826291],[-113.149557604,26.793016676],[-113.142157479,26.796228948],[-113.128966248,26.79174082],[-113.125520788,26.796042885],[-113.134505633,26.794505753],[-113.146416715,26.802534521],[-113.152448648,26.790113733],[-113.169747329,26.795586493],[-113.174268305,26.79043496],[-113.170603935,26.77458775],[-113.171436747,26.77626527],[-113.173090473,26.776919622],[-113.173257035,26.777764331],[-113.173875695,26.777918995],[-113.176742946,26.771565835],[-113.172864424,26.766009794],[-113.179669683,26.7668664],[-113.179705374,26.7606798],[-113.182253698,26.765967106],[-113.186060834,26.764491839],[-113.181563654,26.759816198],[-113.186132218,26.756020958],[-113.186441549,26.760970237],[-113.188428398,26.764503737],[-113.200718314,26.762742936],[-113.204099529,26.765039115],[-113.20391869,26.767501859],[-113.204442171,26.768084825],[-113.204596835,26.764158716],[-113.203145364,26.762980883],[-113.210200466,26.76268345],[-113.223182805,26.774376121],[-113.233212895,26.774461549],[-113.245020971,26.787935246],[-113.235830303,26.787132179],[-113.230387286,26.794984399],[-113.217181277,26.79736386],[-113.214058234,26.789362923],[-113.195201006,26.792575195],[-113.20052505,26.799148457],[-113.209299313,26.796293104],[-113.20034659,26.80592992],[-113.187021609,26.809618085],[-113.181340645,26.821366673],[-113.172001261,26.823359472],[-113.138293497,26.85796122],[-113.131583417,26.892510993],[-113.139507022,26.917281182],[-113.138579032,26.937482806],[-113.150080477,26.970439905],[-113.165636203,26.992777095],[-113.175867885,26.991617108],[-113.169413597,26.986263321],[-113.169264881,26.97960083],[-113.188003136,26.968149674],[-113.201030685,26.92799627],[-113.196479965,26.89545714],[-113.203975268,26.87294149],[-113.203767065,26.85051507],[-113.231249839,26.835227033],[-113.241451779,26.835583953],[-113.252932679,26.845309999],[-113.260546953,26.837338805],[-113.264770496,26.821604619],[-113.271760164,26.819522591],[-113.266346889,26.815566737],[-113.273629207,26.787436967],[-113.263580766,26.783800932],[-113.271373502,26.765895489],[-113.266227916,26.764913962],[-113.266733552,26.753224858],[-113.285249974,26.752262386],[-113.327171862,26.780083026],[-113.368678176,26.797483431],[-113.422176591,26.806677037],[-113.457830435,26.805306466],[-113.461191557,26.81010099],[-113.455160765,26.811503282],[-113.445995081,26.808133965],[-113.413558269,26.807034654],[-113.448550622,26.81031831],[-113.412058018,26.813516901],[-113.410166346,26.818353155],[-113.432830713,26.816449586],[-113.421012871,26.825701823],[-113.400085512,26.811734387],[-113.391072957,26.814625432],[-113.3961769,26.825838642],[-113.408663123,26.825541209],[-113.416997184,26.832554672],[-113.433225108,26.826528686],[-113.437293988,26.832007396],[-113.453981313,26.831398118],[-113.465414624,26.829559985],[-113.470887383,26.823278207],[-113.470165337,26.815609316],[-113.473187251,26.825346071],[-113.485272535,26.819328413],[-113.487421187,26.8134678],[-113.473522089,26.811772339],[-113.478602238,26.810189998],[-113.479595663,26.808042534],[-113.471552094,26.807208731],[-113.463839667,26.812550621],[-113.466457073,26.804008356],[-113.510530062,26.789527609],[-113.521483035,26.75298677],[-113.549046711,26.737510756],[-113.546975153,26.718851974],[-113.569732318,26.714925863],[-113.576813593,26.704746529],[-113.615275202,26.716567691],[-113.640873443,26.730873011],[-113.659646318,26.757479397],[-113.699865039,26.790935366],[-113.665858159,26.775224232],[-113.65881325,26.759733305],[-113.644493208,26.756478917],[-113.648678481,26.756703676],[-113.643241412,26.753461661],[-113.643407975,26.738369929],[-113.627260605,26.732824793],[-113.619498695,26.723546333],[-113.589510596,26.714093449],[-113.606416666,26.732391504],[-113.618655175,26.730891729],[-113.621391556,26.732980896],[-113.619725934,26.732690602],[-113.617755739,26.734498992],[-113.626627669,26.740186846],[-113.637013173,26.739678634],[-113.641720144,26.758502648],[-113.656205599,26.761754419],[-113.659189522,26.773658387],[-113.670941878,26.785560609],[-113.673128008,26.785399997],[-113.674320712,26.787398743],[-113.674924502,26.787791354],[-113.675575878,26.7879252],[-113.673624721,26.782943202],[-113.676976786,26.7836154],[-113.681934989,26.788442732],[-113.677235552,26.78655701],[-113.676563355,26.78657783],[-113.676262948,26.786824698],[-113.675682954,26.78789843],[-113.691694466,26.79586094],[-113.708423505,26.788917276],[-113.725971291,26.800548929],[-113.733978178,26.79975181],[-113.767180049,26.885016445],[-113.787216237,26.918030851],[-113.821537583,26.949611058],[-113.855287858,26.970797778],[-113.907162035,26.991406082],[-113.952248062,26.998984665],[-113.975866593,26.993159745],[-113.983005002,26.972207815],[-114.003130558,26.969502253],[-114.039542635,27.012803543],[-114.052821183,27.020229885],[-114.05252804,27.033208412],[-114.060327913,27.050176348],[-114.090613691,27.086479786],[-114.157478926,27.128731874],[-114.196042911,27.142658617],[-114.260575189,27.15155452],[-114.290032917,27.143504803],[-114.29576147,27.135802488],[-114.292941213,27.12785152],[-114.296343842,27.122739841],[-114.312737138,27.141761848],[-114.32806515,27.14697715],[-114.331795551,27.156025527],[-114.362194354,27.162876352],[-114.382215378,27.179491462],[-114.396205356,27.182037745],[-114.397993522,27.175645323],[-114.415014997,27.168660416],[-114.435204245,27.177116662],[-114.427185345,27.189233153],[-114.434430804,27.20924442],[-114.455774871,27.220511893],[-114.47931767,27.216780173],[-114.48075534,27.223864066],[-114.487794685,27.228294535],[-114.484741143,27.262412502],[-114.488638745,27.27868937],[-114.485561071,27.283924821],[-114.488240343,27.345794377],[-114.499633203,27.391765564],[-114.51408248,27.416866497],[-114.564017848,27.450519215],[-114.576816481,27.45179883],[-114.601895956,27.478747268],[-114.63251962,27.486147393],[-114.652999551,27.499979036],[-114.68910534,27.508812175],[-114.713188038,27.52145085],[-114.737948561,27.5242319],[-114.739379277,27.532223688],[-114.745201617,27.532299065],[-114.749541752,27.543320727],[-114.758946572,27.548321164],[-114.768405527,27.581678637],[-114.793594501,27.614995849],[-114.811654611,27.626645691],[-114.830404764,27.631095282],[-114.843858235,27.627568922],[-114.847017847,27.616946379],[-114.864692169,27.631545717],[-114.863090792,27.638022611],[-114.874017277,27.6433645],[-114.871456465,27.649882336],[-114.856615766,27.637839884],[-114.847259727,27.647938316],[-114.846431673,27.675697108],[-114.865940497,27.695309959],[-114.878235549,27.699177629],[-114.893507852,27.69004684],[-114.893054701,27.681012495],[-114.902715313,27.674564157],[-114.899384204,27.668380411],[-114.900605052,27.663505969],[-114.93386349,27.678029407],[-114.936688372,27.698317651],[-114.953880279,27.716334016],[-114.99021186,27.728779954],[-114.997357381,27.725317838],[-114.998616468,27.717715019],[-115.006815682,27.716432321],[-115.016983485,27.739305602],[-115.025934065,27.740653328],[-115.025379221,27.750941439],[-115.03432734,27.760113632],[-115.031789408,27.769794708],[-115.035487091,27.78271756],[-115.046665799,27.794093764],[-115.052092159,27.819997765],[-115.08244642,27.847947266],[-115.054761284,27.861751228],[-115.027133363,27.846763002],[-115.009113705,27.828752862],[-114.976146272,27.82523126],[-114.914497123,27.834638899],[-114.881099191,27.828123049],[-114.865964113,27.830482526],[-114.852927291,27.826499864],[-114.851227878,27.82009369],[-114.834967641,27.809339598],[-114.787284796,27.815712704],[-114.761966665,27.805845338],[-114.736869193,27.808514472],[-114.721640345,27.804946172],[-114.717223469,27.79453484],[-114.702563017,27.788224509],[-114.669990683,27.789362827],[-114.659881969,27.781330259],[-114.642306942,27.781646857],[-114.638698818,27.776925876],[-114.605412931,27.773948573],[-114.569666201,27.784393167],[-114.533134079,27.786199801],[-114.500894986,27.772140511],[-114.40041235,27.818534596],[-114.394734956,27.814822635],[-114.406541842,27.814470475],[-114.401460502,27.807723216],[-114.390820753,27.804203454],[-114.394552332,27.808817768],[-114.391102113,27.810172871],[-114.386393552,27.803110978],[-114.384951002,27.808836556],[-114.374380248,27.80630243],[-114.372640267,27.81094238],[-114.360011278,27.815124283],[-114.346984723,27.807589006],[-114.337835695,27.808053002],[-114.330750851,27.788963775],[-114.324689173,27.787684816],[-114.327847909,27.79857085],[-114.342999126,27.814513237],[-114.341398938,27.817820688],[-114.336443711,27.815506662],[-114.337573955,27.812930896],[-114.329543274,27.802508857],[-114.334694808,27.812080239],[-114.33154797,27.808398023],[-114.330673518,27.825512297],[-114.335717975,27.830640035],[-114.330264252,27.827563392],[-114.333770387,27.834857035],[-114.328392804,27.830450273],[-114.330862685,27.836099708],[-114.326263187,27.832036183],[-114.329009085,27.838029451],[-114.324840269,27.836977729],[-114.332230876,27.842631328],[-114.332391238,27.84626324],[-114.32329329,27.839690217],[-114.322684148,27.843835239],[-114.333646795,27.850386039],[-114.32722225,27.85130451],[-114.33242756,27.859134364],[-114.341178027,27.857796512],[-114.338498754,27.850762826],[-114.346474708,27.85409883],[-114.34373357,27.847022314],[-114.352233003,27.848207284],[-114.356940767,27.834130393],[-114.369149916,27.842231724],[-114.376952166,27.835982068],[-114.373727999,27.831845375],[-114.380264378,27.833116602],[-114.382052542,27.826101951],[-114.37941253,27.827687268],[-114.378271579,27.826712878],[-114.383124218,27.820632909],[-114.389830492,27.817132246],[-114.391155375,27.822504117],[-114.380263154,27.835743439],[-114.341809162,27.863526025],[-114.320664319,27.87270313],[-114.307166113,27.872282441],[-114.293241507,27.85968843],[-114.295133655,27.846285402],[-114.294869059,27.852489133],[-114.303010621,27.856703635],[-114.296022621,27.845645804],[-114.295640004,27.834911579],[-114.296534681,27.830672332],[-114.298714267,27.827405808],[-114.296342422,27.838425568],[-114.303876745,27.846157863],[-114.29776629,27.836950302],[-114.309020188,27.841709223],[-114.299355769,27.828466095],[-114.304786652,27.811874589],[-114.304198449,27.818165884],[-114.311774652,27.827101236],[-114.305393889,27.81839241],[-114.314079874,27.827666597],[-114.322506974,27.821285834],[-114.319044382,27.81409415],[-114.320175102,27.817729967],[-114.30687106,27.808090295],[-114.30579364,27.801798999],[-114.30701573,27.806597897],[-114.311452949,27.807043332],[-114.307283895,27.796189897],[-114.313084069,27.795384686],[-114.310239433,27.790317795],[-114.314664398,27.79444735],[-114.311868649,27.784529281],[-114.31307932,27.781611111],[-114.312483503,27.783718361],[-114.315113108,27.786059126],[-114.315419583,27.785922068],[-114.321050338,27.775991151],[-114.315394836,27.771959391],[-114.313900534,27.776851563],[-114.315526182,27.779042571],[-114.315394836,27.779358563],[-114.314827572,27.779659328],[-114.298745985,27.747898996],[-114.270306667,27.72800099],[-114.257668873,27.708080144],[-114.240249316,27.695668874],[-114.22770099,27.688717041],[-114.200131716,27.691283373],[-114.16095627,27.672195336],[-114.14709353,27.656708615],[-114.152682883,27.662058833],[-114.126520712,27.598848451],[-114.128323152,27.587866049],[-114.113139812,27.586588278],[-114.108116768,27.600088746],[-114.112340312,27.586523439],[-114.107568302,27.600571776],[-114.106993664,27.600868019],[-114.110730607,27.589878478],[-114.102603558,27.590356751],[-114.101614892,27.585905969],[-114.101397171,27.588779168],[-114.097478199,27.590695823],[-114.091317775,27.587362198],[-114.080225396,27.596696264],[-114.072076931,27.592970028],[-114.090067987,27.612194383],[-114.056058352,27.64251407],[-114.060509134,27.636806339],[-114.044169373,27.642206525],[-114.021041609,27.661343043],[-113.969656421,27.658584479],[-113.959366837,27.651479279],[-113.957645297,27.656962152],[-113.963620123,27.664840549],[-113.955965396,27.655817632],[-113.954320127,27.661234665],[-113.926123514,27.678366784],[-113.920991015,27.697200217],[-113.925071792,27.700874105],[-113.915818907,27.70954334],[-113.927496846,27.727283177],[-113.948330235,27.733342022],[-113.942350788,27.741569105],[-113.945151172,27.744943613],[-113.948427957,27.747008017],[-113.943795262,27.741807304],[-113.947450725,27.736853954],[-113.952394914,27.737669334],[-113.969040478,27.749704691],[-113.971772098,27.750922975],[-113.972771473,27.748686282],[-113.974444233,27.748831429],[-113.973052249,27.751988974],[-113.974827326,27.748691042],[-113.977467339,27.745058793],[-113.976560763,27.742786408],[-113.977493513,27.743935688],[-113.977586311,27.744571004],[-113.977422128,27.745520409],[-113.973073663,27.75297407],[-113.972242042,27.752773006],[-113.981862203,27.759316525],[-113.987856066,27.754207821],[-113.990604342,27.762124288],[-113.992584055,27.758343324],[-113.99835269,27.760056474],[-114.010116818,27.745994723],[-114.028830803,27.741298441],[-114.039799285,27.75728705],[-114.045200066,27.789676868],[-114.052305732,27.787249819],[-114.055634004,27.800054293],[-114.071180807,27.812211256],[-114.081466027,27.805872967],[-114.078188319,27.803065204],[-114.082658731,27.804323344],[-114.084865682,27.802514953],[-114.085543828,27.800658973],[-114.073346115,27.801528666],[-114.079680242,27.798651898],[-114.065029899,27.78664038],[-114.051148124,27.763346645],[-114.04430772,27.737393546],[-114.07053414,27.732358606],[-114.074424559,27.73671302],[-114.070129631,27.731040089],[-114.076387614,27.731794378],[-114.078294722,27.723016392],[-114.082155399,27.726555246],[-114.079414258,27.724880105],[-114.078686144,27.731180918],[-114.074781478,27.732836582],[-114.07689203,27.739114041],[-114.082740747,27.726374408],[-114.105268292,27.713868852],[-114.100197066,27.715367912],[-114.097947047,27.715378799],[-114.096019685,27.714112925],[-114.100224193,27.714860077],[-114.098305752,27.706858841],[-114.123334113,27.711414914],[-114.146428269,27.726177723],[-114.150494352,27.735352614],[-114.146357737,27.737317196],[-114.147866719,27.748311969],[-114.157120406,27.76318496],[-114.15898043,27.776219648],[-114.169884096,27.788227711],[-114.17229782,27.785503705],[-114.177258521,27.799468284],[-114.175816102,27.813187052],[-114.16577775,27.821967262],[-114.161774306,27.829441744],[-114.177910027,27.819629441],[-114.178582224,27.82294879],[-114.173850072,27.83095865],[-114.169772271,27.830925932],[-114.164656428,27.834316664],[-114.16997155,27.832219765],[-114.168981099,27.838391491],[-114.141394223,27.867495274],[-114.141706528,27.871543333],[-114.133530105,27.882441264],[-114.135668645,27.874957858],[-114.134285583,27.873494491],[-114.13041896,27.873107827],[-114.128259598,27.877610957],[-114.134327224,27.873887101],[-114.134368864,27.879353912],[-114.128693851,27.880867845],[-114.129329862,27.887676053],[-114.13033105,27.887713272],[-114.130926551,27.886730695],[-114.131328514,27.886462719],[-114.132098944,27.886176135],[-114.129668555,27.888982435],[-114.127253036,27.890016315],[-114.15177962,27.898928609],[-114.135314748,27.8946223],[-114.132685445,27.897073501],[-114.158754224,27.90161262],[-114.166609419,27.906883126],[-114.168388066,27.91199302],[-114.170346043,27.908079515],[-114.178045704,27.91443494],[-114.203154966,27.915922104],[-114.172418278,27.922269317],[-114.166778957,27.91668948],[-114.166425011,27.91180861],[-114.168069813,27.912549218],[-114.169500464,27.91262655],[-114.167415462,27.912189324],[-114.167584999,27.910636726],[-114.164042577,27.909473764],[-114.15210958,27.919428834],[-114.145563087,27.906773076],[-114.151568252,27.90331096],[-114.14426628,27.901764312],[-114.147100814,27.904182438],[-114.143998592,27.907430403],[-114.142158737,27.906185164],[-114.143131343,27.90412693],[-114.142893396,27.903924677],[-114.142048687,27.903805704],[-114.142259864,27.910590141],[-114.144315125,27.910625833],[-114.150968692,27.920191266],[-114.146343614,27.917826678],[-114.147762368,27.916393051],[-114.147450064,27.915881468],[-114.146557766,27.915732752],[-114.142277115,27.920260568],[-114.137274299,27.919615139],[-114.135843649,27.916646761],[-114.134868069,27.916233331],[-114.134285101,27.916393944],[-114.135918008,27.918916173],[-114.138154699,27.9203379],[-114.139817347,27.920882203],[-114.143487666,27.920581796],[-114.146598812,27.918472999],[-114.148597559,27.920489591],[-114.153502223,27.920822716],[-114.163939134,27.915067394],[-114.157687101,27.926893315],[-114.166006291,27.928377505],[-114.163597086,27.937632716],[-114.158653757,27.934476955],[-114.154230933,27.936008733],[-114.153882937,27.93787661],[-114.156637162,27.942278614],[-114.144162838,27.939693923],[-114.155102411,27.943379115],[-114.157398591,27.94185626],[-114.154855542,27.935842171],[-114.163811238,27.938168095],[-114.168263805,27.92845097],[-114.163733906,27.923245899],[-114.165836754,27.919254353],[-114.172588475,27.924135224],[-114.171417371,27.949074723],[-114.166337223,27.951668335],[-114.16255626,27.948034898],[-114.159070349,27.947861197],[-114.164083873,27.952372655],[-114.168980803,27.952303651],[-114.177643827,27.943063015],[-114.179276137,27.948462012],[-114.186710762,27.953102853],[-114.174616558,27.939485495],[-114.179424853,27.922319171],[-114.197321375,27.923789677],[-114.192366146,27.928956083],[-114.179227358,27.930116069],[-114.182234996,27.931153514],[-114.196026352,27.92834813],[-114.203400897,27.920251716],[-114.213347152,27.932500659],[-114.209812226,27.922900961],[-114.224868475,27.929810525],[-114.215641876,27.919691154],[-114.232948588,27.91687149],[-114.236527298,27.92049541],[-114.233455116,27.916821224],[-114.242746912,27.912115841],[-114.263808461,27.887454856],[-114.274420857,27.902082593],[-114.273941394,27.929722413],[-114.205440446,28.000000026]]]]}},{"type":"Feature","properties":{"state":"Campeche","official_state_name":"Campeche","state_code_inegi":"04","postal_range":"24","postal_codes":["24"],"question_count":1,"question_01":"24"},"geometry":{"type":"MultiPolygon","coordinates":[[[[-91.95774352,20.19674166],[-91.95546742,20.19652706],[-91.95546448,20.19611409],[-91.95774352,20.19674166]]],[[[-91.97896249,20.20403002],[-91.97656114,20.203188],[-91.97655497,20.20276969],[-91.97896249,20.20403002]]],[[[-91.96100658,20.20347782],[-91.96410668,20.20240531],[-91.96231978,20.20861998],[-91.96100658,20.20347782]]],[[[-90.49630971,20.34371123],[-90.49883188,20.34306717],[-90.49878626,20.34410723],[-90.49630971,20.34371123]]],[[[-90.46476069,20.64421243],[-90.47474397,20.61074634],[-90.47090817,20.59839242],[-90.47825117,20.61826054],[-90.46965371,20.65306603],[-90.46476069,20.64421243]]],[[[-90.46158498,20.65551626],[-90.46239086,20.6393808],[-90.46298168,20.6475462],[-90.4694454,20.65842866],[-90.46158498,20.65551626]]],[[[-90.45860312,20.69374432],[-90.45123928,20.67391597],[-90.45686248,20.67453085],[-90.45180032,20.67007715],[-90.45409894,20.65589163],[-90.46570708,20.66736789],[-90.46680014,20.67565097],[-90.45860312,20.69374432]]],[[[-90.379357,20.84832729],[-90.38664878,20.5555858],[-90.34113811,20.55370112],[-90.33523611,20.57634771],[-90.33523611,20.54131231],[-90.22924097,20.54356289],[-90.23250803,20.51989405],[-90.223766654,20.519164969],[-90.23420799,20.470466619],[-90.1847879,20.461046139],[-90.18629757,20.436932319],[-90.160514821,20.441862769],[-90.13246053,20.439655169],[-90.13157125,20.443077579],[-90.100973512,20.42525177],[-90.067210652,20.425225889],[-90.06601856,20.433975479],[-90.05709876,20.43296588],[-90.05004768,20.456028569],[-90.04168845,20.46645149],[-90.02034149,20.47708306],[-90.00562472,20.4773672],[-90.00417368,20.48702188],[-89.83796388,20.28717588],[-89.87238231,20.28762809],[-89.87566069,20.253101951],[-89.840678169,20.25102751],[-89.846164909,20.209686981],[-89.802505279,20.201605081],[-89.80287086,20.164906602],[-89.79397478,20.136171942],[-89.74847417,20.179269721],[-89.59870389,19.99819738],[-89.604670079,19.938284969],[-89.595841749,19.93742205],[-89.59744588,19.921122341],[-89.58681034,19.92046003],[-89.58749975,19.87442005],[-89.52567237,19.77555465],[-89.47590946,19.771220201],[-89.47914943,19.74064555],[-89.49166182,19.74222845],[-89.47722008,19.71105495],[-89.46829548,19.70016129],[-89.44811299,19.698353511],[-89.41247852,19.64937629],[-89.14666685,19.42386165],[-89.14695143,19.13315666],[-89.13581978,19.13237266],[-89.14712175,18.99504558],[-89.14438185,18.75591874],[-89.15574225,18.75311475],[-89.15131363,18.72402126],[-89.15023782,18.4510594],[-89.12549018,18.45062542],[-89.1212292,18.38584963],[-89.13821406,18.38554389],[-89.13235954,18.29340265],[-89.15167366,18.29356263],[-89.15805868,18.22132698],[-89.14287263,18.22416383],[-89.14306597,18.1458196],[-89.20023665,18.14462934],[-89.20245778,18.08327622],[-89.14438286,18.08244294],[-89.14475354,18.05769908],[-89.16336069,18.05788512],[-89.16300383,18.01851731],[-89.20673894,18.02107995],[-89.20741428,17.9926486],[-89.20587205,17.95409972],[-89.15217009,17.95360998],[-89.15171385,17.81561425],[-90.987639504,17.81547345],[-90.987662547,17.87535655],[-90.995637364,17.87548946],[-90.995506415,17.90215665],[-90.987665998,17.901350679],[-90.987951717,17.96254505],[-91.120200304,17.963375259],[-91.113580647,17.975850481],[-91.130669145,17.982250199],[-91.133182257,17.958009721],[-91.151122965,17.96267345],[-91.144726737,17.975159861],[-91.172604856,17.978049199],[-91.185607845,17.97295017],[-91.192713576,17.978210449],[-91.217459546,17.974986852],[-91.240013085,17.98700369],[-91.250140878,18.006793019],[-91.281419255,18.02400626],[-91.296743196,18.041940319],[-91.323348346,18.053294369],[-91.327024316,18.06266535],[-91.3471648,18.06395029],[-91.35942642,18.07037217],[-91.38442535,18.06406505],[-91.39859151,18.08000502],[-91.43336623,18.08209782],[-91.44417977,18.09507574],[-91.47016182,18.1036218],[-91.47732303,18.11279546],[-91.48886791,18.11807503],[-91.50403591,18.11645914],[-91.50573212,18.13000271],[-91.51653218,18.13048525],[-91.51521285,18.15495248],[-91.50186354,18.15556872],[-91.50933734,18.17105475],[-91.51583257,18.16987602],[-91.53450514,18.14617437],[-91.55276106,18.15817623],[-91.57996602,18.1581798],[-91.58272926,18.1524614],[-91.57219912,18.14201514],[-91.59534694,18.12517508],[-91.58975315,18.10800937],[-91.60322418,18.10774415],[-91.60950468,18.0984384],[-91.60757854,18.07450528],[-91.61929491,18.06080369],[-91.61226902,18.04502098],[-91.61926586,18.01751106],[-91.61582114,17.98908406],[-91.61977338,17.95757411],[-91.62474038,17.94907185],[-91.61962488,17.91918962],[-91.6127136,17.91291903],[-91.63308922,17.90501603],[-91.62910142,17.89712789],[-91.63880594,17.87395378],[-91.71240406,17.92164286],[-91.72510106,17.92449462],[-91.76048731,17.95762568],[-91.76138937,17.94600137],[-91.75710069,17.93973365],[-91.76226654,17.93901428],[-91.76800603,17.94854758],[-91.77118528,17.94436692],[-91.80464422,17.97255051],[-91.86720786,17.98326635],[-91.88811014,18.00633758],[-91.90035477,18.012147],[-91.93535563,18.01020245],[-91.96674771,18.01598845],[-91.97877858,18.04282972],[-91.9921546,18.03925691],[-92.01442874,18.05261332],[-92.02824217,18.07717205],[-92.04209543,18.07831882],[-92.03598625,18.08736334],[-92.03993882,18.09795034],[-92.05260145,18.09408522],[-92.06217168,18.09816394],[-92.06802258,18.09211329],[-92.07679635,18.0942866],[-92.0829738,18.08568831],[-92.121661977,18.101754631],[-92.12742457,18.10865786],[-92.12833569,18.12014986],[-92.14904346,18.13673037],[-92.14878205,18.14929638],[-92.160903,18.15542417],[-92.16056212,18.18866857],[-92.16442397,18.19786562],[-92.14893752,18.21040608],[-92.18324385,18.27406323],[-92.17295137,18.27533769],[-92.17442585,18.29330331],[-92.18042882,18.28982357],[-92.17135755,18.33895431],[-92.18194872,18.37590243],[-92.17736022,18.37588269],[-92.17614774,18.45823322],[-92.31028748,18.45557937],[-92.32252894,18.47308089],[-92.34800645,18.44378337],[-92.35380195,18.4422944],[-92.36070888,18.44682112],[-92.35965783,18.45694632],[-92.36549357,18.46462268],[-92.38481723,18.47814411],[-92.40197091,18.4795342],[-92.41291758,18.48561142],[-92.42526594,18.51130518],[-92.42503543,18.55333677],[-92.45194425,18.60351522],[-92.46574505,18.61656342],[-92.46879002,18.65096495],[-92.36377257,18.669642216],[-92.034107232,18.698119564],[-91.97596339,18.699363643],[-91.95094518,18.692907389],[-91.926994321,18.666800647],[-91.914917467,18.641991714],[-91.900876268,18.630159844],[-91.878534868,18.617742177],[-91.856686166,18.612631582],[-91.825873914,18.63019769],[-91.843665673,18.641768162],[-91.844002468,18.64706974],[-91.846284195,18.644330123],[-91.854044841,18.647280396],[-91.848283485,18.647181307],[-91.852868011,18.653510588],[-91.8551022,18.651162919],[-91.852284764,18.654692594],[-91.841340543,18.664257653],[-91.793697642,18.667106158],[-91.74356092,18.679067718],[-91.700859848,18.698576871],[-91.696927916,18.706785537],[-91.662471575,18.716994598],[-91.639306893,18.732935814],[-91.557809167,18.765545149],[-91.534359825,18.779765006],[-91.530657963,18.780096919],[-91.52847131,18.768985898],[-91.522398593,18.765615878],[-91.498261676,18.781637989],[-91.497471395,18.791964961],[-91.449954129,18.830490399],[-91.396490225,18.890070836],[-91.329448911,18.928760872],[-91.205007027,18.983021478],[-91.118158508,19.031969948],[-91.110891285,19.037535862],[-91.111201524,19.044215292],[-91.08053444,19.067927932],[-90.993317576,19.119290502],[-90.89920256,19.183728285],[-90.758314142,19.307702079],[-90.722662766,19.35891379],[-90.725046219,19.401906568],[-90.710404261,19.439505064],[-90.702956408,19.486574815],[-90.71110148,19.527526211],[-90.70411419,19.553569066],[-90.706349121,19.560843261],[-90.711916223,19.562286184],[-90.693775467,19.595463742],[-90.685556108,19.625363712],[-90.689664714,19.639612191],[-90.695741675,19.636733241],[-90.691524443,19.642743684],[-90.707435655,19.649155596],[-90.70627253,19.654393206],[-90.70967616,19.649670792],[-90.710555518,19.654402159],[-90.743680828,19.655088861],[-90.706360379,19.65466734],[-90.70409227,19.666743068],[-90.712362107,19.671705624],[-90.707114476,19.672018561],[-90.670978317,19.71743166],[-90.66671626,19.728762256],[-90.670248893,19.735385944],[-90.661306096,19.758897584],[-90.634189645,19.781385548],[-90.631147419,19.789686888],[-90.612251459,19.79824606],[-90.593226224,19.817060525],[-90.590051028,19.814016423],[-90.56002295,19.83135383],[-90.522111096,19.85836126],[-90.52943163,19.86542388],[-90.531883427,19.863253885],[-90.529126821,19.865952194],[-90.521492198,19.858798843],[-90.50887808,19.866247746],[-90.492960798,19.885054028],[-90.472182887,19.925125359],[-90.462067806,19.930325671],[-90.451897762,19.95858504],[-90.44730497,19.95947282],[-90.453751402,19.961904643],[-90.452092217,19.974148632],[-90.461186517,19.972949377],[-90.470666287,19.985769915],[-90.473137113,19.994802018],[-90.461283203,20.002647003],[-90.462564215,20.014030774],[-90.478571511,20.030972442],[-90.479702936,20.041554309],[-90.491234445,20.061255296],[-90.486085189,20.069281858],[-90.486614802,20.087513323],[-90.480147428,20.096336356],[-90.47877447,20.113206741],[-90.495150694,20.160099023],[-90.488461435,20.169988662],[-90.479834736,20.173428836],[-90.477432112,20.185206339],[-90.479362036,20.208030966],[-90.485576111,20.204265951],[-90.486754697,20.211804102],[-90.480484641,20.208903328],[-90.489099607,20.215627077],[-90.49212119,20.272258099],[-90.488615061,20.300167988],[-90.492259596,20.31132179],[-90.488793678,20.330857907],[-90.496683959,20.340921773],[-90.488002508,20.346764604],[-90.493389016,20.34901617],[-90.482864064,20.3745121],[-90.49057063,20.401583064],[-90.486153779,20.406296919],[-90.492656581,20.40581046],[-90.496494669,20.429170892],[-90.492657019,20.447544229],[-90.502616479,20.464120298],[-90.498221249,20.469211122],[-90.485497044,20.46286506],[-90.474983981,20.470582239],[-90.475882229,20.47358036],[-90.482372213,20.470177732],[-90.49379957,20.479320819],[-90.502154371,20.471821866],[-90.502312602,20.497564064],[-90.482385892,20.55719527],[-90.464486959,20.584760617],[-90.448173544,20.633775796],[-90.441488206,20.684792631],[-90.443320617,20.719188311],[-90.448041467,20.715359753],[-90.45254672,20.685732633],[-90.454013128,20.703311605],[-90.448505925,20.716276612],[-90.433886673,20.728178248],[-90.431171703,20.746580685],[-90.423798184,20.746374507],[-90.414416734,20.754203881],[-90.407478339,20.768274353],[-90.406830246,20.77636048],[-90.414924384,20.775936562],[-90.415398476,20.816896878],[-90.404524349,20.846763581],[-90.379357,20.84832729]]]]}},{"type":"Feature","properties":{"state":"Coahuila","official_state_name":"Coahuila de Zaragoza","state_code_inegi":"05","postal_range":"25-27","postal_codes":["25","26","27"],"question_count":3,"question_01":"25","question_02":"26","question_03":"27"},"geometry":{"type":"Polygon","coordinates":[[[-102.31548646,29.87999954],[-102.28710805,29.87132809],[-102.28123958,29.86292729],[-102.26509926,29.86770177],[-102.26033923,29.85312302],[-102.25274732,29.85348392],[-102.24643822,29.8642258],[-102.24459738,29.84877349],[-102.23179254,29.84833098],[-102.22323014,29.84053922],[-102.2098366,29.84446597],[-102.19626292,29.83625835],[-102.18702746,29.848773],[-102.17853608,29.84008509],[-102.17955255,29.82606366],[-102.16700254,29.82594312],[-102.15961898,29.81442392],[-102.14357611,29.80357962],[-102.12905982,29.79857925],[-102.11940334,29.80264143],[-102.11526905,29.79242072],[-102.08365163,29.79528794],[-102.07221611,29.78661612],[-102.04912109,29.78546302],[-102.03813758,29.79191726],[-102.04083272,29.79934471],[-102.03545009,29.80424786],[-102.01457131,29.79755228],[-101.99720034,29.80618288],[-101.9878646,29.79699151],[-101.98174308,29.81496591],[-101.97549366,29.81567688],[-101.96662275,29.81261455],[-101.95762055,29.79587209],[-101.94568438,29.80151368],[-101.93542615,29.79955837],[-101.93387649,29.78629457],[-101.92894863,29.78271018],[-101.91193365,29.79804057],[-101.8748342,29.79407752],[-101.85321343,29.80776446],[-101.82360118,29.78727349],[-101.81866818,29.79254169],[-101.82552209,29.807512],[-101.81764666,29.81167043],[-101.80376534,29.8037944],[-101.81402622,29.79240983],[-101.80436775,29.78004291],[-101.78878926,29.77955989],[-101.78545654,29.78833291],[-101.775298489,29.78917062],[-101.75458786,29.77745769],[-101.74237318,29.77895948],[-101.73455412,29.77149355],[-101.71923723,29.77572335],[-101.71008145,29.76181995],[-101.68965842,29.77108126],[-101.68180951,29.76112523],[-101.67603158,29.76056946],[-101.67085994,29.76907143],[-101.66146498,29.77125849],[-101.64385643,29.75407377],[-101.62719463,29.77086738],[-101.60394455,29.77445342],[-101.57486134,29.76927602],[-101.57466192,29.78847309],[-101.5694834,29.79681105],[-101.54464818,29.81218778],[-101.53498871,29.79759971],[-101.53896305,29.78636129],[-101.53665428,29.758121],[-101.51999762,29.76492986],[-101.5022208,29.76415863],[-101.47946238,29.78347285],[-101.46429812,29.78960991],[-101.45342246,29.78466897],[-101.45547102,29.77067357],[-101.44767694,29.75048505],[-101.43685709,29.75109565],[-101.41386886,29.76842442],[-101.40131977,29.77070686],[-101.39865385,29.76264242],[-101.414902451,29.75259072],[-101.41569645,29.74641462],[-101.39717965,29.73535245],[-101.39768254,29.71378575],[-101.37090889,29.69881046],[-101.37349183,29.67747925],[-101.364333,29.66689888],[-101.36070943,29.64868832],[-101.35551142,29.64936178],[-101.34585751,29.66276094],[-101.31902114,29.66063955],[-101.30175051,29.65095928],[-101.30050212,29.63793874],[-101.3126766,29.6059042],[-101.31001609,29.58536615],[-101.30222811,29.57603295],[-101.29152466,29.5720786],[-101.278912881,29.58766902],[-101.28076811,29.61715468],[-101.27027165,29.62821998],[-101.26205415,29.63024868],[-101.24915102,29.62285629],[-101.25225698,29.60316132],[-101.24301434,29.56617058],[-101.25833298,29.54276552],[-101.25860148,29.52244057],[-101.18555226,29.51800186],[-101.17612974,29.51202485],[-101.14763303,29.47446149],[-101.12980645,29.47668708],[-101.1130948,29.47006423],[-101.08772038,29.47269591],[-101.06181234,29.46424552],[-101.05700377,29.44075423],[-101.04318897,29.42943108],[-101.03706523,29.40645182],[-101.01811162,29.38930915],[-101.01005872,29.36853217],[-100.97373103,29.35521098],[-100.96477685,29.34756482],[-100.95024395,29.34794357],[-100.93985045,29.33261895],[-100.918930889,29.325475831],[-100.917031259,29.319394491],[-100.900567489,29.310239751],[-100.88643557,29.30777515],[-100.87686829,29.28014357],[-100.85509172,29.2757164],[-100.83488409,29.26158709],[-100.81378511,29.26371198],[-100.81620131,29.25363714],[-100.79597934,29.24518946],[-100.79580817,29.22876122],[-100.78516974,29.22787211],[-100.77382912,29.21056665],[-100.77603065,29.19975491],[-100.76701315,29.19570603],[-100.76624892,29.18489531],[-100.77607883,29.17269802],[-100.77277951,29.16839152],[-100.76410866,29.16542112],[-100.75959026,29.15703435],[-100.7393238,29.15017954],[-100.73876955,29.14034257],[-100.72447295,29.12728405],[-100.68440675,29.11139457],[-100.67611903,29.1032956],[-100.66442232,29.07468146],[-100.66020542,29.03191746],[-100.64566652,28.9878984],[-100.65145648,28.94286371],[-100.62965166,28.92255071],[-100.63152174,28.91677605],[-100.64091434,28.91461526],[-100.63256466,28.90374426],[-100.62253955,28.91019251],[-100.61336943,28.90118326],[-100.60095071,28.9016104],[-100.60342286,28.88768205],[-100.59184517,28.88961228],[-100.58926452,28.88549708],[-100.59893975,28.87963082],[-100.59880052,28.87479643],[-100.59038909,28.87291712],[-100.58986745,28.86157132],[-100.57300143,28.84876818],[-100.57702308,28.83582442],[-100.57442285,28.82855217],[-100.54763174,28.82624037],[-100.54610838,28.81282908],[-100.53512848,28.80471143],[-100.53298685,28.78853645],[-100.538104418,28.781251369],[-100.529698857,28.768653899],[-100.53344466,28.75881146],[-100.5210576,28.75761246],[-100.514517367,28.751331169],[-100.51444408,28.74216697],[-100.507370428,28.740417619],[-100.50666791,28.71693215],[-100.51201517,28.70648962],[-100.5001772,28.66166815],[-100.479624449,28.65560709],[-100.47435486,28.64712277],[-100.46146714,28.64083962],[-100.44617918,28.6416892],[-100.44715694,28.60922703],[-100.43359189,28.60629],[-100.42985789,28.59622954],[-100.39869382,28.58537602],[-100.39738682,28.57483388],[-100.41099986,28.54975202],[-100.38854026,28.51539898],[-100.33387442,28.49928166],[-100.34436883,28.48615757],[-100.3647816,28.48151345],[-100.36839923,28.47666689],[-100.33746783,28.44302246],[-100.33591303,28.43013702],[-100.34948189,28.40340046],[-100.34293138,28.38715775],[-100.28676006,28.31324246],[-100.29362129,28.27876337],[-100.25451509,28.23787397],[-100.22063695,28.23275797],[-100.20916112,28.19122623],[-100.18425446,28.1849614],[-100.1591194,28.16768862],[-100.14068246,28.16800754],[-100.12006651,28.15584925],[-100.08460986,28.14502869],[-100.06780694,28.11432837],[-100.05647375,28.10475188],[-100.05300302,28.08505242],[-100.01774709,28.06513351],[-100.00764132,28.02146294],[-99.99049226,27.99361654],[-99.96300318,27.9837988],[-99.93122437,27.98058302],[-99.93764985,27.94218948],[-99.92629195,27.93549315],[-99.92582166,27.92707877],[-99.91884942,27.91888045],[-99.90062542,27.91244729],[-99.89352798,27.89947955],[-99.90408262,27.87370492],[-99.90113411,27.86397397],[-99.87696246,27.84146632],[-99.87392211,27.81291377],[-99.87763634,27.79965134],[-99.86927643,27.79428002],[-99.85075949,27.79390317],[-99.84436529,27.77843668],[-99.84322258,27.76986282],[-99.93239972,27.67471169],[-99.99884483,27.6152794],[-100.18842552,27.79913718],[-100.35060985,27.68459855],[-100.41769955,27.393632751],[-100.67800622,27.33479731],[-100.83412342,27.19517397],[-100.8305614,27.07388548],[-100.80960683,27.06836783],[-100.80926852,27.05648248],[-100.79943612,27.04583075],[-100.78423,27.05892229],[-100.765864,27.06332515],[-100.74853083,27.04915269],[-100.74771354,27.03625678],[-100.73583582,27.04757972],[-100.74618302,27.06235529],[-100.74862098,27.08125282],[-100.73771014,27.08472977],[-100.72613008,27.0778822],[-100.71965962,27.07920338],[-100.70810648,27.09985189],[-100.69745285,27.10875274],[-100.68271871,27.11139458],[-100.67679126,27.10687738],[-100.67424249,27.08460497],[-100.66248578,27.08651465],[-100.65370423,27.07572969],[-100.53399785,27.04558443],[-100.53880923,27.03867569],[-100.53570172,27.02700492],[-100.54081834,27.01382338],[-100.53973697,26.98625022],[-100.54525388,26.97835578],[-100.5382394,26.93971985],[-100.54492629,26.92534882],[-100.5384298,26.90611971],[-100.5406658,26.88096998],[-100.55135866,26.85872974],[-100.53815575,26.8085582],[-100.59013583,26.75952066],[-100.60130712,26.73707708],[-100.6144002,26.68563889],[-100.69122889,26.61378942],[-100.75303545,26.7352078],[-100.90509117,26.60863811],[-101.20676271,26.3697782],[-101.09761969,26.25291042],[-101.068574659,26.189031031],[-101.047398179,26.16984602],[-100.98274205,26.1394772],[-100.942898019,26.08678906],[-100.91641566,26.075610551],[-100.904606089,26.00870223],[-100.90553165,25.95694571],[-100.87687866,25.94721917],[-100.83442488,25.94504291],[-100.822668939,25.916884541],[-100.835765569,25.86659431],[-100.84706871,25.857885721],[-100.8619014,25.818478621],[-100.80561395,25.7243018],[-100.803698709,25.70875538],[-100.787775279,25.683597221],[-100.780409828,25.64572943],[-100.783420248,25.63967843],[-100.729772889,25.63389566],[-100.71991648,25.60306695],[-100.69028634,25.56710078],[-100.632901849,25.57129935],[-100.611959769,25.55139937],[-100.614732539,25.542346911],[-100.594298449,25.54437415],[-100.538435909,25.531853921],[-100.52969932,25.514392881],[-100.599750339,25.519959521],[-100.61909058,25.505691081],[-100.579510309,25.49454398],[-100.584889089,25.470813051],[-100.53088315,25.46346765],[-100.52541309,25.449753851],[-100.51746378,25.4490366],[-100.52270309,25.43432472],[-100.49355143,25.430840741],[-100.451878369,25.41081072],[-100.470098819,25.337789851],[-100.41456068,25.326998111],[-100.32680371,25.34035648],[-100.313023449,25.33636722],[-100.263974509,25.3052934],[-100.25413843,25.306908771],[-100.243141909,25.267443351],[-100.2539416,25.265567651],[-100.26251012,25.2540228],[-100.234420509,25.23549643],[-100.247195369,25.23017449],[-100.229575599,25.217916511],[-100.261383509,25.207070571],[-100.305283619,25.21341723],[-100.32555012,25.222258751],[-100.33200742,25.18628522],[-100.472517379,25.231195661],[-100.595685549,25.254762511],[-100.70888778,25.23645757],[-100.80313045,25.16525846],[-100.821505599,24.996710831],[-100.792063089,24.979148181],[-100.791463,24.97405068],[-100.727495489,24.91871655],[-100.82613242,24.83500457],[-100.827413489,24.824207891],[-100.796978249,24.750806911],[-100.80547294,24.596340121],[-100.79993412,24.55618608],[-100.81041635,24.551593781],[-100.847805649,24.555618601],[-100.90223378,24.583917741],[-100.958792599,24.542684061],[-101.08049514,24.59118531],[-101.1276196,24.623361771],[-101.16464594,24.681558971],[-101.17903509,24.732956681],[-101.2017256,24.765488321],[-101.215039139,24.775167851],[-101.23608891,24.77787897],[-101.34214157,24.813352511],[-101.40215706,24.788222431],[-101.412654949,24.772055021],[-101.461639349,24.73675682],[-101.62226971,24.75898308],[-101.64076723,24.80070354],[-101.60901163,24.78966414],[-101.60126063,24.8355632],[-101.65633177,24.86079317],[-101.68514949,24.84001266],[-101.77346295,24.87553512],[-101.83189846,24.97217322],[-101.84881,25.01762362],[-102.08180563,25.0707006],[-102.2376222,25.11846238],[-102.29551303,25.12523551],[-102.4633252,25.11591615],[-102.44676345,24.99951542],[-102.66969398,25.06663649],[-102.85313072,24.77200095],[-102.85640278,24.73977397],[-102.86964249,24.74204942],[-102.88324757,24.75055162],[-102.89543209,24.76599358],[-102.90746728,24.76788446],[-102.9160354,24.77610637],[-102.92142965,24.77295077],[-102.92327477,24.78032046],[-102.94927371,24.77975508],[-102.96361891,24.78811203],[-102.9649182,24.79400855],[-102.97456758,24.79280832],[-102.97518223,24.79945197],[-102.99081083,24.79403762],[-103.00136498,24.79838026],[-103.00513802,24.79321815],[-103.01506695,24.80095075],[-103.02181932,24.79993615],[-103.03335525,24.81084017],[-103.05374472,24.80994355],[-103.06884715,24.81855915],[-103.09294691,24.82286143],[-103.25914589,24.96465877],[-103.24536378,24.9824628],[-103.24656308,24.9960266],[-103.27046954,25.0156596],[-103.27405397,25.02335989],[-103.26748934,25.02804372],[-103.27801522,25.03461417],[-103.269452,25.04024246],[-103.27446463,25.04594772],[-103.26878889,25.04914332],[-103.26957731,25.05489383],[-103.26150632,25.05416825],[-103.26218034,25.05854931],[-103.27823145,25.06296943],[-103.29124132,25.07053328],[-103.29500638,25.07997837],[-103.33722594,25.09912698],[-103.34266238,25.11032942],[-103.35953931,25.11002885],[-103.37714185,25.14204917],[-103.39429042,25.15773563],[-103.40285778,25.18234891],[-103.40923692,25.18238535],[-103.42579595,25.20153929],[-103.43868157,25.2019588],[-103.45006258,25.21905409],[-103.45021374,25.22861491],[-103.46623395,25.23868038],[-103.47318437,25.25010768],[-103.49672011,25.25574852],[-103.50383483,25.27465409],[-103.51093663,25.2798166],[-103.50935169,25.29146257],[-103.49767043,25.29514925],[-103.49574289,25.31110946],[-103.48578611,25.31483586],[-103.47925015,25.32392478],[-103.48648332,25.33286183],[-103.48042048,25.33433663],[-103.46621663,25.35234817],[-103.46205937,25.37631094],[-103.40669917,25.3989014],[-103.39049505,25.39739258],[-103.38046172,25.39095645],[-103.36551943,25.39315628],[-103.35122842,25.37297735],[-103.3369162,25.37123114],[-103.34136772,25.41014223],[-103.369062,25.41646072],[-103.39065129,25.43459115],[-103.39874765,25.45060038],[-103.43572855,25.47907398],[-103.49441429,25.5377318],[-103.46956083,25.546437231],[-103.45544475,25.55706145],[-103.45099069,25.57893369],[-103.43536654,25.58277754],[-103.43329985,25.58808206],[-103.43840582,25.59664328],[-103.429624449,25.59891669],[-103.42685023,25.61209003],[-103.41602526,25.6144216],[-103.42477012,25.62367992],[-103.40327558,25.62812829],[-103.4087358,25.63967215],[-103.40600325,25.64502715],[-103.38142223,25.64034234],[-103.38304092,25.6553174],[-103.36476237,25.6719708],[-103.35948634,25.68886209],[-103.34921371,25.69344394],[-103.35499086,25.69986003],[-103.33943689,25.70760482],[-103.35283606,25.71655309],[-103.34028918,25.72403448],[-103.333705218,25.738736109],[-103.318587659,25.81270129],[-103.346360109,25.860304381],[-103.350488219,26.142389951],[-103.26082526,26.28472682],[-103.3167926,26.361776181],[-103.37418349,26.60235489],[-103.63698243,26.69343577],[-103.64389145,26.69015849],[-103.658255999,26.71948395],[-103.69909411,26.72525638],[-103.70164095,26.73078309],[-103.71524869,26.73507726],[-103.7248708,26.77210652],[-103.75061974,26.80990508],[-103.75396792,26.82957345],[-103.77960545,26.83612625],[-103.85170071,26.89613383],[-103.85194346,26.90523045],[-103.83591918,26.93581335],[-103.85208903,26.93461942],[-103.78462875,26.98069852],[-103.77994769,27.00888629],[-103.74083437,27.02252175],[-103.7524612,27.0779196],[-103.78347032,27.0912056],[-103.79939848,27.12472954],[-103.79842734,27.21347569],[-103.80939543,27.24920308],[-103.81976349,27.24295655],[-103.83059326,27.27684748],[-103.83212255,27.29829348],[-103.87687602,27.31159214],[-103.86365042,27.44092074],[-103.85850514,27.43989149],[-103.85460095,27.54943274],[-103.86883766,27.60713683],[-103.88355552,27.60077175],[-103.89726286,27.65654877],[-103.88324458,27.65759182],[-103.89553266,27.6740212],[-103.88950494,27.71321714],[-103.89669229,27.74055725],[-103.88114534,27.73918574],[-103.93564955,27.79755274],[-103.90084392,27.82685726],[-103.94390671,27.82687055],[-103.96000192,27.83530902],[-103.94578305,27.85638823],[-103.94333128,27.88884322],[-103.95497349,27.950821],[-103.93564309,27.94534237],[-103.94186758,27.92779649],[-103.89288585,27.91402297],[-103.87771594,27.95749034],[-103.92669189,27.97135675],[-103.88948525,28.06037692],[-103.86094129,28.10902194],[-103.86749986,28.11213568],[-103.76817978,28.30037252],[-103.76287125,28.29819678],[-103.72833286,28.35649102],[-103.6430108,28.51246188],[-103.64335503,28.53063445],[-103.64794446,28.53298348],[-103.6245676,28.58114651],[-103.601008401,28.5749074],[-103.59191588,28.59083426],[-103.61604603,28.59819472],[-103.59637371,28.63947455],[-103.58200149,28.62879351],[-103.57265895,28.64063917],[-103.55729531,28.61128068],[-103.51976198,28.66874503],[-103.51451214,28.66499785],[-103.4632546,28.75661454],[-103.46634535,28.75945763],[-103.43166305,28.81318035],[-103.41001538,28.84092238],[-103.40458611,28.82955152],[-103.39634672,28.83352857],[-103.39491485,28.84384772],[-103.40365025,28.86925417],[-103.35770066,28.92025063],[-103.30763997,29.00328566],[-103.300664121,29.00808557],[-103.28790522,29.00205185],[-103.281672421,28.98745629],[-103.28835315,28.97812523],[-103.27992203,28.97588749],[-103.26734155,28.99600369],[-103.25052162,28.98026017],[-103.237416579,28.98179788],[-103.22799637,28.99171294],[-103.22037114,28.98348148],[-103.20252045,28.98710455],[-103.17672154,28.97783822],[-103.17062058,28.98034158],[-103.16386572,28.97204646],[-103.15384474,28.97147575],[-103.13537954,28.98351397],[-103.1158546,28.98435728],[-103.11746255,29.00014912],[-103.09797375,29.02675674],[-103.10665148,29.03836497],[-103.10070966,29.06033088],[-103.09244125,29.06445705],[-103.09063614,29.05395574],[-103.08587402,29.05381274],[-103.08748715,29.06733411],[-103.07699515,29.07561746],[-103.08033105,29.08711974],[-103.07597215,29.09142142],[-103.06424486,29.09126029],[-103.05470106,29.10072449],[-103.04497895,29.09525842],[-103.03379728,29.10120397],[-103.03714458,29.11381186],[-103.02817852,29.11552905],[-103.0201638,29.12575612],[-103.01354817,29.12506405],[-103.01568918,29.13444657],[-103.00880782,29.13754551],[-103.008179,29.14824928],[-102.99612642,29.16062091],[-102.99527409,29.17964382],[-102.97557692,29.1862844],[-102.95081937,29.17352865],[-102.94318534,29.19159575],[-102.937991231,29.18819998],[-102.93251171,29.19472982],[-102.91789497,29.19083738],[-102.9190564,29.19913542],[-102.9143526,29.20014426],[-102.91287466,29.20687577],[-102.91627963,29.21564383],[-102.91231168,29.21943369],[-102.89436995,29.20857288],[-102.87843575,29.21366803],[-102.86735906,29.22372677],[-102.87150929,29.24159962],[-102.88782532,29.24578763],[-102.90630691,29.25931906],[-102.89918126,29.26920974],[-102.903186261,29.27910928],[-102.8881756,29.29269192],[-102.89311803,29.30785685],[-102.887234939,29.31146555],[-102.88113788,29.33361702],[-102.88398172,29.34798051],[-102.87701451,29.35484952],[-102.86142222,29.35128935],[-102.83921977,29.35889535],[-102.84529408,29.36490837],[-102.84493677,29.37430828],[-102.83400543,29.37875311],[-102.82540217,29.39692785],[-102.81238971,29.40026832],[-102.82562763,29.40234751],[-102.82626602,29.40750669],[-102.83322283,29.41019669],[-102.82695708,29.41729515],[-102.83225929,29.43271066],[-102.83074231,29.44426946],[-102.81936966,29.45077502],[-102.82537702,29.45793814],[-102.81420312,29.47146451],[-102.81459123,29.48248025],[-102.800667179,29.48614229],[-102.80726182,29.49423211],[-102.80440329,29.501277],[-102.80832074,29.52264025],[-102.79214522,29.53272285],[-102.79086991,29.54321198],[-102.780380419,29.54235668],[-102.77104982,29.54840017],[-102.77773931,29.56069337],[-102.77398694,29.57319175],[-102.76627612,29.57205632],[-102.76212652,29.57953872],[-102.76841658,29.59494478],[-102.76016103,29.59851491],[-102.74591018,29.59258494],[-102.74020134,29.59789948],[-102.74102143,29.63586372],[-102.737398,29.64190108],[-102.7257222,29.64326111],[-102.72568405,29.65130322],[-102.69330814,29.67672403],[-102.69942697,29.68546418],[-102.69862258,29.69734915],[-102.68891394,29.70513531],[-102.69103145,29.72200555],[-102.68148932,29.72826969],[-102.67486902,29.74405546],[-102.66830318,29.74590546],[-102.66696274,29.73899503],[-102.65959972,29.73547091],[-102.63028162,29.73403949],[-102.62249648,29.73630782],[-102.61240806,29.74821611],[-102.58898358,29.74900931],[-102.57403569,29.75501951],[-102.57506725,29.76616662],[-102.56956702,29.7717444],[-102.54804935,29.74460308],[-102.51367138,29.76573815],[-102.51078526,29.77358242],[-102.51869589,29.77882435],[-102.517778199,29.78393991],[-102.499145,29.78114972],[-102.48724835,29.78692866],[-102.4807926,29.77621429],[-102.47234282,29.77639065],[-102.46624265,29.7837778],[-102.458363,29.77499706],[-102.44834872,29.77787512],[-102.43918934,29.77350614],[-102.43420831,29.77713683],[-102.40928189,29.76470903],[-102.3944794,29.76927415],[-102.38757609,29.76150885],[-102.38505248,29.77113443],[-102.39027477,29.78238917],[-102.37721408,29.79008757],[-102.37755937,29.80047408],[-102.36311069,29.83140275],[-102.36490738,29.8455472],[-102.35215265,29.85290277],[-102.35001914,29.86270726],[-102.34150542,29.86939442],[-102.33375515,29.86824695],[-102.33212949,29.86289974],[-102.32367997,29.86402651],[-102.324804551,29.8734722],[-102.31548646,29.87999954]]]}},{"type":"Feature","properties":{"state":"Colima","official_state_name":"Colima","state_code_inegi":"06","postal_range":"28","postal_codes":["28"],"question_count":1,"question_01":"28"},"geometry":{"type":"MultiPolygon","coordinates":[[[[-114.737343156,18.372059999],[-114.722503172,18.365966696],[-114.689607707,18.37113592],[-114.680502166,18.36130842],[-114.698368408,18.34515923],[-114.70943124,18.350457447],[-114.72500129,18.342935158],[-114.728750571,18.349141506],[-114.732301268,18.342278782],[-114.741145525,18.344014147],[-114.752103047,18.33886391],[-114.759389308,18.345741742],[-114.756376125,18.365303726],[-114.737343156,18.372059999]]],[[[-104.488821528,19.103569806],[-104.484882547,19.102822295],[-104.487341392,19.101207212],[-104.488821528,19.103569806]]],[[[-110.986336276,18.861140359],[-110.979793477,18.857498667],[-110.977135401,18.861545625],[-110.977746713,18.854759014],[-110.969803516,18.85441272],[-110.957743452,18.837958013],[-110.946816149,18.840264379],[-110.940263049,18.834317717],[-110.939414376,18.822523822],[-110.915793348,18.79835389],[-110.915052462,18.782390327],[-110.907745076,18.778911535],[-110.915679816,18.776953384],[-110.919036854,18.769722686],[-110.915932006,18.75459587],[-110.920091834,18.732295176],[-110.928668597,18.727874454],[-110.940099568,18.730122801],[-110.942870947,18.721678841],[-110.949548931,18.726344888],[-110.951474521,18.719222983],[-110.958119745,18.723770609],[-110.954958786,18.731254224],[-110.970817339,18.745283581],[-110.98453951,18.744800164],[-110.988981446,18.752958188],[-111.000214264,18.758261955],[-111.005960241,18.752566105],[-111.010891147,18.756278515],[-111.015535534,18.753744181],[-111.018622367,18.76080683],[-111.015137429,18.764495731],[-111.019075571,18.763851573],[-111.021429268,18.77506222],[-111.028288822,18.775154527],[-111.035862032,18.787923753],[-111.046234777,18.785884109],[-111.049110678,18.779854984],[-111.055591439,18.78068887],[-111.040968886,18.798441098],[-111.048213167,18.808493873],[-111.043420802,18.814518405],[-111.052058196,18.816302956],[-111.041624088,18.81669054],[-111.040454873,18.813880662],[-111.037023112,18.821047289],[-111.027431415,18.818935116],[-111.0251051,18.826059124],[-111.018015366,18.822524116],[-111.012935734,18.825372714],[-111.008285854,18.846866545],[-110.99792932,18.851902701],[-110.998898539,18.85894936],[-110.989337234,18.860769066],[-110.988553966,18.866480402],[-110.983784723,18.863740963],[-110.986336276,18.861140359]]],[[[-112.06565228,18.99324622],[-112.06613129,18.99214818],[-112.06624491,18.99336263],[-112.06565228,18.99324622]]],[[[-103.61827651,19.51251877],[-103.60619931,19.50055786],[-103.61482422,19.49404662],[-103.61535757,19.47499545],[-103.57891669,19.43548575],[-103.57426842,19.41156232],[-103.56878008,19.40624152],[-103.5562112,19.40697174],[-103.526722,19.37276472],[-103.52220862,19.35782558],[-103.50166314,19.34489097],[-103.492553658,19.346505737],[-103.48642998,19.33789065],[-103.48681854,19.32741342],[-103.49566931,19.31975566],[-103.48987829,19.31068622],[-103.49922662,19.30850651],[-103.50096688,19.2997506],[-103.50918158,19.29514991],[-103.50532865,19.25326802],[-103.50990622,19.24330151],[-103.50569078,19.23615651],[-103.51414175,19.21798491],[-103.50986658,19.21366183],[-103.51523852,19.2113518],[-103.49859283,19.18695174],[-103.49763088,19.17464215],[-103.50916565,19.15596131],[-103.51395455,19.13834054],[-103.51100905,19.13204911],[-103.5236168,19.11564066],[-103.51738778,19.0987906],[-103.52648063,19.07872805],[-103.522226,19.07666523],[-103.52257414,19.06621485],[-103.50134069,19.04872295],[-103.49695105,19.03517678],[-103.48850554,19.02758675],[-103.49878222,19.01167365],[-103.49083122,18.99582082],[-103.48985071,18.98077165],[-103.49567589,18.97204368],[-103.48845302,18.96390518],[-103.49306178,18.95795595],[-103.50860145,18.96367132],[-103.50291538,18.95778955],[-103.50637,18.94822552],[-103.52253563,18.94791669],[-103.51442162,18.93438874],[-103.52354832,18.92719894],[-103.53405871,18.9262932],[-103.52841403,18.91231672],[-103.53134792,18.90625912],[-103.54148906,18.90966523],[-103.55807468,18.90658043],[-103.559625,18.89595569],[-103.56885329,18.8925188],[-103.57324414,18.87132789],[-103.58234403,18.87562486],[-103.58757569,18.86584695],[-103.58820782,18.87575066],[-103.59629009,18.88394537],[-103.6025266,18.88159926],[-103.61555611,18.89242088],[-103.63028009,18.88532485],[-103.64057237,18.86724449],[-103.61718726,18.84285134],[-103.62619965,18.83097437],[-103.62069142,18.82035182],[-103.62003102,18.8013832],[-103.63797822,18.78320754],[-103.679017,18.77321105],[-103.68543838,18.75729277],[-103.70030265,18.75435575],[-103.71893031,18.71043149],[-103.73798223,18.69407443],[-103.737905233,18.684022942],[-103.75264114,18.70305925],[-103.80341894,18.74891023],[-103.94750414,18.84209225],[-103.983208415,18.872251432],[-104.16081369,18.96268391],[-104.249734485,18.995882353],[-104.25767833,18.994894899],[-104.256529707,18.998393336],[-104.262644266,18.996699601],[-104.26564402,19.00158717],[-104.295149073,19.012521831],[-104.31958037,19.01893562],[-104.33206412,19.01762188],[-104.336290573,19.0294413],[-104.33100238,19.03629066],[-104.33007425,19.05115986],[-104.314664339,19.061171081],[-104.317686582,19.054676197],[-104.305351631,19.057295569],[-104.303953698,19.071855489],[-104.314461399,19.08982518],[-104.333972977,19.102160305],[-104.345389632,19.103172765],[-104.34401677,19.0984328],[-104.35415534,19.0910378],[-104.356172678,19.096944545],[-104.349826654,19.103507098],[-104.35459918,19.10532329],[-104.350809371,19.110011355],[-104.35540855,19.11538385],[-104.37538378,19.11966414],[-104.39394294,19.11461295],[-104.39879502,19.10648442],[-104.38980029,19.09601602],[-104.395431405,19.085027015],[-104.411320255,19.106449778],[-104.423184248,19.100543956],[-104.427823006,19.091799436],[-104.438474665,19.098395303],[-104.43641575,19.08604672],[-104.44171798,19.08325675],[-104.452449239,19.100868753],[-104.4514724,19.10848372],[-104.467193569,19.109892859],[-104.48938205,19.12455315],[-104.60400929,19.15086612],[-104.69058569,19.17697588],[-104.68799892,19.18487868],[-104.68093592,19.18377375],[-104.68361231,19.18995792],[-104.67997934,19.19317152],[-104.67514565,19.18549574],[-104.6293416,19.17290635],[-104.61882157,19.18085145],[-104.61530151,19.17410417],[-104.61895729,19.16766666],[-104.61147358,19.16100095],[-104.61283389,19.15548282],[-104.58984008,19.15009522],[-104.58578017,19.16181432],[-104.59614263,19.16405223],[-104.60028748,19.17905337],[-104.5900288,19.18653168],[-104.58398962,19.17798932],[-104.57693762,19.1802046],[-104.57476911,19.19303038],[-104.56724857,19.20126612],[-104.56911274,19.21869523],[-104.56026131,19.21969855],[-104.55451595,19.23709778],[-104.53028786,19.25978883],[-104.52331938,19.26037238],[-104.50838474,19.24422505],[-104.49453543,19.25394705],[-104.48844803,19.24723269],[-104.48895489,19.22994337],[-104.47725769,19.23870338],[-104.47167291,19.22883585],[-104.46301626,19.23295966],[-104.46700818,19.24510689],[-104.45569874,19.24804026],[-104.45980497,19.25444842],[-104.45752702,19.25941946],[-104.43840785,19.26287309],[-104.43574989,19.27015562],[-104.43925912,19.27798786],[-104.41744763,19.28026909],[-104.4009456,19.2890698],[-104.39743168,19.2858192],[-104.40245263,19.27840066],[-104.40132251,19.26681303],[-104.38433094,19.27204158],[-104.37427346,19.28188398],[-104.36331612,19.27533622],[-104.36187369,19.26907842],[-104.34388029,19.28954598],[-104.31480391,19.27935589],[-104.297591,19.30267077],[-104.28363525,19.29700528],[-104.28145402,19.30280885],[-104.2698006,19.30192709],[-104.26117905,19.3118062],[-104.24626818,19.31195542],[-104.21842417,19.299015621],[-104.20434629,19.303602221],[-104.19166737,19.29220977],[-104.19001637,19.30203271],[-104.179801319,19.312562121],[-104.169796579,19.31296374],[-104.16164983,19.30271965],[-104.152930379,19.31515242],[-104.14478909,19.31124097],[-104.14015886,19.316167031],[-104.136035999,19.312934941],[-104.132207749,19.320886261],[-104.12298462,19.31904194],[-104.12549737,19.324252251],[-104.121588629,19.32749655],[-104.13334412,19.353745831],[-104.12026322,19.36009045],[-104.11879858,19.371663551],[-104.109598,19.38119709],[-104.090226219,19.3930248],[-104.083837399,19.41559895],[-104.070883749,19.435235431],[-104.079942939,19.43178175],[-104.086639779,19.442031],[-104.076739519,19.48021472],[-104.068981259,19.48429683],[-104.06172506,19.49770294],[-104.051763599,19.49760054],[-104.03913571,19.484661461],[-104.00004555,19.468828831],[-103.97400709,19.474552911],[-103.96479866,19.454162651],[-103.8995216,19.43454725],[-103.89796208,19.43859949],[-103.90876546,19.45362831],[-103.88933089,19.46359731],[-103.87941817,19.44448866],[-103.863755,19.44738474],[-103.85645277,19.43133054],[-103.83524818,19.43970402],[-103.82413489,19.43778825],[-103.82796806,19.43266531],[-103.81925286,19.40873971],[-103.79273366,19.42751369],[-103.77437412,19.43054938],[-103.75065832,19.44566357],[-103.73530868,19.443423],[-103.71825732,19.45349751],[-103.7157894,19.46700952],[-103.70827331,19.46985654],[-103.69004529,19.49244777],[-103.66487862,19.50263091],[-103.65154095,19.50099603],[-103.61827651,19.51251877]]],[[[-110.801021451,19.334874325],[-110.79451024,19.333452899],[-110.79140415,19.324538649],[-110.800564884,19.311697627],[-110.796283879,19.302702156],[-110.812655325,19.298234779],[-110.818851272,19.306517533],[-110.815693934,19.314386409],[-110.803195436,19.320099012],[-110.805676293,19.32520727],[-110.800527025,19.326258124],[-110.801021451,19.334874325]]]]}},{"type":"Feature","properties":{"state":"Chiapas","official_state_name":"Chiapas","state_code_inegi":"07","postal_range":"29-30","postal_codes":["29","30"],"question_count":2,"question_01":"29","question_02":"30"},"geometry":{"type":"Polygon","coordinates":[[[-91.99988789,17.94334465],[-91.97845257,17.91368865],[-91.93959785,17.90629306],[-91.95683277,17.87992991],[-91.95708157,17.87064026],[-91.94840917,17.86330835],[-91.92806134,17.87082251],[-91.92549683,17.89193417],[-91.91812769,17.89951965],[-91.90296682,17.89603423],[-91.89416148,17.88750026],[-91.87068931,17.89078072],[-91.84968629,17.8828646],[-91.81090755,17.89940117],[-91.80436874,17.86886645],[-91.77969046,17.85129858],[-91.79237158,17.82451694],[-91.78225312,17.78248463],[-91.79115889,17.75653903],[-91.79016174,17.74601811],[-91.79836866,17.74418348],[-91.81032503,17.75132334],[-91.83066169,17.73767723],[-91.81843395,17.72743223],[-91.78651588,17.71902568],[-91.78053169,17.70781948],[-91.77595617,17.709158321],[-91.77660258,17.715431681],[-91.76785262,17.703115451],[-91.75391478,17.705347321],[-91.74824397,17.70017702],[-91.73880623,17.71080865],[-91.74138352,17.70577403],[-91.733294,17.696580341],[-91.72476354,17.69206389],[-91.71754542,17.69840923],[-91.71707749,17.68774651],[-91.70403577,17.69222509],[-91.70095798,17.678939781],[-91.69371123,17.685001201],[-91.68137726,17.67013372],[-91.67299249,17.68347243],[-91.65474351,17.67615712],[-91.65900758,17.66593523],[-91.66433929,17.66666063],[-91.66039151,17.6655244],[-91.66360746,17.66215483],[-91.65865878,17.65645471],[-91.65976449,17.64919477],[-91.65405457,17.645229431],[-91.6587876,17.639707981],[-91.65281126,17.63857074],[-91.65808112,17.63453934],[-91.65490495,17.6305482],[-91.65989858,17.630447461],[-91.64456749,17.621924551],[-91.64674237,17.617901461],[-91.65219368,17.619759171],[-91.65679622,17.612203981],[-91.65948197,17.61363377],[-91.6635632,17.61216714],[-91.65308489,17.598665281],[-91.64462075,17.595703801],[-91.64714777,17.59019131],[-91.6388274,17.58146943],[-91.64103108,17.55801403],[-91.63476969,17.550501431],[-91.6391892,17.54159354],[-91.63428774,17.534624261],[-91.64249112,17.52901665],[-91.64182131,17.51892203],[-91.64907717,17.517772741],[-91.65007309,17.49568508],[-91.65447452,17.496694971],[-91.65221749,17.492193511],[-91.66102685,17.48737286],[-91.66281677,17.47981674],[-91.6668576,17.482120601],[-91.672638,17.47814188],[-91.67145966,17.473652181],[-91.675113,17.47154198],[-91.67678862,17.47588243],[-91.68190566,17.469447971],[-91.69024086,17.47499217],[-91.6920932,17.46702195],[-91.69979725,17.46711105],[-91.6652056,17.46166023],[-91.67204314,17.44405882],[-91.64332643,17.43098798],[-91.63733735,17.42995718],[-91.63488734,17.43649492],[-91.62020768,17.43170045],[-91.61748594,17.42624249],[-91.60894817,17.42549983],[-91.60689818,17.41689138],[-91.57968832,17.40734382],[-91.55879354,17.40052958],[-91.55785669,17.42224415],[-91.53724422,17.41973617],[-91.53684714,17.40736268],[-91.50993554,17.39220271],[-91.50500477,17.39948245],[-91.45649563,17.37572154],[-91.43929846,17.38428737],[-91.41983262,17.37407068],[-91.41437589,17.35918551],[-91.41677535,17.34562712],[-91.39699742,17.33794506],[-91.38351423,17.31283055],[-91.38954918,17.29951645],[-91.41259251,17.307549],[-91.42552935,17.30184412],[-91.42749635,17.27658362],[-91.43975886,17.25000005],[-91.42742435,17.21659483],[-91.41122218,17.20619449],[-91.3755294,17.20455483],[-91.35474766,17.19077114],[-91.34695355,17.17680443],[-91.350307,17.1637032],[-91.34648977,17.15902712],[-91.33557057,17.16124417],[-91.33123815,17.17679266],[-91.32445028,17.18274731],[-91.27908551,17.17963252],[-91.26644706,17.17013303],[-91.26344346,17.15826425],[-91.27306782,17.13773448],[-91.26694323,17.10787811],[-91.25629637,17.10103951],[-91.23445855,17.10058749],[-91.22695802,17.09505897],[-91.210307,17.05307814],[-91.17525329,17.015704],[-91.154403,17.00487005],[-91.12275903,17.00338394],[-91.12004969,16.97752834],[-91.10440909,16.97020065],[-91.09320192,16.95181948],[-91.07981755,16.94351026],[-91.06448006,16.92512975],[-91.07404431,16.91363566],[-91.06562732,16.90285825],[-91.00711226,16.88618351],[-90.99387369,16.87705789],[-90.98783149,16.86308495],[-90.98050285,16.87268046],[-90.98506309,16.89795408],[-90.97607557,16.90289903],[-90.96500934,16.90150002],[-90.95730311,16.8965798],[-90.95450922,16.88447417],[-90.97213077,16.87095909],[-90.97405478,16.86362646],[-90.9679292,16.8603676],[-90.95004689,16.86540374],[-90.9336388,16.85932649],[-90.93388875,16.84232109],[-90.92176512,16.82193538],[-90.87771254,16.82378622],[-90.86130515,16.81164908],[-90.85564058,16.7987606],[-90.84878448,16.79653488],[-90.80409192,16.7987158],[-90.80280938,16.77623451],[-90.76243085,16.76275422],[-90.75684512,16.75106094],[-90.71525803,16.72789066],[-90.70776574,16.71809528],[-90.70951229,16.70475475],[-90.68169163,16.68857034],[-90.67594823,16.66056149],[-90.65759562,16.63945765],[-90.66198452,16.62796588],[-90.65335789,16.59450305],[-90.666973727,16.589185582],[-90.666841438,16.581806451],[-90.657559527,16.577181781],[-90.644634918,16.579077221],[-90.640492527,16.595814261],[-90.625600728,16.577704341],[-90.647077577,16.560517781],[-90.648562668,16.544760152],[-90.642609258,16.534347852],[-90.645410087,16.518643482],[-90.635594828,16.513520851],[-90.616583698,16.521789621],[-90.605625458,16.503637341],[-90.609218688,16.494193712],[-90.618591628,16.488638201],[-90.633441918,16.489111541],[-90.632493653,16.480079851],[-90.62042263,16.47717809],[-90.61344957,16.48844997],[-90.59519665,16.49077538],[-90.5936696,16.47534534],[-90.58844568,16.46968582],[-90.54701191,16.48235109],[-90.54291888,16.47985445],[-90.54693912,16.46805562],[-90.52780171,16.45771622],[-90.52381018,16.46719145],[-90.51421577,16.46989634],[-90.50060911,16.46691517],[-90.49580414,16.45348855],[-90.480353,16.46126294],[-90.47788785,16.44368332],[-90.48651066,16.43092538],[-90.48608745,16.423912],[-90.45877409,16.4210196],[-90.42072422,16.42489654],[-90.40771988,16.40403325],[-90.39426894,16.41593552],[-90.38729226,16.41200208],[-90.38780488,16.40614317],[-90.40134632,16.398633],[-90.401126,16.39143189],[-90.38645206,16.37793871],[-90.37292755,16.37435032],[-90.37032603,16.36592792],[-90.37455577,16.35962035],[-90.37972198,16.36002749],[-90.38892618,16.3727504],[-90.39581203,16.37451155],[-90.40976588,16.36301589],[-90.4093142,16.34589914],[-90.40752398,16.35890286],[-90.40303437,16.36105657],[-90.39924097,16.34939329],[-90.3833286,16.3452118],[-90.38164231,16.33844958],[-90.38686928,16.33424875],[-90.39753526,16.33959857],[-90.41001091,16.32918294],[-90.41164372,16.30723629],[-90.43857015,16.30209534],[-90.43179186,16.29222448],[-90.43999631,16.28715268],[-90.44048158,16.27979217],[-90.42722657,16.26959712],[-90.42242988,16.25917891],[-90.42826478,16.25389329],[-90.44547478,16.26152474],[-90.45471658,16.24864791],[-90.45055142,16.24054052],[-90.44004394,16.24757442],[-90.43808917,16.24008554],[-90.42782686,16.23319554],[-90.45119085,16.22489522],[-90.45667331,16.20950568],[-90.45197822,16.18504037],[-90.43146226,16.17764811],[-90.424505,16.16318445],[-90.45025012,16.1499508],[-90.44851486,16.14379775],[-90.42788114,16.13712138],[-90.4297658,16.11776886],[-90.45144591,16.12450402],[-90.45661157,16.11214872],[-90.45366957,16.09225914],[-90.44636163,16.09335266],[-90.43377254,16.10514335],[-90.4250384,16.10366702],[-90.42560725,16.09624669],[-90.43516318,16.09599254],[-90.4451538,16.08302215],[-90.44084089,16.07419489],[-91.73138415,16.07402037],[-92.21007594,15.26121538],[-92.05919722,15.07033365],[-92.07315955,15.06151082],[-92.06835448,15.05535715],[-92.07019602,15.04678111],[-92.07792406,15.04588148],[-92.07865895,15.03230069],[-92.08566582,15.02072886],[-92.09730266,15.01507889],[-92.09879129,15.00960743],[-92.12698292,15.01523662],[-92.13923737,15.00251102],[-92.13943825,14.99456952],[-92.150767629,14.986917571],[-92.14477405,14.97494709],[-92.148567369,14.95292368],[-92.14119705,14.92259877],[-92.144694969,14.909503711],[-92.136216309,14.891649571],[-92.146562779,14.87020542],[-92.17174194,14.86019266],[-92.18178618,14.84686688],[-92.18483409,14.82826425],[-92.17707449,14.81578586],[-92.17727972,14.80097369],[-92.16072585,14.77349654],[-92.16185542,14.76202478],[-92.17176091,14.75674614],[-92.1699306,14.74374966],[-92.157837249,14.73636706],[-92.14749471,14.71903454],[-92.14895017,14.70540105],[-92.14299818,14.69115923],[-92.14573814,14.66344258],[-92.16043803,14.65071722],[-92.15909894,14.64192531],[-92.16826491,14.64058457],[-92.17705438,14.62622563],[-92.18121982,14.61446225],[-92.17444405,14.61161926],[-92.18247635,14.57832948],[-92.19824931,14.56428672],[-92.21526042,14.55689835],[-92.2165412,14.54314829],[-92.22675194,14.53209837],[-92.373728466,14.666551646],[-92.408776737,14.693228974],[-92.41553564,14.692790562],[-92.40870149,14.70245568],[-92.43257322,14.72842346],[-92.51589805,14.80503569],[-92.851364941,15.149898843],[-92.85397771,15.1587866],[-92.858933944,15.158854333],[-92.956444052,15.255666241],[-93.164700424,15.446623908],[-93.33234555,15.59112458],[-93.540466334,15.753961277],[-93.74898129,15.89651502],[-93.89075591,15.97262446],[-93.917104891,15.982899956],[-93.94123289,15.98300674],[-93.949236041,15.987878651],[-93.95715015,15.98460197],[-94.03600811,16.02209472],[-94.10276369,16.14251592],[-94.1095676,16.17910125],[-94.04846992,16.21617148],[-94.03519555,16.23955368],[-94.03513898,16.24827892],[-94.04353437,16.25568692],[-94.032961,16.27594497],[-94.05066485,16.32971392],[-94.139156,16.46178643],[-93.867426771,17.136964913],[-93.87012328,17.146647419],[-93.86231685,17.15154402],[-93.86091577,17.16374114],[-93.83904522,17.172946879],[-93.82713769,17.172503481],[-93.82663017,17.19049403],[-93.803762489,17.224868173],[-93.80594758,17.230221751],[-93.798305843,17.241922641],[-93.788609505,17.232327342],[-93.772450198,17.245823559],[-93.762976481,17.239344492],[-93.736793113,17.247511139],[-93.695668946,17.247230178],[-93.689872255,17.255306269],[-93.662694365,17.256276902],[-93.664411458,17.286193385],[-93.638132334,17.290948363],[-93.607939816,17.314930021],[-93.51380472,17.442805261],[-93.50604142,17.477491201],[-93.514878599,17.49032282],[-93.5050154,17.49542132],[-93.5075582,17.501404051],[-93.50252128,17.49952258],[-93.498806919,17.522249461],[-93.48414582,17.54987655],[-93.47297525,17.55349368],[-93.451707049,17.54648423],[-93.44594562,17.58598569],[-93.420489909,17.590047941],[-93.40959929,17.61929786],[-93.38496829,17.63417611],[-93.38478872,17.64437794],[-93.35627777,17.64803745],[-93.36050386,17.66489408],[-93.35378457,17.68107475],[-93.35430235,17.71288218],[-93.36397442,17.72349052],[-93.36255185,17.72868798],[-93.37394657,17.73299477],[-93.36984888,17.73738305],[-93.38156612,17.74853965],[-93.39054783,17.77339971],[-93.38657055,17.77756529],[-93.37541995,17.76679802],[-93.35281968,17.7637362],[-93.34913509,17.76708528],[-93.34311188,17.78751668],[-93.35850308,17.78839632],[-93.36441871,17.77908432],[-93.380948489,17.783164951],[-93.37640878,17.795852341],[-93.37048597,17.79403743],[-93.36661095,17.80292332],[-93.35209248,17.79542346],[-93.34058598,17.79812055],[-93.34931077,17.8154276],[-93.33429511,17.85169889],[-93.34971272,17.8679628],[-93.35058277,17.87606603],[-93.34126192,17.90314397],[-93.33602245,17.90498655],[-93.34089685,17.93033066],[-93.3366702,17.93660125],[-93.32583286,17.92791351],[-93.29800969,17.93858178],[-93.2983806,17.94786174],[-93.28300762,17.96749938],[-93.27832269,17.985287801],[-93.25671491,17.963043181],[-93.24530943,17.96009014],[-93.24092098,17.95009469],[-93.22997952,17.94904483],[-93.20735877,17.96063794],[-93.19200158,17.95613572],[-93.18314389,17.94030905],[-93.145078029,17.93235297],[-93.145982079,17.91992666],[-93.13693278,17.91835894],[-93.12912889,17.90785238],[-93.104975029,17.907419322],[-93.09137594,17.89756125],[-93.09195929,17.88657588],[-93.12362598,17.87445038],[-93.13180032,17.85231642],[-93.11564075,17.82221263],[-93.10164546,17.84582834],[-93.09408988,17.84117175],[-93.043126309,17.84257731],[-93.02543628,17.82541845],[-93.02725888,17.82032457],[-93.016413749,17.808134201],[-93.01955037,17.80312455],[-93.0120134,17.79366903],[-93.018703,17.79070812],[-93.01591206,17.78534714],[-93.02780051,17.77164495],[-93.03659043,17.76635412],[-93.04263828,17.76841151],[-93.04686917,17.74843212],[-93.05427957,17.74240175],[-93.05772471,17.72048875],[-93.05347174,17.7187818],[-93.05384317,17.711416],[-93.04436798,17.71338795],[-93.04314482,17.70437023],[-93.03885154,17.70681775],[-93.03711608,17.70338191],[-93.04080469,17.69356231],[-93.03714626,17.69366908],[-93.03792675,17.68836451],[-93.03911843,17.691963],[-93.04203106,17.68638525],[-93.03790305,17.68065708],[-93.04442992,17.67340625],[-93.04042383,17.66849732],[-93.04504623,17.66731163],[-93.04545765,17.65910545],[-93.04052534,17.60982815],[-93.02952417,17.59775126],[-93.01496666,17.59146958],[-93.01065295,17.58049168],[-93.00448754,17.57958765],[-93.00556525,17.55524802],[-92.98834048,17.55000595],[-92.9883706,17.54135223],[-92.98048968,17.53756283],[-92.99264832,17.53001572],[-92.98299669,17.51891392],[-92.98487342,17.51130786],[-92.97506458,17.51863874],[-92.96804212,17.51797272],[-92.95806752,17.49197423],[-92.94811983,17.48274302],[-92.93919943,17.50244731],[-92.92046114,17.5026778],[-92.91293754,17.49821306],[-92.90729191,17.505202741],[-92.89806205,17.50300169],[-92.88735617,17.51046354],[-92.85980875,17.50028155],[-92.84987592,17.46897814],[-92.83155248,17.48085717],[-92.81963085,17.43274595],[-92.82582475,17.42378422],[-92.85619102,17.41887622],[-92.85426446,17.41119763],[-92.82921632,17.39630049],[-92.8293996,17.40859934],[-92.78579471,17.41752729],[-92.79079423,17.40498514],[-92.768309,17.38550412],[-92.77066331,17.36039632],[-92.75873742,17.35819778],[-92.7541802,17.34329866],[-92.72950834,17.34812851],[-92.67876503,17.37849357],[-92.67623875,17.41161942],[-92.66790537,17.42595483],[-92.66818515,17.45669457],[-92.65940828,17.44428474],[-92.64886586,17.46069942],[-92.62433803,17.4658634],[-92.60582514,17.47737574],[-92.59406366,17.49295223],[-92.59990143,17.50080002],[-92.59234302,17.50961725],[-92.59698969,17.52035965],[-92.57141092,17.54960862],[-92.55803054,17.54022542],[-92.53007342,17.54999842],[-92.51998489,17.57304977],[-92.46761691,17.57711886],[-92.43677565,17.57009688],[-92.40821958,17.58062006],[-92.4020786,17.57804011],[-92.40085814,17.58603255],[-92.35067371,17.61793406],[-92.35813168,17.64195914],[-92.35494145,17.65405606],[-92.34915949,17.65472752],[-92.34989703,17.70278472],[-92.34012922,17.70375798],[-92.33734726,17.71208963],[-92.32808997,17.71373003],[-92.29480095,17.69992942],[-92.28868154,17.70266734],[-92.27462289,17.69225805],[-92.22933757,17.74558086],[-92.1944994,17.77664118],[-92.18848715,17.76813463],[-92.17195018,17.78656785],[-92.15245402,17.77906557],[-92.15170817,17.76456888],[-92.13082542,17.76608035],[-92.13597189,17.77901231],[-92.12713808,17.78589838],[-92.14658277,17.814676],[-92.12048163,17.79597269],[-92.10553518,17.81293872],[-92.10460131,17.82762602],[-92.09939826,17.83463357],[-92.10646289,17.83812705],[-92.10203335,17.85088017],[-92.09049763,17.85072778],[-92.09046882,17.85659949],[-92.05630822,17.84675445],[-92.04940708,17.85477203],[-92.05245798,17.86724611],[-92.06730769,17.87035292],[-92.07179705,17.87767365],[-92.02969894,17.88914394],[-92.01970791,17.88782392],[-92.01554663,17.89750112],[-92.00335506,17.89051818],[-91.99128974,17.91961231],[-91.99988789,17.94334465]]]}},{"type":"Feature","properties":{"state":"Chihuahua","official_state_name":"Chihuahua","state_code_inegi":"08","postal_range":"31-33","postal_codes":["31","32","33"],"question_count":3,"question_01":"31","question_02":"32","question_03":"33"},"geometry":{"type":"Polygon","coordinates":[[[-108.20837346,31.78375402],[-106.52852328,31.78381745],[-106.512667167,31.769411651],[-106.50998782,31.76148617],[-106.487545509,31.74771686],[-106.47319586,31.75047912],[-106.46631262,31.75988582],[-106.45205102,31.76462323],[-106.38126846,31.73233505],[-106.37206814,31.71259658],[-106.349414419,31.696398021],[-106.33397383,31.6628258],[-106.30316611,31.62231468],[-106.302513318,31.61081858],[-106.28040643,31.562292],[-106.24718883,31.54280583],[-106.23634185,31.51318855],[-106.22384369,31.50011198],[-106.21959714,31.48154752],[-106.20813086,31.46758191],[-106.17458009,31.45524286],[-106.15855505,31.43849972],[-106.13241815,31.42518306],[-106.10831638,31.42262582],[-106.08019657,31.39860278],[-106.00478206,31.39265502],[-105.97145274,31.36661005],[-105.95351088,31.36409434],[-105.94527511,31.35209529],[-105.9478564,31.340507],[-105.93782774,31.31823991],[-105.93171558,31.31281762],[-105.90773883,31.31236911],[-105.89329015,31.29038366],[-105.87033131,31.28971583],[-105.79488871,31.20307389],[-105.78327494,31.19815103],[-105.77257749,31.16620818],[-105.74189889,31.16470774],[-105.70932351,31.13628986],[-105.64828285,31.11539054],[-105.64233102,31.09849755],[-105.6270402,31.09820043],[-105.60414225,31.08326806],[-105.59563774,31.06466052],[-105.58501797,31.05589658],[-105.57893772,31.0212436],[-105.56966717,31.01700442],[-105.57039515,31.00869945],[-105.557586051,30.99004963],[-105.53295614,30.98463792],[-105.51633054,30.96546437],[-105.5028488,30.96800982],[-105.49458302,30.95756248],[-105.49929623,30.95078671],[-105.48987717,30.94567563],[-105.49152523,30.94230295],[-105.471100689,30.93368735],[-105.46719318,30.92479132],[-105.45186063,30.92440906],[-105.45318023,30.91615489],[-105.44713746,30.91936075],[-105.44156638,30.90840695],[-105.41620698,30.90028548],[-105.41237191,30.88887138],[-105.40009526,30.88938343],[-105.404470909,30.88015009],[-105.39166278,30.87423218],[-105.39499448,30.85879198],[-105.40118646,30.853188],[-105.36901712,30.84738351],[-105.36185945,30.85060812],[-105.35194183,30.83557849],[-105.339103911,30.84025642],[-105.337099491,30.83364511],[-105.32816972,30.83106849],[-105.329582321,30.82550135],[-105.31863362,30.82830343],[-105.31650765,30.81087883],[-105.30975998,30.81693468],[-105.30615911,30.80975237],[-105.30097658,30.82395075],[-105.2911616,30.82582785],[-105.27581338,30.80712218],[-105.26740897,30.80857868],[-105.25636495,30.79442329],[-105.23756518,30.80351302],[-105.22957745,30.80368946],[-105.22739932,30.7992604],[-105.21555248,30.80589948],[-105.21071097,30.79862137],[-105.22005351,30.78864635],[-105.216820371,30.78354345],[-105.20855918,30.78267409],[-105.19555955,30.7922542],[-105.17554989,30.76757963],[-105.16591494,30.77953888],[-105.16358272,30.77117694],[-105.15623718,30.76944503],[-105.16168874,30.75241708],[-105.14279697,30.75462522],[-105.12673835,30.74760848],[-105.11858777,30.7495948],[-105.12083863,30.74417608],[-105.11113714,30.74332783],[-105.11203265,30.73341318],[-105.10343278,30.72882948],[-105.10561208,30.72366634],[-105.08058155,30.70792625],[-105.08258345,30.70138857],[-105.06889605,30.70348774],[-105.06269417,30.6981766],[-105.06193671,30.68582212],[-105.05725412,30.6877474],[-105.04689917,30.67986658],[-105.04711686,30.68816672],[-105.03954455,30.6885294],[-105.0272446,30.67885098],[-105.00690286,30.68577969],[-105.00141418,30.6726136],[-104.98539368,30.66176331],[-104.98418062,30.63516471],[-104.97167665,30.61000406],[-104.95891314,30.61029723],[-104.94421454,30.60292488],[-104.93570234,30.60611325],[-104.93050634,30.59845342],[-104.92697918,30.60455862],[-104.92236058,30.60353202],[-104.91981514,30.58688349],[-104.90976946,30.58493037],[-104.89915782,30.57051045],[-104.89516142,30.56010032],[-104.89774326,30.55410168],[-104.88764446,30.54662266],[-104.889185,30.53497192],[-104.88029209,30.52984626],[-104.881390179,30.52350317],[-104.8858008,30.5242566],[-104.88138646,30.52014048],[-104.88568428,30.51807614],[-104.87913446,30.51744909],[-104.87659785,30.51065286],[-104.87329432,30.51359723],[-104.873899919,30.49540725],[-104.86648745,30.49403343],[-104.87184823,30.48003388],[-104.86594034,30.4678024],[-104.86980695,30.45773208],[-104.86447088,30.44991312],[-104.86824252,30.44202746],[-104.85829265,30.43735372],[-104.86147605,30.42644129],[-104.85218798,30.41894566],[-104.84783583,30.42068025],[-104.84795655,30.41391572],[-104.85740522,30.40828222],[-104.85429415,30.4004054],[-104.85916217,30.39040106],[-104.83728078,30.37387369],[-104.81656712,30.3751166],[-104.81936908,30.36796455],[-104.8115342,30.36668348],[-104.81109877,30.36165932],[-104.81473255,30.35318854],[-104.82213338,30.34993849],[-104.80997755,30.34109026],[-104.81128245,30.33265306],[-104.79180449,30.32583098],[-104.77707318,30.31027338],[-104.77903817,30.30331343],[-104.76533029,30.30611662],[-104.75808829,30.28268243],[-104.76318688,30.274583],[-104.75775845,30.27141028],[-104.74808608,30.27419578],[-104.75024015,30.26169272],[-104.73698114,30.25594222],[-104.73714435,30.26148438],[-104.73332777,30.26112294],[-104.70619483,30.23413143],[-104.71102897,30.22319957],[-104.6862572,30.17291975],[-104.68989086,30.14922732],[-104.6853712,30.14427069],[-104.69645023,30.13467546],[-104.69535542,30.1183418],[-104.68553529,30.10896972],[-104.68726291,30.10567843],[-104.69107651,30.10861418],[-104.69431475,30.10167903],[-104.68901211,30.09524229],[-104.68498778,30.0992634],[-104.68995306,30.088614],[-104.68508608,30.08539674],[-104.69070137,30.07759078],[-104.68829337,30.07362014],[-104.69342752,30.07357025],[-104.69085806,30.07049285],[-104.70371466,30.06430372],[-104.70659308,30.05057609],[-104.69510102,30.03782137],[-104.70077183,30.03574958],[-104.70329929,30.02265677],[-104.68984332,30.014956],[-104.69404658,30.00277898],[-104.68719055,29.99613935],[-104.69492715,29.99255763],[-104.68561311,29.99025648],[-104.69348703,29.97583338],[-104.68102966,29.97759382],[-104.68555911,29.97104226],[-104.682052741,29.96929426],[-104.68500558,29.95660105],[-104.67347555,29.956011],[-104.68044246,29.94683106],[-104.67814206,29.93922965],[-104.68191968,29.94015522],[-104.67924172,29.93241186],[-104.68294991,29.92917455],[-104.67869158,29.92655465],[-104.67694872,29.91307489],[-104.6656312,29.90941785],[-104.66553123,29.90161171],[-104.65565868,29.90599655],[-104.65802562,29.89046563],[-104.65071,29.89134494],[-104.64580077,29.87829118],[-104.63293446,29.87000743],[-104.62993855,29.85355265],[-104.62164051,29.84956205],[-104.62371486,29.8424376],[-104.61565935,29.84643472],[-104.60940334,29.83943742],[-104.62035895,29.8309622],[-104.60857772,29.82782828],[-104.60998677,29.81896855],[-104.6009602,29.8158554],[-104.59381631,29.8050614],[-104.59115362,29.80945842],[-104.58601034,29.80203554],[-104.58979692,29.7960608],[-104.58127137,29.794595],[-104.57872785,29.78258962],[-104.56534654,29.77013492],[-104.56833712,29.76628885],[-104.56394106,29.76151485],[-104.56970989,29.75246738],[-104.54971498,29.74140014],[-104.56043803,29.7360788],[-104.54950331,29.73103294],[-104.55236583,29.71733809],[-104.54497265,29.71653025],[-104.54573198,29.69912108],[-104.5308432,29.69049831],[-104.54415995,29.68070422],[-104.53564966,29.67348948],[-104.53617488,29.66725218],[-104.53092366,29.67076909],[-104.52616992,29.66797831],[-104.51722012,29.64736443],[-104.50999009,29.64448366],[-104.515860351,29.64100755],[-104.5083344,29.63265128],[-104.49807446,29.63960946],[-104.48585658,29.62869448],[-104.47635075,29.62832972],[-104.47400371,29.61864442],[-104.46557582,29.61831402],[-104.46666275,29.60969597],[-104.45634962,29.60846115],[-104.39898177,29.57300449],[-104.39321491,29.55350971],[-104.38421046,29.55386222],[-104.38492332,29.54299146],[-104.37334911,29.54414589],[-104.36022349,29.53586269],[-104.35615365,29.54119475],[-104.353137,29.52866918],[-104.33980931,29.52722854],[-104.33538326,29.51979569],[-104.32177746,29.52227858],[-104.31854434,29.53174494],[-104.31340838,29.53175855],[-104.31109365,29.52363338],[-104.29512908,29.52387506],[-104.29206186,29.51976675],[-104.26364446,29.51415843],[-104.26030652,29.50666975],[-104.23682122,29.49714557],[-104.23075043,29.47911815],[-104.21288222,29.48508883],[-104.2088152,29.48067431],[-104.21750685,29.45611855],[-104.182212,29.42721802],[-104.18035455,29.41284775],[-104.16778848,29.40287909],[-104.16792935,29.39551485],[-104.15338309,29.39325991],[-104.15055123,29.38695588],[-104.14450817,29.38776143],[-104.14299171,29.38057868],[-104.13611763,29.38481397],[-104.124216,29.38119837],[-104.11951014,29.37072958],[-104.10781323,29.37357469],[-104.08307911,29.34658271],[-104.07292112,29.34618991],[-104.05593935,29.33688086],[-104.05443848,29.32997918],[-104.03789389,29.31990517],[-103.97619894,29.29672946],[-103.96802558,29.29988928],[-103.92573991,29.29432469],[-103.91799105,29.28494028],[-103.89953545,29.28773252],[-103.88947645,29.27941569],[-103.87940022,29.28551431],[-103.86954395,29.28069708],[-103.84439695,29.28000508],[-103.8267172,29.2697714],[-103.81403845,29.2745148],[-103.80077682,29.25929994],[-103.78332466,29.26551888],[-103.77555254,29.24956617],[-103.78147483,29.24052366],[-103.78181245,29.22814943],[-103.77730274,29.22193378],[-103.76957005,29.22126574],[-103.76038022,29.23345717],[-103.75427192,29.22773328],[-103.75587637,29.22004491],[-103.74264712,29.22229665],[-103.73977271,29.20540471],[-103.71827848,29.18114751],[-103.70365917,29.18487242],[-103.69833395,29.17760714],[-103.65922657,29.17059042],[-103.65014597,29.15669395],[-103.61221388,29.16529854],[-103.59350414,29.15030917],[-103.58501785,29.14966915],[-103.55407248,29.15851603],[-103.55020585,29.14385645],[-103.53916908,29.14475563],[-103.52477355,29.1372722],[-103.52485366,29.12133428],[-103.50182138,29.11790517],[-103.50471108,29.10792606],[-103.494349,29.10847177],[-103.48585225,29.09567215],[-103.47070831,29.08512414],[-103.47169252,29.06679246],[-103.45001254,29.07266954],[-103.44590425,29.06120328],[-103.43442223,29.05732017],[-103.43000505,29.04871997],[-103.43281714,29.04363165],[-103.40499508,29.03950658],[-103.4016486,29.03128671],[-103.39092868,29.03464382],[-103.38632698,29.02209225],[-103.35960405,29.01878609],[-103.35114497,29.02805166],[-103.34508152,29.04680222],[-103.32748475,29.03989532],[-103.32910228,29.03078002],[-103.34221214,29.02800552],[-103.33647503,29.01817331],[-103.32636411,29.0162214],[-103.3146234,29.02604555],[-103.30788972,29.02496552],[-103.3159812,29.01084714],[-103.3077024,29.00227654],[-103.35770066,28.92025063],[-103.40365025,28.86925417],[-103.39491485,28.84384772],[-103.39634672,28.83352857],[-103.40458611,28.82955152],[-103.41001538,28.84092238],[-103.43166305,28.81318035],[-103.46634535,28.75945763],[-103.4632546,28.75661454],[-103.51451214,28.66499785],[-103.51976198,28.66874503],[-103.55729531,28.61128068],[-103.57265895,28.64063917],[-103.58200149,28.62879351],[-103.59637371,28.63947455],[-103.61604603,28.59819472],[-103.59191588,28.59083426],[-103.601008401,28.5749074],[-103.6245676,28.58114651],[-103.64794446,28.53298348],[-103.64335503,28.53063445],[-103.6430108,28.51246188],[-103.72833286,28.35649102],[-103.76287125,28.29819678],[-103.76817978,28.30037252],[-103.86749986,28.11213568],[-103.86094129,28.10902194],[-103.88948525,28.06037692],[-103.92669189,27.97135675],[-103.87771594,27.95749034],[-103.89288585,27.91402297],[-103.94186758,27.92779649],[-103.93564309,27.94534237],[-103.95497349,27.950821],[-103.94333128,27.88884322],[-103.94578305,27.85638823],[-103.96000192,27.83530902],[-103.94390671,27.82687055],[-103.90084392,27.82685726],[-103.93564955,27.79755274],[-103.88114534,27.73918574],[-103.89669229,27.74055725],[-103.88950494,27.71321714],[-103.89553266,27.6740212],[-103.88324458,27.65759182],[-103.89726286,27.65654877],[-103.88355552,27.60077175],[-103.86883766,27.60713683],[-103.85460095,27.54943274],[-103.85850514,27.43989149],[-103.86365042,27.44092074],[-103.87687602,27.31159214],[-103.83212255,27.29829348],[-103.83059326,27.27684748],[-103.81976349,27.24295655],[-103.80939543,27.24920308],[-103.79842734,27.21347569],[-103.79939848,27.12472954],[-103.78347032,27.0912056],[-103.7524612,27.0779196],[-103.74083437,27.02252175],[-103.77994769,27.00888629],[-103.78462875,26.98069852],[-103.85208903,26.93461942],[-103.83591918,26.93581335],[-103.85194346,26.90523045],[-103.85170071,26.89613383],[-103.77960545,26.83612625],[-103.75396792,26.82957345],[-103.75061974,26.80990508],[-103.7248708,26.77210652],[-103.71524869,26.73507726],[-103.70164095,26.73078309],[-103.69909411,26.72525638],[-103.86129849,26.75409457],[-103.86129742,26.75042082],[-103.88118829,26.75491802],[-103.99383283,26.75361042],[-103.99499549,26.77754026],[-104.03319062,26.77439149],[-104.04573782,26.74297654],[-104.18393589,26.773572],[-104.22780885,26.77715363],[-104.27304242,26.84227952],[-104.2818824,26.83564382],[-104.28361925,26.82531415],[-104.29488806,26.81775102],[-104.28616149,26.81520482],[-104.29153832,26.81576782],[-104.31530657,26.79906952],[-104.30531548,26.7928918],[-104.30176194,26.77194857],[-104.3172796,26.76073675],[-104.29975972,26.75194554],[-104.28654348,26.725403],[-104.30679534,26.70716817],[-104.30578026,26.70067429],[-104.33038743,26.65653292],[-104.37542254,26.64071649],[-104.43477525,26.60452054],[-104.46855545,26.52034145],[-104.49589932,26.46685931],[-104.50282863,26.46584592],[-104.49540177,26.43341895],[-104.50097438,26.41475743],[-104.57445148,26.34046828],[-104.59385649,26.38043965],[-104.62008858,26.36884265],[-104.64531755,26.39161228],[-104.65407538,26.39105302],[-104.67729342,26.42933308],[-104.68687378,26.43319032],[-104.72703634,26.47796492],[-104.7371718,26.47939663],[-104.74784208,26.4924472],[-104.76095606,26.48581872],[-104.7912258,26.50456108],[-104.80927414,26.50849742],[-104.85658323,26.50286885],[-104.89890032,26.51001831],[-104.93672992,26.48371158],[-104.94437668,26.46834469],[-104.96321518,26.47339092],[-104.96959186,26.46595229],[-104.95623905,26.46284468],[-104.9631036,26.44918435],[-105.00038937,26.45495083],[-105.02706911,26.43694206],[-105.05257782,26.42976458],[-105.05663403,26.41930054],[-105.10154955,26.52140552],[-105.26468258,26.46207275],[-105.27060583,26.46645577],[-105.26946335,26.47976374],[-105.27908188,26.48747537],[-105.28993362,26.48811112],[-105.29163215,26.48088986],[-105.29845688,26.48201825],[-105.30192697,26.47244568],[-105.31548169,26.47034791],[-105.31675243,26.46228678],[-105.33398551,26.46935909],[-105.33875366,26.47805018],[-105.35276537,26.47887648],[-105.3571616,26.48561806],[-105.35452392,26.49261718],[-105.34270611,26.50451551],[-105.34854455,26.50550085],[-105.34802589,26.51248985],[-105.35629025,26.52472323],[-105.36862468,26.53426945],[-105.38198882,26.52918711],[-105.38492966,26.52283235],[-105.40342757,26.51752466],[-105.43860205,26.52834475],[-105.47014242,26.52789805],[-105.47438706,26.52637926],[-105.46862554,26.51732365],[-105.47151398,26.50870168],[-105.49562902,26.52563108],[-105.49608532,26.54285188],[-105.54900303,26.54657858],[-105.61948726,26.68350945],[-105.60101006,26.61484889],[-105.64089298,26.6199962],[-105.63720282,26.60914188],[-105.64553332,26.61660997],[-105.67488306,26.61767031],[-105.670948,26.63522646],[-105.67659248,26.63580962],[-105.68988005,26.65718885],[-105.704798769,26.65290769],[-105.72890797,26.69789606],[-105.73496358,26.68481962],[-105.74634185,26.71386858],[-105.781305,26.70745465],[-105.79426129,26.69876726],[-105.77580868,26.66093314],[-105.81455289,26.69096691],[-105.86543746,26.74737586],[-105.87454225,26.73857574],[-105.89410174,26.74100949],[-105.89833697,26.76385388],[-105.90860609,26.75283782],[-105.92810702,26.76593197],[-105.93919351,26.76321552],[-106.04733909,26.84487591],[-106.06504842,26.82763335],[-106.10064266,26.75933318],[-106.11429891,26.76514389],[-106.1252624,26.77941037],[-106.15779397,26.77097418],[-106.16437871,26.77504023],[-106.17762645,26.77233658],[-106.17970905,26.76306306],[-106.17043394,26.75012554],[-106.1739636,26.74346737],[-106.17872946,26.74443649],[-106.17658083,26.72772205],[-106.141444,26.72078665],[-106.13178202,26.71379625],[-106.13067448,26.70220338],[-106.13301674,26.6973326],[-106.1474628,26.70923774],[-106.16013268,26.70233845],[-106.17266208,26.7051668],[-106.189675,26.69513932],[-106.18498495,26.6866596],[-106.19042557,26.68023008],[-106.18798948,26.67447577],[-106.19712848,26.68377902],[-106.19834671,26.67600929],[-106.20302418,26.68122582],[-106.20792268,26.67806475],[-106.20604223,26.66894809],[-106.21982609,26.65635598],[-106.21948225,26.63914203],[-106.22557438,26.6353774],[-106.22673486,26.61495646],[-106.2306114,26.61620037],[-106.23091766,26.60956031],[-106.23654006,26.61216749],[-106.23689657,26.58860325],[-106.23244035,26.58771542],[-106.230641881,26.57630146],[-106.23296108,26.55956037],[-106.23952714,26.56243732],[-106.24121712,26.54498992],[-106.28013545,26.53206723],[-106.26957143,26.52716943],[-106.280666,26.51175355],[-106.25388102,26.50735555],[-106.25518217,26.49891043],[-106.24747366,26.48218414],[-106.2508554,26.47858497],[-106.24203046,26.46682385],[-106.26522062,26.42413971],[-106.26437405,26.40611592],[-106.29759802,26.3964548],[-106.30217655,26.36387632],[-106.27545792,26.36741546],[-106.28704095,26.33508157],[-106.29951957,26.33708285],[-106.31225757,26.3487544],[-106.43277552,26.20401342],[-106.41561495,26.13940029],[-106.45864358,26.11216069],[-106.46124568,26.10521923],[-106.45440686,26.09526042],[-106.471229309,26.06052292],[-106.45409829,26.04635703],[-106.45339663,26.02784069],[-106.46745158,26.01828837],[-106.47040669,26.00542575],[-106.44471262,26.00508822],[-106.45581546,25.9725792],[-106.49166531,25.96805348],[-106.50147317,25.95495575],[-106.53371546,25.94576152],[-106.54730611,25.95242175],[-106.56012978,25.91270677],[-106.55596775,25.69170663],[-106.52655457,25.71337977],[-106.46404158,25.74170966],[-106.46361751,25.72904368],[-106.50883178,25.70750802],[-106.52798974,25.69177265],[-106.52733734,25.68653126],[-106.53644125,25.67596348],[-106.56552978,25.66656831],[-106.56966515,25.65766291],[-106.5918238,25.64739172],[-106.62925554,25.60379163],[-106.63084765,25.58580012],[-106.64290763,25.585186],[-106.65559546,25.57516583],[-106.65282631,25.55884362],[-106.67141985,25.56742165],[-106.68024494,25.58932309],[-106.70796985,25.60245126],[-106.68196852,25.57916845],[-106.69884591,25.58083942],[-106.70575814,25.59734974],[-106.70254869,25.58120575],[-106.74479637,25.58516338],[-106.81782572,25.57338943],[-106.87375598,25.57186483],[-106.89922208,25.64374205],[-106.89378369,25.64429135],[-106.92238698,25.64608217],[-106.99432452,25.6622326],[-106.96693982,25.66833082],[-106.96915242,25.68300568],[-106.96532269,25.69787858],[-106.99029875,25.71492406],[-107.01061714,25.69836802],[-107.01068003,25.69145938],[-107.04312662,25.69769878],[-107.04807946,25.71082692],[-107.06422371,25.71907409],[-107.06049829,25.7399962],[-107.06468345,25.74816422],[-107.05790477,25.75736797],[-107.19457702,25.85230782],[-107.20886554,25.85631277],[-107.20694914,25.86391942],[-107.21312328,25.86189442],[-107.22903295,25.86974175],[-107.239382254,25.880382513],[-107.24651002,25.87777449],[-107.24247066,25.89236965],[-107.29612822,25.9247934],[-107.28703478,25.95398483],[-107.28003709,25.95809588],[-107.28237777,25.98992482],[-107.27634626,26.00197654],[-107.30669172,26.04878415],[-107.3048898,26.07640243],[-107.3465278,26.10952312],[-107.41611823,26.14122025],[-107.43234746,26.13824577],[-107.43104269,26.14285992],[-107.46000315,26.13831495],[-107.49217115,26.11146266],[-107.50611522,26.11578748],[-107.52001998,26.10422717],[-107.52811257,26.12138069],[-107.52626705,26.12774765],[-107.53459465,26.13093828],[-107.53738777,26.13766186],[-107.54368018,26.13731957],[-107.53999657,26.14080437],[-107.5432774,26.14634894],[-107.55395717,26.15175025],[-107.55567734,26.15962306],[-107.5775288,26.16469571],[-107.58202728,26.17064012],[-107.62076997,26.16264569],[-107.63574957,26.15457805],[-107.65276429,26.16364097],[-107.69631928,26.16547365],[-107.69919352,26.17073651],[-107.71107551,26.17441306],[-107.71743154,26.16474158],[-107.73871603,26.16723969],[-107.73787311,26.15694712],[-107.74759715,26.15379317],[-107.74792017,26.14349425],[-107.75517215,26.13451245],[-107.78069046,26.13693758],[-107.78892391,26.16861378],[-107.82275477,26.18762909],[-107.82401508,26.18411378],[-107.83994963,26.18293818],[-107.85401851,26.19651938],[-107.85626457,26.22603512],[-107.97411783,26.38863431],[-107.97302545,26.39252698],[-108.01279702,26.43904806],[-107.96963911,26.47016786],[-107.9856226,26.47209977],[-107.9705194,26.48906883],[-107.95726531,26.49374395],[-107.95546032,26.50598369],[-107.96199138,26.51780458],[-107.96101675,26.5269554],[-107.98974483,26.5480398],[-107.99204592,26.56228345],[-108.01248402,26.57964302],[-108.01217489,26.59139551],[-108.03251363,26.60318222],[-108.03543623,26.609715],[-108.03180954,26.61592435],[-108.04515006,26.61971349],[-108.04453294,26.62496817],[-108.05158235,26.62983585],[-108.07455838,26.62799375],[-108.07442715,26.636448],[-108.08160345,26.64199383],[-108.05627903,26.65189509],[-108.04269483,26.66675826],[-108.03172358,26.66798125],[-108.03032498,26.67426174],[-108.01174663,26.68948243],[-108.00677938,26.71548755],[-108.00929049,26.72398515],[-108.01923097,26.73066675],[-108.00570074,26.7610488],[-108.01426423,26.77315294],[-108.03764905,26.7697808],[-108.02682085,26.79846637],[-108.09410725,26.87046368],[-108.14424735,26.86764932],[-108.13960046,26.89547949],[-108.14310155,26.90788414],[-108.14754805,26.90850714],[-108.15591326,26.89521651],[-108.1685584,26.89507095],[-108.17454863,26.88146483],[-108.18391557,26.899738],[-108.19008051,26.89587214],[-108.20739018,26.90600008],[-108.2027796,26.89061871],[-108.20971749,26.88543765],[-108.23023691,26.90572458],[-108.22502092,26.92287695],[-108.23101629,26.93280455],[-108.22925485,26.94266538],[-108.23501571,26.95861985],[-108.21837357,26.964787],[-108.21582783,26.97768291],[-108.20737812,26.98311092],[-108.19690725,26.98112357],[-108.18152402,26.99410992],[-108.1802826,27.00016066],[-108.19406646,27.02317969],[-108.19506868,27.03270392],[-108.2115662,27.03444889],[-108.22585405,27.02722135],[-108.24121869,27.04184605],[-108.250447599,27.04103149],[-108.26293129,27.0267556],[-108.28601014,27.01247065],[-108.29093228,27.01483031],[-108.28891423,27.02657992],[-108.29463354,27.02586825],[-108.30338766,27.03662035],[-108.31655805,27.03448835],[-108.32598137,27.02049295],[-108.32202602,27.00893655],[-108.33332622,27.00459631],[-108.35010994,27.02255443],[-108.3716374,27.02301183],[-108.40964045,27.01340495],[-108.41372746,27.02015842],[-108.4431016,27.02949806],[-108.45479106,27.02703586],[-108.46430897,27.04009991],[-108.47131323,27.03049514],[-108.47551446,27.0399452],[-108.47997402,27.03958771],[-108.49173488,27.0313802],[-108.48537665,27.02783368],[-108.48417188,27.01743894],[-108.49730043,27.01340875],[-108.50086772,27.00443706],[-108.50443854,27.00718388],[-108.50626043,27.00307951],[-108.50248612,26.98735703],[-108.55176343,26.99714529],[-108.57224742,27.01265583],[-108.56253528,27.04601894],[-108.60227605,27.03694328],[-108.60618897,27.06358502],[-108.59695618,27.07689965],[-108.60073074,27.11897249],[-108.61142671,27.15414475],[-108.62242243,27.15689088],[-108.64432015,27.17881115],[-108.65322055,27.1760546],[-108.64751891,27.18670085],[-108.64934389,27.19120495],[-108.65334143,27.18998154],[-108.66257808,27.21954292],[-108.65808851,27.23165222],[-108.66437549,27.23939583],[-108.62559063,27.28924586],[-108.59104512,27.31808048],[-108.6291252,27.3829206],[-108.62773925,27.41056703],[-108.63341769,27.42813648],[-108.6616484,27.46474435],[-108.65302291,27.46903163],[-108.65240535,27.53703291],[-108.65527706,27.54379743],[-108.71280771,27.56624648],[-108.72295809,27.58814774],[-108.73985238,27.59995458],[-108.75419938,27.63673343],[-108.74931378,27.66473082],[-108.76234542,27.67504558],[-108.76475698,27.69349735],[-108.77278677,27.69650148],[-108.76602478,27.70583357],[-108.78444694,27.71490686],[-108.78449463,27.73046525],[-108.79927569,27.7230284],[-108.80738435,27.73799075],[-108.81700366,27.73216608],[-108.83296378,27.74434957],[-108.89551565,27.74480709],[-108.92029422,27.78397306],[-108.91046414,27.80913575],[-108.88608172,27.81367003],[-108.86914022,27.83928634],[-108.91486798,27.85400523],[-108.92452555,27.90086094],[-108.92651103,27.94059423],[-108.95031378,27.95403954],[-108.9637054,27.97252402],[-108.99168494,27.97998089],[-109.01636071,28.008028],[-109.03189962,28.01828803],[-109.05179145,28.09014563],[-109.04894792,28.09265035],[-109.06280194,28.12580155],[-109.06856195,28.13012949],[-109.0667896,28.14171177],[-109.0728942,28.14857235],[-109.06199011,28.19920194],[-109.07488617,28.27260942],[-109.05843618,28.26726886],[-109.0686964,28.28613885],[-109.05951149,28.28473605],[-109.05188326,28.27642463],[-109.04576474,28.28116165],[-109.04639468,28.27317068],[-109.04068195,28.26699002],[-109.022777,28.27753194],[-108.99744377,28.25505454],[-108.98830878,28.26254071],[-108.98705477,28.27783268],[-108.99554509,28.28638697],[-108.99397438,28.29795966],[-108.98291357,28.28706866],[-108.98355891,28.27696471],[-108.96726111,28.26499975],[-108.92881614,28.25955591],[-108.92201445,28.25149178],[-108.9126754,28.26000125],[-108.88066334,28.26472643],[-108.85608857,28.25153829],[-108.85138326,28.259483],[-108.84199691,28.25325737],[-108.83042295,28.26504928],[-108.79166318,28.25361706],[-108.79668451,28.26716345],[-108.75098388,28.27156935],[-108.68722511,28.30346249],[-108.66193388,28.29547511],[-108.65583229,28.30180695],[-108.64436451,28.2982802],[-108.64129314,28.29160865],[-108.63548597,28.30625611],[-108.63618094,28.33522802],[-108.61116729,28.33525682],[-108.60350743,28.34756191],[-108.550927851,28.31805545],[-108.51963772,28.33476218],[-108.521651,28.36506063],[-108.5013654,28.35572926],[-108.47970102,28.36955106],[-108.48898192,28.37511569],[-108.5155414,28.42628432],[-108.5136338,28.43960334],[-108.50414122,28.45443928],[-108.51744292,28.45562269],[-108.52038878,28.45975882],[-108.513472059,28.47290675],[-108.51369675,28.48448995],[-108.50479518,28.49335729],[-108.50767171,28.50821591],[-108.52328665,28.50591035],[-108.53185998,28.53897309],[-108.53128685,28.55666858],[-108.5613618,28.59117351],[-108.56439637,28.61270965],[-108.5801512,28.63244634],[-108.5837852,28.74013938],[-108.6207434,28.75032751],[-108.62523375,28.75933654],[-108.64329442,28.76506755],[-108.64555675,28.79472709],[-108.63632843,28.79188277],[-108.62439565,28.80011642],[-108.62381738,28.806123],[-108.62962509,28.81172235],[-108.65784955,28.80922449],[-108.68120052,28.85477117],[-108.67817623,28.86327588],[-108.68712966,28.87565025],[-108.70979772,28.88951546],[-108.70490894,28.90023566],[-108.70892094,28.90590072],[-108.69814537,28.93626566],[-108.71421815,29.00146534],[-108.7113134,29.00348934],[-108.72435312,29.069897],[-108.71310712,29.07036734],[-108.71496662,29.07660826],[-108.70943818,29.08300332],[-108.71152874,29.08741778],[-108.72747149,29.0857612],[-108.72958952,29.09653269],[-108.6985282,29.12773957],[-108.709500509,29.14913354],[-108.72885354,29.17180114],[-108.74529691,29.16234274],[-108.75386949,29.20009806],[-108.739829951,29.20082032],[-108.73540834,29.21771269],[-108.74282837,29.22586435],[-108.74124455,29.240427],[-108.75109597,29.25093683],[-108.76188763,29.25388358],[-108.754303,29.2594572],[-108.75005009,29.25672746],[-108.73066709,29.26340278],[-108.7303024,29.26909362],[-108.68220857,29.26742982],[-108.66973292,29.30741692],[-108.70362205,29.40845486],[-108.70737966,29.43947911],[-108.71907825,29.45978926],[-108.71775386,29.46595383],[-108.69433192,29.4671142],[-108.689606461,29.48400042],[-108.64398632,29.48883951],[-108.62515538,29.50103129],[-108.64871266,29.50910103],[-108.66230914,29.54448166],[-108.6383242,29.55831883],[-108.65950508,29.58404068],[-108.64113712,29.58888566],[-108.64632511,29.61044228],[-108.64465715,29.62754922],[-108.65498792,29.64943289],[-108.61828003,29.66052545],[-108.64516732,29.69195758],[-108.65909895,29.7161274],[-108.59253438,29.71764572],[-108.59275131,29.72839149],[-108.54077557,29.73622797],[-108.53496428,29.75136451],[-108.54125877,29.79613785],[-108.6185596,29.800466],[-108.62944418,29.80627385],[-108.63571774,29.82968448],[-108.60719926,29.84714006],[-108.62169071,29.87820949],[-108.614693381,29.88446402],[-108.61486306,29.89512526],[-108.62287155,29.95047165],[-108.62870897,29.9530344],[-108.61549958,29.96587243],[-108.60692209,30.02861792],[-108.61473757,30.05783854],[-108.61453012,30.08927555],[-108.61822289,30.08945254],[-108.61165574,30.10234943],[-108.62021763,30.29822972],[-108.58352671,30.28540708],[-108.56500078,30.26973146],[-108.55054666,30.26664218],[-108.542199021,30.28351217],[-108.56577377,30.30818638],[-108.57145302,30.32773386],[-108.58000597,30.33748211],[-108.62205649,30.34031817],[-108.61983989,30.37479638],[-108.64865225,30.41686472],[-108.61355868,30.43571638],[-108.60384323,30.465113],[-108.66477188,30.46815165],[-108.65711651,30.47031675],[-108.66197291,30.52194189],[-108.67409,30.53229149],[-108.6777922,30.55707272],[-108.68739831,30.55476477],[-108.72743949,30.58047691],[-108.72666566,30.59454808],[-108.756541721,30.59607572],[-108.76201975,30.58727197],[-108.83064743,30.60173302],[-108.84827729,30.61425203],[-108.87646528,30.62457432],[-108.87774358,30.6378384],[-108.86692525,30.68938663],[-108.88691946,30.71928654],[-108.91896837,30.73935366],[-108.94830245,30.73691128],[-108.9354568,30.77363126],[-108.92984925,30.86102092],[-108.93924274,30.90756517],[-108.80239257,30.904101],[-108.80325546,31.00482926],[-108.68380745,31.00597332],[-108.68438668,31.03373954],[-108.75246602,31.03384751],[-108.72989914,31.05215418],[-108.75045102,31.06975074],[-108.76615652,31.07362818],[-108.769996859,31.10247183],[-108.83329732,31.12545854],[-108.84564006,31.13557622],[-108.83501235,31.16933471],[-108.80502466,31.19295554],[-108.848331969,31.19510758],[-108.86068718,31.2189272],[-108.90033231,31.20245212],[-108.90664749,31.20805092],[-108.89832615,31.2252384],[-108.87981248,31.23878594],[-108.81723143,31.23900566],[-108.75591614,31.33241902],[-108.20847317,31.33336334],[-108.20837346,31.78375402]]]}},{"type":"Feature","properties":{"state":"Ciudad de México","official_state_name":"Ciudad de México","state_code_inegi":"09","postal_range":"00-16","postal_codes":["00","01","02","03","04","05","06","07","08","09","10","11","12","13","14","15","16"],"question_count":17,"question_01":"00","question_02":"01","question_03":"02","question_04":"03","question_05":"04","question_06":"05","question_07":"06","question_08":"07","question_09":"08","question_10":"09","question_11":"10","question_12":"11","question_13":"12","question_14":"13","question_15":"14","question_16":"15","question_17":"16"},"geometry":{"type":"Polygon","coordinates":[[[-99.12214865,19.59247645],[-99.10809722,19.564888491],[-99.1305746,19.53609129],[-99.128004579,19.524531121],[-99.11440711,19.51106082],[-99.09739952,19.51263125],[-99.06386254,19.498778711],[-99.06799134,19.48908322],[-99.046459066,19.442364562],[-99.05519643,19.42427337],[-99.05813572,19.40069215],[-98.991939178,19.36759871],[-98.994556659,19.358141321],[-98.957902629,19.323227621],[-98.967223924,19.305969336],[-98.97653063,19.25312538],[-98.96598688,19.249941],[-98.96858651,19.23221795],[-98.94030282,19.22323965],[-98.94255322,19.21561486],[-98.95108554,19.21818371],[-98.96852792,19.210571081],[-98.96769389,19.18974308],[-98.95238565,19.16863762],[-98.9673664,19.16443869],[-98.95462631,19.14952435],[-98.96645594,19.14387051],[-98.95750748,19.12238322],[-98.96572148,19.08586117],[-98.9789954,19.07445595],[-98.98359449,19.07876325],[-99.02899368,19.085368796],[-99.04320886,19.07575546],[-99.05980023,19.04823666],[-99.12543312,19.06206472],[-99.13537902,19.08929608],[-99.22677778,19.09606],[-99.27869522,19.13170172],[-99.28760525,19.14660057],[-99.30713554,19.21372846],[-99.31624975,19.22150168],[-99.31534335,19.22919649],[-99.34234097,19.2411224],[-99.33915989,19.26769715],[-99.3649242,19.27776925],[-99.35149209,19.29415238],[-99.35349778,19.29740185],[-99.34998526,19.29683718],[-99.35660785,19.3066758],[-99.33384208,19.3305904],[-99.32848442,19.35309238],[-99.318134019,19.35815642],[-99.31760763,19.36572952],[-99.30348343,19.37783003],[-99.29901978,19.36751526],[-99.29388937,19.37014725],[-99.261717933,19.395988936],[-99.25813005,19.404763481],[-99.25697935,19.400431691],[-99.23730471,19.41235962],[-99.222274429,19.42702297],[-99.229627479,19.437374664],[-99.21813295,19.444111831],[-99.21997278,19.45288014],[-99.20717365,19.46956812],[-99.22111506,19.47506848],[-99.20925754,19.51240902],[-99.20467165,19.51513597],[-99.15718111,19.50284889],[-99.1629752,19.51796149],[-99.17418229,19.52346562],[-99.17136728,19.52718852],[-99.17601146,19.53203605],[-99.15679812,19.52809077],[-99.15851348,19.53392103],[-99.15108489,19.54484571],[-99.1609,19.54926088],[-99.158095519,19.55735134],[-99.14680482,19.56463548],[-99.13376085,19.58624363],[-99.12214865,19.59247645]]]}},{"type":"Feature","properties":{"state":"Durango","official_state_name":"Durango","state_code_inegi":"10","postal_range":"34-35","postal_codes":["34","35"],"question_count":2,"question_01":"34","question_02":"35"},"geometry":{"type":"Polygon","coordinates":[[[-106.04733909,26.84487591],[-105.93919351,26.76321552],[-105.92810702,26.76593197],[-105.90860609,26.75283782],[-105.89833697,26.76385388],[-105.89410174,26.74100949],[-105.87454225,26.73857574],[-105.86543746,26.74737586],[-105.81455289,26.69096691],[-105.77580868,26.66093314],[-105.79426129,26.69876726],[-105.781305,26.70745465],[-105.74634185,26.71386858],[-105.73496358,26.68481962],[-105.72890797,26.69789606],[-105.704798769,26.65290769],[-105.68988005,26.65718885],[-105.67659248,26.63580962],[-105.670948,26.63522646],[-105.67488306,26.61767031],[-105.64553332,26.61660997],[-105.63720282,26.60914188],[-105.64089298,26.6199962],[-105.60101006,26.61484889],[-105.61948726,26.68350945],[-105.54900303,26.54657858],[-105.49608532,26.54285188],[-105.49562902,26.52563108],[-105.47151398,26.50870168],[-105.46862554,26.51732365],[-105.47438706,26.52637926],[-105.47014242,26.52789805],[-105.43860205,26.52834475],[-105.40342757,26.51752466],[-105.38492966,26.52283235],[-105.38198882,26.52918711],[-105.36862468,26.53426945],[-105.35629025,26.52472323],[-105.34802589,26.51248985],[-105.34854455,26.50550085],[-105.34270611,26.50451551],[-105.35452392,26.49261718],[-105.3571616,26.48561806],[-105.35276537,26.47887648],[-105.33875366,26.47805018],[-105.33398551,26.46935909],[-105.31675243,26.46228678],[-105.31548169,26.47034791],[-105.30192697,26.47244568],[-105.29845688,26.48201825],[-105.29163215,26.48088986],[-105.28993362,26.48811112],[-105.27908188,26.48747537],[-105.26946335,26.47976374],[-105.27060583,26.46645577],[-105.26468258,26.46207275],[-105.10154955,26.52140552],[-105.05663403,26.41930054],[-105.05257782,26.42976458],[-105.02706911,26.43694206],[-105.00038937,26.45495083],[-104.9631036,26.44918435],[-104.95623905,26.46284468],[-104.96959186,26.46595229],[-104.96321518,26.47339092],[-104.94437668,26.46834469],[-104.93672992,26.48371158],[-104.89890032,26.51001831],[-104.85658323,26.50286885],[-104.80927414,26.50849742],[-104.7912258,26.50456108],[-104.76095606,26.48581872],[-104.74784208,26.4924472],[-104.7371718,26.47939663],[-104.72703634,26.47796492],[-104.68687378,26.43319032],[-104.67729342,26.42933308],[-104.65407538,26.39105302],[-104.64531755,26.39161228],[-104.62008858,26.36884265],[-104.59385649,26.38043965],[-104.57445148,26.34046828],[-104.50097438,26.41475743],[-104.49540177,26.43341895],[-104.50282863,26.46584592],[-104.49589932,26.46685931],[-104.46855545,26.52034145],[-104.43477525,26.60452054],[-104.37542254,26.64071649],[-104.33038743,26.65653292],[-104.30578026,26.70067429],[-104.30679534,26.70716817],[-104.28654348,26.725403],[-104.29975972,26.75194554],[-104.3172796,26.76073675],[-104.30176194,26.77194857],[-104.30531548,26.7928918],[-104.31530657,26.79906952],[-104.29153832,26.81576782],[-104.28616149,26.81520482],[-104.29488806,26.81775102],[-104.28361925,26.82531415],[-104.2818824,26.83564382],[-104.27304242,26.84227952],[-104.22780885,26.77715363],[-104.18393589,26.773572],[-104.04573782,26.74297654],[-104.03319062,26.77439149],[-103.99499549,26.77754026],[-103.99383283,26.75361042],[-103.88118829,26.75491802],[-103.86129742,26.75042082],[-103.86129849,26.75409457],[-103.658255999,26.71948395],[-103.64389145,26.69015849],[-103.63698243,26.69343577],[-103.37418349,26.60235489],[-103.3167926,26.361776181],[-103.26082526,26.28472682],[-103.350488219,26.142389951],[-103.346360109,25.860304381],[-103.318587659,25.81270129],[-103.333705218,25.738736109],[-103.34028918,25.72403448],[-103.35283606,25.71655309],[-103.33943689,25.70760482],[-103.35499086,25.69986003],[-103.34921371,25.69344394],[-103.35948634,25.68886209],[-103.36476237,25.6719708],[-103.38304092,25.6553174],[-103.38142223,25.64034234],[-103.40600325,25.64502715],[-103.4087358,25.63967215],[-103.40327558,25.62812829],[-103.42477012,25.62367992],[-103.41602526,25.6144216],[-103.42685023,25.61209003],[-103.429624449,25.59891669],[-103.43840582,25.59664328],[-103.43329985,25.58808206],[-103.43536654,25.58277754],[-103.45099069,25.57893369],[-103.45544475,25.55706145],[-103.46956083,25.546437231],[-103.49441429,25.5377318],[-103.43572855,25.47907398],[-103.39874765,25.45060038],[-103.39065129,25.43459115],[-103.369062,25.41646072],[-103.34136772,25.41014223],[-103.3369162,25.37123114],[-103.35122842,25.37297735],[-103.36551943,25.39315628],[-103.38046172,25.39095645],[-103.39049505,25.39739258],[-103.40669917,25.3989014],[-103.46205937,25.37631094],[-103.46621663,25.35234817],[-103.48042048,25.33433663],[-103.48648332,25.33286183],[-103.47925015,25.32392478],[-103.48578611,25.31483586],[-103.49574289,25.31110946],[-103.49767043,25.29514925],[-103.50935169,25.29146257],[-103.51071005,25.27912612],[-103.50383483,25.27465409],[-103.49672011,25.25574852],[-103.47318437,25.25010768],[-103.46623395,25.23868038],[-103.45021374,25.22861491],[-103.45006258,25.21905409],[-103.43868157,25.2019588],[-103.42579595,25.20153929],[-103.40923692,25.18238535],[-103.40285778,25.18234891],[-103.39429042,25.15773563],[-103.37714185,25.14204917],[-103.35953931,25.11002885],[-103.34266238,25.11032942],[-103.33722594,25.09912698],[-103.29500638,25.07997837],[-103.29124132,25.07053328],[-103.27823145,25.06296943],[-103.26218034,25.05854931],[-103.26150632,25.05416825],[-103.26957731,25.05489383],[-103.26878889,25.04914332],[-103.27446463,25.04594772],[-103.269452,25.04024246],[-103.27801522,25.03461417],[-103.26748934,25.02804372],[-103.27405397,25.02335989],[-103.27046954,25.0156596],[-103.24656308,24.9960266],[-103.24536378,24.9824628],[-103.25914589,24.96465877],[-103.08912262,24.82119352],[-103.06884715,24.81855915],[-103.05374472,24.80994355],[-103.03335525,24.81084017],[-103.02181932,24.79993615],[-103.01506695,24.80095075],[-103.00513802,24.79321815],[-103.00136498,24.79838026],[-102.99081083,24.79403762],[-102.9752154,24.79946366],[-102.97456758,24.79280832],[-102.9649182,24.79400855],[-102.96361891,24.78811203],[-102.94914475,24.77970594],[-102.92299094,24.78021888],[-102.92167491,24.77308934],[-102.9160354,24.77610637],[-102.90746728,24.76788446],[-102.89549318,24.76602677],[-102.88309814,24.75043554],[-102.85640278,24.73977397],[-102.85313072,24.77200095],[-102.66969398,25.06663649],[-102.65242209,25.04522906],[-102.64954537,25.0279558],[-102.64300189,25.02781283],[-102.62888483,25.00832166],[-102.63554292,25.00416909],[-102.64295555,24.97864817],[-102.67298445,24.97881825],[-102.67306157,24.94275208],[-102.56623578,24.90222075],[-102.56537289,24.86635542],[-102.54918188,24.82993558],[-102.51218231,24.70972111],[-102.49464143,24.61255522],[-102.47980697,24.49044805],[-102.48699622,24.44422838],[-102.47312688,24.44521478],[-102.48026728,24.42801388],[-102.52014631,24.42393214],[-102.52279226,24.41524712],[-102.52670189,24.41622706],[-102.53393142,24.40772211],[-102.60659277,24.41116882],[-102.60729903,24.40539922],[-102.61856431,24.3963784],[-102.6999044,24.37397185],[-102.71437302,24.37821685],[-102.75665432,24.376983],[-102.7888524,24.40624848],[-102.81241555,24.38949443],[-102.83173562,24.38469191],[-102.84590277,24.39808258],[-102.85389205,24.42435915],[-102.8585826,24.42292683],[-102.86501269,24.43031208],[-102.86062092,24.43449235],[-102.87377337,24.44999978],[-102.89189095,24.46111812],[-102.89042735,24.45147426],[-102.9017922,24.43571378],[-102.90010651,24.42850048],[-102.96744017,24.45770363],[-102.9835728,24.43325715],[-103.04315022,24.46650086],[-103.07508097,24.42262458],[-103.08751465,24.43602705],[-103.09852728,24.4016266],[-103.13170883,24.424677],[-103.15772582,24.42784063],[-103.16525892,24.43519843],[-103.17545686,24.433261],[-103.18195342,24.41989658],[-103.20209151,24.42446914],[-103.22283354,24.41710277],[-103.22224623,24.42059369],[-103.23663565,24.4270566],[-103.23397955,24.43583823],[-103.25353178,24.4472538],[-103.26451908,24.43458092],[-103.28264548,24.42883703],[-103.3102502,24.43565785],[-103.32392878,24.42650563],[-103.3862048,24.42296472],[-103.39405638,24.43209929],[-103.40981448,24.42628189],[-103.4193324,24.43048809],[-103.42161929,24.41658763],[-103.43023703,24.40890915],[-103.42514894,24.38785637],[-103.43052252,24.36014623],[-103.44133057,24.34127926],[-103.44893018,24.33861577],[-103.44834005,24.33260046],[-103.46269672,24.32046858],[-103.48406263,24.31834094],[-103.48500178,24.30093049],[-103.50454726,24.29576932],[-103.50675542,24.28796405],[-103.52375757,24.28895943],[-103.53124325,24.293909],[-103.56834994,24.28637126],[-103.56641775,24.26110691],[-103.55649278,24.24200398],[-103.56552309,24.21140692],[-103.55953635,24.19378886],[-103.56606431,24.18522432],[-103.58097186,24.17958329],[-103.60576554,24.15115448],[-103.62200668,24.11746469],[-103.63596954,24.11029338],[-103.66036155,24.14932629],[-103.69522974,24.13029175],[-103.799770339,24.050564462],[-103.810281519,24.040091941],[-103.813274119,24.021973582],[-103.843128849,24.026967122],[-103.847825979,24.003236152],[-103.872386579,24.007021722],[-103.850275779,23.988837432],[-103.838799289,23.964824352],[-103.833946569,23.969642292],[-103.818359829,23.964908602],[-103.830795949,23.907798752],[-103.853112349,23.874615552],[-103.849754309,23.862565982],[-103.832621519,23.848930372],[-103.83118637,23.824661852],[-103.816066979,23.807650322],[-103.822248149,23.800762602],[-103.820273289,23.791879512],[-103.835094949,23.785089182],[-103.862362339,23.752638382],[-103.841014619,23.701242892],[-103.844298459,23.684573232],[-103.851080539,23.679599231],[-103.785103509,23.676564891],[-103.79354178,23.630855062],[-103.811301939,23.613648802],[-103.849178509,23.640081712],[-103.877429019,23.628969942],[-103.873449019,23.620467512],[-103.87780457,23.618704862],[-103.88252238,23.59227058],[-103.89900683,23.60397171],[-103.90686731,23.60187095],[-103.88985383,23.58492782],[-103.89008692,23.57982758],[-103.91193357,23.57608288],[-103.91227715,23.58812205],[-103.9214686,23.58917534],[-103.91627066,23.56572525],[-103.92531342,23.55698268],[-103.95030114,23.5385184],[-103.95694554,23.53838202],[-103.96276538,23.52989409],[-103.99634088,23.51474137],[-104.06597709,23.46349328],[-104.0862676,23.39862763],[-104.1112146,23.35120549],[-104.12902262,23.18221422],[-104.1721324,23.12840768],[-104.17361446,22.98244495],[-104.16284705,22.97530249],[-104.16823334,22.96421606],[-104.16659289,22.94522072],[-104.15409569,22.93783798],[-104.15112208,22.92213712],[-104.13595535,22.91811617],[-104.13299402,22.90495855],[-104.11264435,22.90511803],[-104.11773917,22.89770685],[-104.10750489,22.88479622],[-104.10630403,22.85688772],[-104.11592968,22.85534474],[-104.11682768,22.85095191],[-104.10430788,22.83360097],[-104.11021425,22.82251649],[-104.10623785,22.81313786],[-104.1114848,22.81031086],[-104.09522718,22.80583885],[-104.10022418,22.79482522],[-104.09682482,22.78813875],[-104.09218155,22.78852443],[-104.09375472,22.77884815],[-104.08237451,22.77364743],[-104.08047523,22.76661682],[-104.09528525,22.75924351],[-104.10720303,22.76860052],[-104.11938149,22.76225572],[-104.13925775,22.76842082],[-104.1573794,22.75967965],[-104.18218085,22.75826811],[-104.19961435,22.77647785],[-104.22103871,22.77942015],[-104.2274172,22.77662977],[-104.22458851,22.7666898],[-104.23207465,22.75310394],[-104.25077898,22.74799877],[-104.2663444,22.73653937],[-104.26915235,22.72086489],[-104.2627078,22.71764348],[-104.27762983,22.70240683],[-104.27486308,22.68201963],[-104.28832674,22.66352589],[-104.28073197,22.65338837],[-104.28996588,22.64560957],[-104.28183123,22.64584005],[-104.26927494,22.63582111],[-104.27366334,22.62709215],[-104.28328789,22.62170325],[-104.27254468,22.60497591],[-104.26053471,22.59616732],[-104.26140748,22.58620285],[-104.27058766,22.58895525],[-104.27817274,22.58307097],[-104.28884962,22.55296523],[-104.30568929,22.55788865],[-104.31118349,22.55401046],[-104.31408866,22.54072723],[-104.32106329,22.53551632],[-104.32582417,22.53739666],[-104.31899229,22.53205202],[-104.31949917,22.51766332],[-104.30283132,22.49201671],[-104.29612582,22.47298908],[-104.29902542,22.46170188],[-104.31542711,22.44815112],[-104.32220508,22.43525205],[-104.32018806,22.43009425],[-104.32933358,22.42828314],[-104.32933183,22.43224029],[-104.33060262,22.43222968],[-104.33094448,22.42419549],[-104.33697822,22.42403715],[-104.33571783,22.42029302],[-104.34445865,22.41757148],[-104.34884292,22.40971665],[-104.37151222,22.42165865],[-104.49538985,22.37632414],[-104.48786037,22.36890508],[-104.49499028,22.36053209],[-104.48120594,22.35272831],[-104.48369022,22.34943332],[-104.49385614,22.35117045],[-104.50651325,22.3451634],[-104.51865866,22.36060394],[-104.53591085,22.3648028],[-104.54786085,22.37648548],[-104.55125297,22.3888666],[-104.55738337,22.38575335],[-104.56087914,22.39477857],[-104.57225605,22.39401358],[-104.58167108,22.39994597],[-104.58846969,22.4126544],[-104.59319018,22.41209834],[-104.59717622,22.43675534],[-104.60543835,22.44545789],[-104.6025606,22.46050808],[-104.65529172,22.46215466],[-104.65368017,22.52424177],[-104.65575494,22.54006971],[-104.66762197,22.5625452],[-104.66999832,22.56526174],[-104.680958,22.55909625],[-104.70873708,22.55462432],[-104.71516437,22.5559488],[-104.71979678,22.56904522],[-104.72818857,22.5589372],[-104.73606749,22.55794969],[-104.75981217,22.56871837],[-104.76756271,22.58138983],[-104.7759342,22.58512331],[-104.77257268,22.5918976],[-104.77980548,22.60334851],[-104.77409432,22.63254978],[-104.77940466,22.64317723],[-104.78891886,22.64797362],[-104.80425595,22.64874386],[-104.80402069,22.64034125],[-104.81467751,22.63424918],[-104.81669198,22.63968265],[-104.84002563,22.64586123],[-104.84011643,22.65113857],[-104.85839706,22.64832671],[-104.86249312,22.60707049],[-104.96052517,22.50531145],[-104.98791254,22.49872658],[-105.00755274,22.58567197],[-105.07236894,22.65649909],[-105.06842251,22.67841415],[-105.05730269,22.688094],[-104.89272045,22.73740925],[-104.91563665,22.74853797],[-104.90972192,22.7844314],[-104.91337535,22.79048597],[-104.90557632,22.79957752],[-104.91102102,22.80133197],[-104.9082568,22.80760058],[-104.9183892,22.81978075],[-104.93422628,22.82731089],[-104.94050486,22.81616328],[-104.95172075,22.82182974],[-104.95896731,22.8136046],[-104.98840523,22.83604932],[-104.98779563,22.88825202],[-105.00506914,22.90355206],[-105.00005417,22.90889717],[-105.01003912,22.92236274],[-104.99689314,22.9520016],[-105.00834105,22.96845869],[-105.00313942,22.97698268],[-105.01382462,22.97767283],[-105.07601578,22.95963883],[-105.16357409,22.95387192],[-105.29769906,22.95416211],[-105.32356989,22.94133017],[-105.33037777,22.94768877],[-105.32821097,22.95264046],[-105.33414166,22.95340892],[-105.33084949,22.96317318],[-105.34304926,22.96815929],[-105.33683234,22.97119942],[-105.33626803,22.98047363],[-105.34011486,22.98250394],[-105.33505694,22.98876011],[-105.33896795,22.99286506],[-105.33370491,22.99468209],[-105.3431496,23.01234248],[-105.35385651,23.0197848],[-105.35079626,23.03563446],[-105.35877918,23.04625757],[-105.35087358,23.05093855],[-105.35047118,23.06057534],[-105.35794028,23.06319531],[-105.35831631,23.07392337],[-105.37065511,23.07491674],[-105.398251279,23.08820703],[-105.39879552,23.10221095],[-105.40853302,23.10320046],[-105.41589235,23.11689734],[-105.43154769,23.12055114],[-105.45531918,23.11733566],[-105.50197815,23.12801163],[-105.53121629,23.11806132],[-105.53707398,23.10454108],[-105.54861212,23.10441771],[-105.55430908,23.09888666],[-105.56934277,23.11005751],[-105.57537674,23.10496689],[-105.57470598,23.11005689],[-105.58424809,23.11286031],[-105.59764086,23.10914962],[-105.60904625,23.11663538],[-105.60695992,23.12178868],[-105.61698322,23.12198777],[-105.61875505,23.12630348],[-105.62396957,23.12238809],[-105.64399075,23.14176808],[-105.6458054,23.15150152],[-105.63687588,23.15591597],[-105.63886686,23.16761572],[-105.63303894,23.173449],[-105.64071791,23.18545118],[-105.62971252,23.20229452],[-105.63574406,23.21474735],[-105.62967278,23.21923555],[-105.63031735,23.23558109],[-105.64263571,23.23895842],[-105.63918183,23.24501738],[-105.6477484,23.26031066],[-105.64279398,23.26596969],[-105.6432084,23.27647909],[-105.66370826,23.28742015],[-105.66484343,23.28265965],[-105.67264622,23.28163689],[-105.68708411,23.28752002],[-105.69397229,23.30131222],[-105.68738015,23.30714382],[-105.69947063,23.30771912],[-105.69233118,23.31097482],[-105.70217915,23.33265065],[-105.69400474,23.34056922],[-105.70351108,23.34009737],[-105.70517137,23.34873174],[-105.7151564,23.35021777],[-105.71224506,23.36428137],[-105.73068966,23.37489729],[-105.71733189,23.37859478],[-105.72241872,23.38603568],[-105.71207955,23.39255048],[-105.71025349,23.40813395],[-105.70028875,23.42017058],[-105.70710942,23.42585349],[-105.72833091,23.42898446],[-105.72840323,23.4395884],[-105.73886463,23.44520551],[-105.72465722,23.46080923],[-105.72806349,23.46681726],[-105.72344478,23.47484014],[-105.74863043,23.49367174],[-105.75103755,23.50027498],[-105.76033858,23.50295929],[-105.75686734,23.52489726],[-105.76037571,23.53510615],[-105.76912351,23.54193934],[-105.76930223,23.55646531],[-105.78590352,23.56947109],[-105.78537977,23.57499],[-105.80664678,23.58887302],[-105.81164389,23.61102855],[-105.84551602,23.60325554],[-105.84518582,23.58369483],[-105.85359602,23.5972876],[-105.88431791,23.59039386],[-105.892655378,23.552645281],[-105.908905367,23.588269553],[-105.926633749,23.684135663],[-105.915905828,23.726424753],[-105.906093347,23.739398853],[-105.923062908,23.747753773],[-105.919747107,23.757807112],[-105.92948214,23.76551702],[-105.92479882,23.7714762],[-105.92878492,23.78658189],[-105.9321746,23.794696],[-105.93933023,23.79143023],[-105.96126557,23.84074215],[-105.95366198,23.90858458],[-105.86724132,23.87524298],[-105.8629046,23.87792218],[-105.86549369,23.88071858],[-105.85758795,23.89929615],[-105.88155351,23.93281962],[-105.8999194,23.94392129],[-105.94541506,23.94802569],[-105.90846158,23.98342663],[-105.91213585,23.99753386],[-105.92887037,23.99928831],[-105.94234294,24.01431792],[-105.94871255,24.01177475],[-105.95981088,24.01740335],[-105.95981165,24.02383498],[-105.97950585,24.04196237],[-105.98426688,24.03867788],[-105.99871974,24.04338314],[-105.99671725,24.05422223],[-106.00788345,24.07250663],[-106.00070931,24.07605615],[-106.00206889,24.08808683],[-105.99632049,24.0893602],[-105.99562808,24.09829394],[-105.98944091,24.10235812],[-105.989724,24.11439017],[-106.00404637,24.1205328],[-106.00321077,24.14684103],[-106.02855726,24.18033229],[-106.02680786,24.18652851],[-106.04416043,24.21170475],[-106.04388357,24.22085035],[-106.06994835,24.22020058],[-106.07584323,24.2713892],[-106.15253962,24.33877037],[-106.1699752,24.33365018],[-106.19440566,24.35178511],[-106.26886942,24.37475529],[-106.33632982,24.35569532],[-106.34614528,24.34493398],[-106.35262369,24.31646815],[-106.36754466,24.3019408],[-106.46965466,24.27785695],[-106.5090966,24.29113931],[-106.51709355,24.28698426],[-106.52799122,24.29512374],[-106.53408892,24.30954778],[-106.58595862,24.37900031],[-106.58346566,24.39026992],[-106.60158831,24.41456585],[-106.56927602,24.43702058],[-106.56832154,24.45309918],[-106.5600158,24.47271062],[-106.57316969,24.47762694],[-106.58375866,24.49075991],[-106.59365274,24.49505874],[-106.60036172,24.48321082],[-106.60999494,24.49785128],[-106.624775,24.50023605],[-106.63006708,24.50650314],[-106.622607,24.52489668],[-106.63223783,24.52998951],[-106.64546066,24.52897946],[-106.6836086,24.59853048],[-106.70594837,24.66526166],[-106.78425429,24.74145643],[-106.79301072,24.74391034],[-106.79612871,24.75336114],[-106.86585288,24.82295534],[-106.90294888,24.82838785],[-106.91927678,24.81395312],[-106.93066257,24.82091668],[-106.93806094,24.83525102],[-106.94648782,24.83975317],[-106.94396112,24.85152737],[-106.946393249,24.85850792],[-106.951418109,24.85902372],[-106.927080259,24.86662438],[-106.93450765,24.88053585],[-106.95100945,24.88799666],[-107.00057543,24.92824102],[-107.02105288,24.90990828],[-107.025146679,24.92838051],[-107.01834391,24.93361737],[-107.0604198,25.00242743],[-107.06650429,25.02039688],[-107.063571289,25.02525535],[-107.067399,25.0301552],[-107.12989163,25.0531388],[-107.124918549,25.18663983],[-107.148774799,25.22454814],[-107.13202137,25.2267118],[-107.121057119,25.24311122],[-107.15720275,25.26176498],[-107.20781657,25.33156423],[-107.1715508,25.32635788],[-107.21013223,25.41710051],[-107.1848744,25.4368158],[-107.15869055,25.44199214],[-107.1565618,25.45642366],[-107.15054285,25.45804445],[-107.15111743,25.47669789],[-107.13929497,25.48956486],[-107.14768423,25.50502722],[-107.16629029,25.50299532],[-107.17811732,25.51517637],[-107.1695064,25.5324678],[-107.17688046,25.54081963],[-107.17616752,25.54440385],[-107.17182889,25.54279894],[-107.17387949,25.55655257],[-107.13874935,25.56009509],[-107.13826405,25.55219843],[-107.12456486,25.55041438],[-107.11308094,25.56106029],[-107.03415932,25.5963232],[-106.97329046,25.62957043],[-106.99432452,25.6622326],[-106.92238698,25.64608217],[-106.89378369,25.64429135],[-106.89922208,25.64374205],[-106.87375598,25.57186483],[-106.81782572,25.57338943],[-106.74479637,25.58516338],[-106.70254869,25.58120575],[-106.70575814,25.59734974],[-106.69884591,25.58083942],[-106.68196852,25.57916845],[-106.70796985,25.60245126],[-106.68024494,25.58932309],[-106.67141985,25.56742165],[-106.65282631,25.55884362],[-106.65559546,25.57516583],[-106.64290763,25.585186],[-106.63084765,25.58580012],[-106.62925554,25.60379163],[-106.5918238,25.64739172],[-106.56966515,25.65766291],[-106.56552978,25.66656831],[-106.53644125,25.67596348],[-106.52733734,25.68653126],[-106.52798974,25.69177265],[-106.50883178,25.70750802],[-106.46361751,25.72904368],[-106.46404158,25.74170966],[-106.52655457,25.71337977],[-106.55596775,25.69170663],[-106.56012978,25.91270677],[-106.54730611,25.95242175],[-106.53371546,25.94576152],[-106.50147317,25.95495575],[-106.49166531,25.96805348],[-106.45581546,25.9725792],[-106.44471262,26.00508822],[-106.47040669,26.00542575],[-106.46745158,26.01828837],[-106.45339663,26.02784069],[-106.45409829,26.04635703],[-106.471229309,26.06052292],[-106.45440686,26.09526042],[-106.46124568,26.10521923],[-106.45864358,26.11216069],[-106.41561495,26.13940029],[-106.43277552,26.20401342],[-106.31225757,26.3487544],[-106.29951957,26.33708285],[-106.28704095,26.33508157],[-106.27545792,26.36741546],[-106.30217655,26.36387632],[-106.29759802,26.3964548],[-106.26437405,26.40611592],[-106.26522062,26.42413971],[-106.24203046,26.46682385],[-106.2508554,26.47858497],[-106.24747366,26.48218414],[-106.25518217,26.49891043],[-106.25388102,26.50735555],[-106.280666,26.51175355],[-106.26957143,26.52716943],[-106.28013545,26.53206723],[-106.24121712,26.54498992],[-106.23952714,26.56243732],[-106.23296108,26.55956037],[-106.230641881,26.57630146],[-106.23244035,26.58771542],[-106.23689657,26.58860325],[-106.23654006,26.61216749],[-106.23091766,26.60956031],[-106.2306114,26.61620037],[-106.22673486,26.61495646],[-106.22557438,26.6353774],[-106.21948225,26.63914203],[-106.21982609,26.65635598],[-106.20604223,26.66894809],[-106.20792268,26.67806475],[-106.20302418,26.68122582],[-106.19834671,26.67600929],[-106.19712848,26.68377902],[-106.19328614,26.6818768],[-106.18924783,26.67463243],[-106.18798948,26.67447577],[-106.19042557,26.68023008],[-106.18498495,26.6866596],[-106.189675,26.69513932],[-106.17266208,26.7051668],[-106.16013268,26.70233845],[-106.1474628,26.70923774],[-106.13301674,26.6973326],[-106.13067448,26.70220338],[-106.13178202,26.71379625],[-106.141444,26.72078665],[-106.17658083,26.72772205],[-106.17872946,26.74443649],[-106.1739636,26.74346737],[-106.17043394,26.75012554],[-106.17970905,26.76306306],[-106.17762645,26.77233658],[-106.16437871,26.77504023],[-106.15779397,26.77097418],[-106.1252624,26.77941037],[-106.11429891,26.76514389],[-106.10064266,26.75933318],[-106.06504842,26.82763335],[-106.04733909,26.84487591]]]}},{"type":"Feature","properties":{"state":"Guanajuato","official_state_name":"Guanajuato","state_code_inegi":"11","postal_range":"36-38","postal_codes":["36","37","38"],"question_count":3,"question_01":"36","question_02":"37","question_03":"38"},"geometry":{"type":"Polygon","coordinates":[[[-101.36145995,21.83912078],[-101.31948394,21.83533445],[-101.28968546,21.81213978],[-101.28152658,21.82146815],[-101.26231022,21.82344432],[-101.21715234,21.81607703],[-101.21979463,21.80220038],[-101.16126698,21.75750592],[-101.13613889,21.75322591],[-101.05924797,21.76552074],[-101.00517262,21.75723114],[-101.00611951,21.75191029],[-101.00230331,21.75081694],[-101.00002932,21.75640723],[-100.98197437,21.75352735],[-100.96555185,21.73492557],[-100.94350282,21.73262163],[-100.93805454,21.72053455],[-100.91257757,21.71364874],[-100.92127346,21.70027357],[-100.90839203,21.69166498],[-100.90718337,21.6816368],[-100.87011218,21.67249352],[-100.86514988,21.6870796],[-100.85216603,21.6733502],[-100.83432149,21.66455878],[-100.85767825,21.61898658],[-100.81656097,21.6026534],[-100.80949611,21.59204983],[-100.79230837,21.59483417],[-100.773295,21.5881218],[-100.77246762,21.59545163],[-100.76176318,21.58493522],[-100.7343438,21.57872654],[-100.71763023,21.55023151],[-100.70524432,21.54824048],[-100.70071748,21.55254866],[-100.69209792,21.54636914],[-100.68116792,21.5475046],[-100.66562017,21.53522306],[-100.66559957,21.52782122],[-100.65745608,21.52471797],[-100.63854157,21.52829302],[-100.63544732,21.54319163],[-100.61429931,21.53313455],[-100.62191022,21.51898592],[-100.614955,21.50578917],[-100.59138585,21.51560602],[-100.58198251,21.52612028],[-100.54685888,21.53220491],[-100.53395002,21.54232683],[-100.46108028,21.54533485],[-100.46484597,21.55362154],[-100.45538122,21.55625645],[-100.46070198,21.57121002],[-100.47145312,21.58757032],[-100.48580215,21.59440428],[-100.47049037,21.60646546],[-100.46039691,21.62399091],[-100.46158822,21.6375792],[-100.4564336,21.64231057],[-100.44734174,21.67492345],[-100.43485666,21.68281272],[-100.42305128,21.67505698],[-100.39860932,21.67465514],[-100.38965232,21.68133683],[-100.37553114,21.67982109],[-100.35136555,21.69167085],[-100.32207814,21.68209417],[-100.27213546,21.68734698],[-100.24631149,21.6649326],[-100.22227543,21.66565152],[-100.19283878,21.64695834],[-100.17963474,21.65079049],[-100.16714922,21.63411822],[-100.17248306,21.62933098],[-100.17144305,21.60126634],[-100.16129351,21.60497658],[-100.15436637,21.61735354],[-100.1471948,21.61812531],[-100.12497785,21.59346554],[-100.07584369,21.55793168],[-100.06227605,21.52330548],[-99.95682229,21.52622708],[-99.95631595,21.51823908],[-99.9651106,21.50512138],[-99.95065483,21.49467737],[-99.94570529,21.49743169],[-99.94794335,21.49068815],[-99.95934602,21.48351374],[-99.95147682,21.4722684],[-99.94925228,21.45600222],[-99.94233312,21.44961982],[-99.93896442,21.44978895],[-99.94316878,21.46178377],[-99.90517412,21.44815915],[-99.86700038,21.47346238],[-99.83492889,21.47811595],[-99.83918135,21.46238563],[-99.82529198,21.46652163],[-99.81707412,21.46169082],[-99.80570755,21.47184626],[-99.78798783,21.47750618],[-99.79103983,21.49067189],[-99.77734978,21.49502266],[-99.77407388,21.49178475],[-99.77310586,21.47634446],[-99.77727038,21.47022065],[-99.7717776,21.46630892],[-99.77712388,21.45960062],[-99.77616294,21.4425222],[-99.78058815,21.43439669],[-99.77592889,21.42703378],[-99.78043163,21.41477243],[-99.7720424,21.40553769],[-99.78026038,21.38935518],[-99.77549554,21.3749686],[-99.79452202,21.35739942],[-99.79213268,21.3439066],[-99.77756528,21.34323543],[-99.7848784,21.32786851],[-99.78779083,21.32962172],[-99.7799348,21.31302817],[-99.75789357,21.29214037],[-99.73416115,21.30144392],[-99.73725312,21.31288497],[-99.70756531,21.31454583],[-99.67130262,21.30119375],[-99.69907631,21.2666984],[-99.69870635,21.24075209],[-99.68785488,21.22578026],[-99.738483459,21.23581777],[-99.758105629,21.21640297],[-99.775833539,21.20728232],[-99.77696963,21.19593851],[-99.83125855,21.15732272],[-99.871646769,21.16971262],[-99.888250949,21.16959502],[-99.89934718,21.18389729],[-99.942645719,21.19441783],[-99.94536218,21.20988537],[-99.95471412,21.20567182],[-99.94786483,21.21237494],[-99.986368049,21.21831003],[-100.01108574,21.18946434],[-100.00122185,21.18852408],[-99.99641766,21.18259491],[-100.004107449,21.17366269],[-100.002990619,21.15742395],[-100.007104369,21.15668469],[-100.02754308,21.10025302],[-100.021877629,21.10008445],[-100.02641888,21.07356232],[-100.01976522,21.05512952],[-100.00665758,21.04639446],[-100.01086962,21.04305078],[-100.01106957,21.02850463],[-100.02256317,21.0146212],[-100.05448012,21.02778508],[-100.06894972,21.0228134],[-100.06074631,21.00581578],[-100.07376014,20.99175834],[-100.06985452,20.9834934],[-100.07804317,20.97265748],[-100.06880277,20.95791202],[-100.08073849,20.94985751],[-100.06417194,20.9362886],[-100.11782778,20.92215512],[-100.13531185,20.93726383],[-100.17837008,20.93866508],[-100.1815276,20.93040166],[-100.26362329,20.97099885],[-100.27206109,20.96302946],[-100.26179669,20.95337308],[-100.26554323,20.92924738],[-100.29920917,20.93132775],[-100.30537822,20.92382683],[-100.29839429,20.91529172],[-100.3335908,20.89072848],[-100.39441531,20.89216695],[-100.41339938,20.88743188],[-100.45395602,20.90017938],[-100.45317648,20.92319905],[-100.47223288,20.92844606],[-100.46995829,20.90703935],[-100.48536677,20.90879972],[-100.48499611,20.90078472],[-100.50902352,20.87070671],[-100.50204862,20.85292046],[-100.55933222,20.82991468],[-100.56628311,20.8208104],[-100.57758894,20.81666975],[-100.57336445,20.80367417],[-100.55832829,20.80457115],[-100.56407731,20.77469688],[-100.54812108,20.74956088],[-100.54891462,20.73638342],[-100.58441452,20.72893735],[-100.59653571,20.71726092],[-100.58128446,20.69293263],[-100.58360349,20.67842426],[-100.57395929,20.67206605],[-100.56193063,20.67142778],[-100.55112518,20.63376605],[-100.52953528,20.63866726],[-100.52148632,20.62486429],[-100.49617743,20.61619374],[-100.48209165,20.57150831],[-100.48500338,20.55380422],[-100.50476545,20.5550334],[-100.5085206,20.52620926],[-100.50111137,20.51259574],[-100.50975558,20.50652685],[-100.49735717,20.50483042],[-100.49766366,20.49137309],[-100.49238212,20.49041554],[-100.48838368,20.47331268],[-100.489498,20.43139411],[-100.47826992,20.41628637],[-100.47618106,20.3896108],[-100.44351109,20.38704092],[-100.40999518,20.37600642],[-100.39401649,20.35023192],[-100.38838269,20.30901738],[-100.37918595,20.30193188],[-100.36945952,20.30251637],[-100.34813042,20.28657963],[-100.34408772,20.272944263],[-100.32576306,20.26102038],[-100.32355837,20.25193402],[-100.34149857,20.23911318],[-100.34351802,20.22896372],[-100.35523671,20.21901835],[-100.35234251,20.20046088],[-100.34596965,20.20097991],[-100.34030845,20.18973692],[-100.35583669,20.18238594],[-100.37088694,20.13618542],[-100.39151168,20.12103318],[-100.38529154,20.10450558],[-100.39725668,20.09695275],[-100.38975111,20.08082294],[-100.35826368,20.06491646],[-100.36204082,20.05343663],[-100.3543844,20.02779062],[-100.35496966,20.01011958],[-100.35927414,20.00974231],[-100.36050505,20.02396069],[-100.37040326,20.02126558],[-100.36293112,19.98986108],[-100.44358388,19.982285],[-100.46582435,19.98739803],[-100.46245566,19.97926829],[-100.4701702,19.97998351],[-100.47359705,19.97233425],[-100.49818423,19.9580432],[-100.51168709,19.95821609],[-100.5118376,19.94222108],[-100.52171348,19.92772768],[-100.51994645,19.91882005],[-100.53600851,19.9230066],[-100.5267794,19.96576045],[-100.53182334,19.97639449],[-100.54063118,19.97492929],[-100.53393423,19.96921482],[-100.55071702,19.95796597],[-100.56011242,19.95910363],[-100.56548168,19.96613932],[-100.57996515,19.95751498],[-100.59307574,19.95828037],[-100.58759408,19.97139034],[-100.56569886,19.9745312],[-100.55678186,19.98529837],[-100.55789489,19.99171555],[-100.57671014,19.99306078],[-100.59560331,19.99166202],[-100.60612431,19.98217926],[-100.61757338,19.95769255],[-100.648869,19.95800122],[-100.66038134,19.96454834],[-100.68064849,19.950463151],[-100.718817351,19.94051937],[-100.748752781,19.912750181],[-100.753504351,19.91712449],[-100.778813619,19.91514969],[-100.792063939,19.9555748],[-100.80220934,19.958340049],[-100.824301449,19.97832909],[-100.83286912,19.97239532],[-100.83022682,19.95413429],[-100.83576183,19.93459643],[-100.854524,19.93491414],[-100.85301288,19.94165094],[-100.86028595,19.94894297],[-100.8826128,19.94392626],[-100.90601108,19.96158268],[-100.932581889,19.953490851],[-100.94753938,19.96254523],[-100.94787935,19.93356306],[-100.97054689,19.92923768],[-100.97736414,19.93685086],[-100.98079123,19.95522108],[-101.00227569,19.95236325],[-101.00465615,19.96623388],[-100.97670925,19.98273845],[-100.98270078,20.00263065],[-100.97277972,20.00208895],[-100.96764442,20.01129348],[-100.98785365,20.02691786],[-101.00808918,20.02809318],[-101.00356662,20.037964],[-101.01270154,20.03775812],[-101.01398657,20.04571129],[-100.99271515,20.06448966],[-101.02135266,20.08694475],[-101.04290109,20.09195417],[-101.07485962,20.08838818],[-101.079967859,20.082816051],[-101.11392208,20.07723329],[-101.13314708,20.05998466],[-101.15437109,20.08502966],[-101.16519111,20.08716297],[-101.17523717,20.09711631],[-101.16966008,20.08230814],[-101.17161977,20.07345172],[-101.17908465,20.06243385],[-101.19631846,20.05718855],[-101.18137017,20.05337194],[-101.1666404,20.04246568],[-101.16390083,20.045918],[-101.16035151,20.04020015],[-101.18229477,20.02686108],[-101.20153182,20.02573855],[-101.20305551,20.00722415],[-101.22072632,20.01143628],[-101.23834597,20.03211855],[-101.25076555,20.02326403],[-101.25303054,20.03549608],[-101.28097218,20.02754406],[-101.29645952,20.03864478],[-101.33403925,20.03152275],[-101.37494654,20.04042886],[-101.38813622,20.03040988],[-101.40168028,20.03500905],[-101.40260805,20.04703046],[-101.39427778,20.05291182],[-101.39544668,20.06995982],[-101.38751315,20.08296125],[-101.40469589,20.08019518],[-101.40324918,20.10015632],[-101.40834195,20.10263265],[-101.40432632,20.10679092],[-101.40868905,20.12313383],[-101.39100772,20.12712072],[-101.389376,20.13486377],[-101.39237495,20.14402892],[-101.40360375,20.14211649],[-101.4164706,20.16167578],[-101.42249825,20.16322632],[-101.41989112,20.20159058],[-101.40560172,20.20332298],[-101.36319817,20.19579442],[-101.35261809,20.2349322],[-101.36051948,20.24905574],[-101.39532438,20.24854934],[-101.40647732,20.26363075],[-101.41559131,20.26475874],[-101.42056248,20.27520392],[-101.43548211,20.27738083],[-101.43685731,20.26378532],[-101.45593046,20.26716968],[-101.45717072,20.28514209],[-101.44498465,20.28972543],[-101.44972297,20.29822892],[-101.44019705,20.30519282],[-101.45669662,20.30437048],[-101.45492454,20.31785072],[-101.45154302,20.31783892],[-101.45094222,20.31949832],[-101.45682305,20.31926509],[-101.46491005,20.32901083],[-101.48022728,20.33017448],[-101.49324158,20.31400555],[-101.50106823,20.31167254],[-101.50288232,20.3248766],[-101.51417554,20.31791177],[-101.52415646,20.32123083],[-101.52293609,20.33234695],[-101.52939168,20.33258737],[-101.53781034,20.32437525],[-101.55326571,20.3325158],[-101.56578214,20.31574095],[-101.58309772,20.32735982],[-101.58924478,20.309601821],[-101.600932849,20.310052741],[-101.60107414,20.298018541],[-101.60567908,20.29977069],[-101.604685,20.3094244],[-101.62465428,20.31458038],[-101.62842845,20.29592368],[-101.63492083,20.28896745],[-101.62396914,20.27610835],[-101.625534,20.26699769],[-101.63203415,20.26478866],[-101.63436809,20.2711818],[-101.63883772,20.26581578],[-101.64252065,20.26764638],[-101.65092646,20.25348402],[-101.64401682,20.24716571],[-101.64625232,20.23866805],[-101.65457717,20.24349646],[-101.66330802,20.23757998],[-101.66847437,20.21313514],[-101.67812338,20.218881828],[-101.68691675,20.21722105],[-101.69269395,20.20727909],[-101.69039408,20.19681698],[-101.69793489,20.18967437],[-101.70387078,20.1904396],[-101.71062162,20.20530598],[-101.72594034,20.20561797],[-101.731199,20.21480231],[-101.74351492,20.20391238],[-101.75939177,20.20173191],[-101.78230885,20.21075143],[-101.78661568,20.21931845],[-101.79933426,20.21091466],[-101.8038346,20.21434249],[-101.80911682,20.2043802],[-101.82486072,20.2018376],[-101.81964611,20.20866552],[-101.83386618,20.2247904],[-101.85605298,20.2119006],[-101.87159811,20.21098885],[-101.87202985,20.20442983],[-101.88142863,20.19999754],[-101.87919445,20.18918151],[-101.888114,20.18839334],[-101.88619677,20.19552742],[-101.89302198,20.20377723],[-101.90470737,20.20300769],[-101.909991,20.19383146],[-101.91789728,20.19507732],[-101.91566334,20.20669972],[-101.909338,20.20340458],[-101.90793882,20.21515295],[-101.91778049,20.2193314],[-101.9306028,20.20812126],[-101.92825162,20.21727762],[-101.93234657,20.22588908],[-101.93987263,20.22708175],[-101.93812932,20.24138292],[-101.93217165,20.24373791],[-101.94494489,20.25507742],[-101.94359445,20.26777154],[-101.95118428,20.27158257],[-101.93686168,20.28146108],[-101.94714257,20.28636158],[-101.9345474,20.297691461],[-101.94954068,20.2984226],[-101.95991889,20.30513594],[-101.95626389,20.31293335],[-101.95001642,20.31148055],[-101.94895771,20.3151074],[-101.96347163,20.31855742],[-101.9473174,20.33097594],[-101.94529382,20.34267315],[-101.9623372,20.34468946],[-101.96899069,20.36025975],[-101.99639003,20.35964322],[-102.01370246,20.35063208],[-102.00490254,20.33306577],[-102.007290579,20.326729751],[-102.01379882,20.32793032],[-102.01730597,20.3417666],[-102.02523491,20.3479816],[-102.021826649,20.362983692],[-102.01006405,20.381856318],[-102.01359,20.393897688],[-102.01820192,20.393515628],[-102.02265091,20.38088994],[-102.065032629,20.374921571],[-102.08676942,20.38476048],[-102.09641168,20.38425749],[-102.09689917,20.38922026],[-102.08731628,20.3939976],[-102.08453323,20.40500925],[-102.07088262,20.40901917],[-102.079332,20.42091745],[-102.07396665,20.42505638],[-102.07661583,20.42815875],[-102.05757608,20.4453598],[-102.05630135,20.45203115],[-102.04399457,20.4565922],[-102.04214945,20.47448168],[-102.04602729,20.48261429],[-102.02819469,20.49654192],[-102.01878978,20.51775709],[-102.01009242,20.52605885],[-102.00868688,20.5331672],[-102.01414163,20.54259609],[-102.0030832,20.54721546],[-101.99555643,20.54050838],[-101.98791289,20.5452798],[-101.98395472,20.53500912],[-101.97886214,20.54283789],[-101.97391842,20.54178843],[-101.9698976,20.56881088],[-101.96280165,20.57024262],[-101.96703097,20.57934409],[-101.95931228,20.58684252],[-101.95801235,20.5983392],[-101.95114368,20.60742685],[-101.95873957,20.60879137],[-101.95707758,20.63264274],[-101.96413042,20.63893914],[-101.97118786,20.63760975],[-101.96807966,20.6636412],[-101.98137692,20.65752945],[-101.98194455,20.66332678],[-101.99038602,20.6608906],[-101.99712325,20.66470654],[-102.00470963,20.66032598],[-102.01383749,20.66444117],[-102.01909038,20.67618418],[-102.01438937,20.71706366],[-102.03774026,20.71739648],[-102.04037115,20.72324762],[-102.03446088,20.7421394],[-102.04354458,20.73741605],[-102.06448731,20.73874962],[-102.06103965,20.74851657],[-102.07363332,20.74875954],[-102.07232552,20.75939958],[-102.06563889,20.7667558],[-102.06759263,20.77224743],[-102.07362442,20.77677055],[-102.08108215,20.77150726],[-102.0825266,20.77717622],[-102.09590838,20.78005052],[-102.08709189,20.80146052],[-102.07994508,20.80178706],[-102.07617891,20.81817065],[-102.07986705,20.82906508],[-102.07367789,20.83792426],[-102.06436886,20.83821425],[-102.05293275,20.84756474],[-102.03858502,20.84735234],[-102.02178054,20.86216032],[-102.01257982,20.87834385],[-102.01799411,20.88328469],[-102.00844652,20.88537834],[-101.99403114,20.90772472],[-101.98109691,20.91480878],[-101.97988182,20.92504755],[-101.96310031,20.92251803],[-101.95787657,20.93520083],[-101.942088,20.92810028],[-101.93894975,20.93061425],[-101.93714437,20.95580086],[-101.9313886,20.96711491],[-101.92221332,20.971938],[-101.92470598,20.98323669],[-101.90874634,20.99858506],[-101.90662742,21.02881754],[-101.89660591,21.04775114],[-101.90133494,21.05296305],[-101.8945494,21.05124372],[-101.87494275,21.07008537],[-101.87500374,21.09289435],[-101.83748689,21.09676543],[-101.8176588,21.10704569],[-101.82026785,21.1186664],[-101.83084592,21.11937254],[-101.83344802,21.13727297],[-101.82242271,21.13591528],[-101.811826,21.14123675],[-101.81012069,21.14854628],[-101.81569777,21.14952738],[-101.80477626,21.15850065],[-101.80400915,21.16634818],[-101.7872714,21.156382],[-101.78110878,21.16052789],[-101.78368208,21.17117852],[-101.78066474,21.19142306],[-101.77443477,21.19658437],[-101.77120045,21.23473128],[-101.76594945,21.24223128],[-101.75458642,21.24388854],[-101.76819723,21.25773228],[-101.75940272,21.26061334],[-101.75971651,21.26762174],[-101.74957072,21.27199377],[-101.73853511,21.2691596],[-101.73578789,21.27729223],[-101.70937674,21.28072565],[-101.70200538,21.27546288],[-101.68667542,21.29405985],[-101.66285288,21.28657991],[-101.65401909,21.29594683],[-101.64317711,21.29933569],[-101.64091372,21.31473865],[-101.64657308,21.33806055],[-101.64284492,21.35510609],[-101.65161158,21.36964615],[-101.67948629,21.38950637],[-101.67758295,21.39514237],[-101.65851586,21.4068002],[-101.63094423,21.40731308],[-101.60025649,21.42054134],[-101.58913934,21.41513148],[-101.57041563,21.41853575],[-101.58042392,21.42827969],[-101.58187252,21.44780942],[-101.58789174,21.44240522],[-101.58995092,21.44558089],[-101.58904198,21.46489997],[-101.63243146,21.51905417],[-101.64026103,21.51362568],[-101.64116629,21.52226674],[-101.64045834,21.52863006],[-101.62000802,21.54106897],[-101.62356345,21.54617271],[-101.61913768,21.54609783],[-101.62189318,21.55091871],[-101.61724658,21.55745212],[-101.60725652,21.56201174],[-101.60648563,21.57432715],[-101.61215618,21.57533558],[-101.61231332,21.58291689],[-101.59577406,21.600315],[-101.59526468,21.61000377],[-101.58602363,21.60780963],[-101.58018874,21.62553134],[-101.59608609,21.63706191],[-101.58325145,21.65670462],[-101.58142803,21.66699845],[-101.58482625,21.67021157],[-101.56913898,21.69231026],[-101.58404332,21.70957449],[-101.57814602,21.71188897],[-101.57085537,21.70430772],[-101.55765329,21.73509866],[-101.5796828,21.7364046],[-101.58569408,21.77877712],[-101.53883217,21.77733488],[-101.4738734,21.82739102],[-101.46596325,21.8270588],[-101.4640614,21.82022503],[-101.45507234,21.82995854],[-101.45358588,21.82669178],[-101.42266894,21.82496294],[-101.36145995,21.83912078]]]}},{"type":"Feature","properties":{"state":"Guerrero","official_state_name":"Guerrero","state_code_inegi":"12","postal_range":"39-41","postal_codes":["39","40","41"],"question_count":3,"question_01":"39","question_02":"40","question_03":"41"},"geometry":{"type":"MultiPolygon","coordinates":[[[[-99.918150372,16.822706363],[-99.9014177,16.822744105],[-99.905612344,16.817549612],[-99.918150372,16.822706363]]],[[[-101.658733398,17.679431178],[-101.654536624,17.678815492],[-101.652013047,17.673831305],[-101.655447799,17.677186345],[-101.659587913,17.673288397],[-101.658733398,17.679431178]]],[[[-100.61018114,18.88711749],[-100.60517678,18.87568172],[-100.59746866,18.87618185],[-100.58549378,18.85876586],[-100.55179423,18.84554646],[-100.54111203,18.83672928],[-100.53795385,18.8361834],[-100.53861989,18.84411065],[-100.51396315,18.82931226],[-100.50216998,18.8308654],[-100.49348271,18.82391672],[-100.48988195,18.81037854],[-100.49761486,18.80596069],[-100.49028505,18.78930305],[-100.48177022,18.79865165],[-100.45939165,18.79689269],[-100.45600435,18.77787815],[-100.45103542,18.78279309],[-100.44181495,18.77652743],[-100.44093554,18.78188122],[-100.43063375,18.78324845],[-100.427758219,18.76661852],[-100.41808522,18.75951408],[-100.43713043,18.75055525],[-100.44428971,18.72311105],[-100.45037355,18.71604808],[-100.44713332,18.70157505],[-100.45447494,18.69441772],[-100.4783372,18.68686478],[-100.47777168,18.67298354],[-100.48841632,18.65319111],[-100.48702769,18.64035165],[-100.47639272,18.63008969],[-100.47428932,18.61921612],[-100.44650903,18.62246523],[-100.42973331,18.59927322],[-100.43693697,18.59647486],[-100.43685111,18.58524292],[-100.4493616,18.55656137],[-100.42909695,18.51004806],[-100.41136792,18.52073969],[-100.40591522,18.53354989],[-100.39595369,18.54052009],[-100.38237852,18.53734329],[-100.37370129,18.52911385],[-100.362003179,18.49684723],[-100.367491489,18.47538312],[-100.38029988,18.45566177],[-100.38535698,18.42652414],[-100.35944132,18.42346186],[-100.34614129,18.40031449],[-100.315639,18.381397621],[-100.303753169,18.36701722],[-100.29197828,18.38160592],[-100.28383143,18.37786088],[-100.27877123,18.38079178],[-100.27668866,18.37208037],[-100.270891519,18.373732461],[-100.26949652,18.399905181],[-100.265584139,18.412178711],[-100.261145259,18.41285017],[-100.26296774,18.41778291],[-100.25902502,18.41835348],[-100.25951991,18.42743269],[-100.24828383,18.42676258],[-100.245565219,18.41871975],[-100.236399649,18.41677177],[-100.23801432,18.425218721],[-100.2339688,18.42371565],[-100.23153566,18.43193831],[-100.22702642,18.43085585],[-100.217076089,18.445923691],[-100.20871123,18.44915938],[-100.20865577,18.44122932],[-100.19919622,18.45193508],[-100.20013965,18.45669451],[-100.18573625,18.45510723],[-100.18805771,18.45909186],[-100.18063066,18.4640918],[-100.18236814,18.46812154],[-100.17198383,18.47151415],[-100.17420298,18.48168134],[-100.165336,18.47971363],[-100.16617829,18.48650094],[-100.15754726,18.48681055],[-100.15877,18.49181962],[-100.14559151,18.48802192],[-100.14519038,18.49804314],[-100.13618334,18.50612408],[-100.13217455,18.49996398],[-100.12696342,18.50264323],[-100.12801218,18.50780309],[-100.11851554,18.50596214],[-100.1224578,18.5101818],[-100.11797546,18.51371122],[-100.12267729,18.51649455],[-100.10450952,18.52401222],[-100.08995114,18.52216078],[-100.08533517,18.53861552],[-100.06888634,18.56444065],[-100.07073151,18.58281634],[-100.08241383,18.58794983],[-100.07175498,18.59369149],[-100.06359594,18.58550392],[-100.03757928,18.59658994],[-100.03356965,18.60617348],[-100.02496363,18.60686675],[-99.99930085,18.58357837],[-100.00160337,18.56393006],[-99.98969491,18.56970215],[-99.96167226,18.55297891],[-99.96057458,18.56733869],[-99.95296055,18.57250517],[-99.94716185,18.58794057],[-99.90700145,18.60182097],[-99.88846285,18.61866305],[-99.86893925,18.61469822],[-99.8637414,18.61786203],[-99.84761808,18.6054904],[-99.84471992,18.60852509],[-99.84914006,18.61254991],[-99.84835952,18.62025883],[-99.83048055,18.62756909],[-99.81655875,18.62500343],[-99.81251752,18.64085791],[-99.79300475,18.63065763],[-99.78331555,18.64236635],[-99.78457831,18.65108894],[-99.78032271,18.65408977],[-99.78430558,18.6623356],[-99.77434734,18.67458637],[-99.77242275,18.686197401],[-99.75490034,18.697387091],[-99.75829577,18.71127558],[-99.73909765,18.72827911],[-99.740680319,18.73649774],[-99.737031399,18.739832511],[-99.704728649,18.73493252],[-99.67956405,18.711333291],[-99.67197238,18.71350394],[-99.684181849,18.733182541],[-99.68187109,18.735951341],[-99.709157889,18.768838881],[-99.69473546,18.77677228],[-99.69699351,18.78633692],[-99.66145586,18.77130546],[-99.64874045,18.74318618],[-99.63832103,18.73732814],[-99.63688332,18.72663846],[-99.63090775,18.72055223],[-99.62112075,18.72593278],[-99.62286606,18.73983891],[-99.61429806,18.73612108],[-99.60574102,18.74062762],[-99.58990892,18.73930722],[-99.57972025,18.73517863],[-99.58169086,18.72174758],[-99.56978155,18.70551094],[-99.53643492,18.69375111],[-99.52234291,18.7074306],[-99.50452977,18.71170342],[-99.49441415,18.7205448],[-99.48556289,18.69503368],[-99.48016712,18.6948134],[-99.47757605,18.67356526],[-99.45809726,18.6340614],[-99.45388632,18.60990232],[-99.44120146,18.612574],[-99.440495,18.5974644],[-99.43517942,18.59806794],[-99.43564334,18.59276138],[-99.42938102,18.58892091],[-99.41970445,18.59033666],[-99.42529445,18.57912755],[-99.42288218,18.56206788],[-99.40780443,18.55606637],[-99.39027118,18.52568283],[-99.37921612,18.52053069],[-99.36295192,18.49902672],[-99.36423969,18.48514418],[-99.35505337,18.47673782],[-99.35740426,18.46766917],[-99.34344566,18.46712786],[-99.35267526,18.48598083],[-99.34555554,18.48229654],[-99.32826428,18.48883154],[-99.32836782,18.45954025],[-99.31215226,18.45478732],[-99.30423665,18.45947338],[-99.287414,18.45876945],[-99.24760734,18.45099925],[-99.24600706,18.45643337],[-99.20542163,18.4565888],[-99.20667403,18.44743443],[-99.17790537,18.42474525],[-99.18131508,18.44841775],[-99.15612757,18.46634843],[-99.14241122,18.46528534],[-99.14487746,18.47554938],[-99.14062335,18.47497309],[-99.13401058,18.45796282],[-99.13609829,18.44918695],[-99.12984298,18.44092757],[-99.12439525,18.44123965],[-99.13011863,18.43221688],[-99.12831486,18.42730898],[-99.11065777,18.41907458],[-99.10051832,18.401189],[-99.08954689,18.39998572],[-99.07853645,18.38706597],[-99.08125646,18.37311471],[-99.07283926,18.37731246],[-99.06605051,18.36710522],[-99.07596357,18.34237922],[-99.06611832,18.33306734],[-99.06991332,18.32423177],[-99.06727682,18.31902557],[-99.06241503,18.31952974],[-99.0603352,18.29724751],[-99.05177255,18.28981525],[-99.06083952,18.28196069],[-99.06936388,18.28323468],[-99.06153595,18.2714618],[-99.05483272,18.27135431],[-99.05322812,18.26415637],[-99.06382045,18.26250154],[-99.06370989,18.25148303],[-99.05577145,18.25017397],[-99.03170551,18.27231452],[-99.01690332,18.26639142],[-99.01522317,18.25823655],[-99.023593,18.24918632],[-99.01932995,18.24541105],[-98.98904085,18.24931774],[-98.99500391,18.237392],[-98.99406226,18.21285895],[-99.00006632,18.19020491],[-98.95721909,18.18869751],[-98.881876889,18.166162091],[-98.852369769,18.117600941],[-98.86981182,18.05721666],[-98.81299974,18.06487535],[-98.81129715,18.05063272],[-98.80033665,18.05307782],[-98.79707011,18.06264648],[-98.75913808,18.04467602],[-98.73509786,18.04509512],[-98.7441448,18.033335],[-98.76425762,18.02523922],[-98.76709711,18.01961117],[-98.80125962,18.02205243],[-98.81587598,18.00789114],[-98.81493843,18.00169671],[-98.80169471,18.00300192],[-98.7669468,17.98926566],[-98.75463703,17.99072945],[-98.74977098,17.9835032],[-98.73182748,17.98255302],[-98.71344935,17.96662825],[-98.70884006,17.9675406],[-98.70594806,17.95561445],[-98.70012265,17.95448143],[-98.68810202,17.96193817],[-98.67310283,17.95030275],[-98.67295475,17.94326871],[-98.66201143,17.94321246],[-98.65053817,17.93316105],[-98.64033109,17.93532395],[-98.63297923,17.94353235],[-98.62205422,17.94171235],[-98.61048352,17.9580628],[-98.59775697,17.96322317],[-98.59321226,17.96036222],[-98.59518892,17.96562631],[-98.58552349,17.97494103],[-98.55539032,17.97284011],[-98.55394742,17.97877314],[-98.54377691,17.97335338],[-98.53843292,17.9838042],[-98.53606168,17.97568498],[-98.52962826,17.97582252],[-98.52672482,17.99628885],[-98.51451377,17.99255686],[-98.50049177,17.99557894],[-98.47638666,17.98104362],[-98.47146577,17.99178465],[-98.44814048,17.99071109],[-98.44018758,17.98198154],[-98.4327592,17.98390325],[-98.42509434,17.97693354],[-98.43190648,17.97694123],[-98.43273263,17.97199889],[-98.4229764,17.94932771],[-98.42416506,17.93823835],[-98.43246577,17.92610374],[-98.44499795,17.92229706],[-98.43443822,17.90837231],[-98.43551792,17.89141137],[-98.42422585,17.89223777],[-98.42495698,17.83959451],[-98.47067309,17.78909343],[-98.49634268,17.76880945],[-98.486699,17.73373155],[-98.48636054,17.70510505],[-98.48965563,17.70343889],[-98.48617251,17.68099222],[-98.47070455,17.67809598],[-98.46104474,17.63035886],[-98.45050465,17.63334518],[-98.43310792,17.62299535],[-98.41015194,17.59976874],[-98.37697158,17.60534906],[-98.36473111,17.58262046],[-98.35918932,17.58409952],[-98.36140431,17.57927651],[-98.35459312,17.57897665],[-98.35348085,17.56486074],[-98.34530492,17.56258755],[-98.34115968,17.54191778],[-98.32945183,17.53298095],[-98.33364446,17.5255098],[-98.33082729,17.51176328],[-98.32029762,17.50688208],[-98.31188428,17.47749222],[-98.32901351,17.47872789],[-98.33585075,17.45630463],[-98.30491478,17.39430377],[-98.28737318,17.32901115],[-98.30481052,17.32751983],[-98.31783738,17.30238717],[-98.32349522,17.27594415],[-98.30214285,17.2462858],[-98.28848332,17.2382204],[-98.27719212,17.25007643],[-98.26480908,17.24636089],[-98.24434242,17.25146689],[-98.22619463,17.24188945],[-98.20313623,17.21628742],[-98.20040005,17.20381197],[-98.20511723,17.19102423],[-98.21768114,17.18686432],[-98.21443372,17.18450932],[-98.21860534,17.16028851],[-98.22504598,17.15227992],[-98.21990072,17.14504657],[-98.22259954,17.12214968],[-98.21532774,17.12452752],[-98.21265589,17.11871888],[-98.19642008,17.11609258],[-98.19025945,17.11960482],[-98.15342389,17.11040294],[-98.15000878,17.10243135],[-98.11801074,17.09551529],[-98.08091397,17.0665812],[-98.04571472,17.05726215],[-98.0072764,17.04013734],[-98.03015774,17.015757061],[-98.03515868,17.02112026],[-98.057494399,17.02377646],[-98.07523137,17.00722017],[-98.09711368,16.9688848],[-98.11126131,16.9588684],[-98.1064784,16.95672026],[-98.10745637,16.9420336],[-98.10049498,16.9406674],[-98.09563618,16.92373592],[-98.08710906,16.91396009],[-98.08030948,16.88203743],[-98.07233389,16.87424955],[-98.07647062,16.84914574],[-98.08400206,16.84093412],[-98.081094,16.83340129],[-98.08637605,16.81630815],[-98.09381955,16.81199605],[-98.09275772,16.80646128],[-98.1000504,16.79925511],[-98.09787629,16.79292629],[-98.10456657,16.78522063],[-98.10815703,16.76095138],[-98.12050374,16.75472966],[-98.12872702,16.76116323],[-98.13517783,16.75839311],[-98.13474598,16.751505741],[-98.12423671,16.749640651],[-98.12801929,16.745239281],[-98.12569962,16.73908232],[-98.136531889,16.731893691],[-98.138994,16.723783801],[-98.153715779,16.725282691],[-98.159821949,16.719497151],[-98.17521077,16.718003571],[-98.18439311,16.70514638],[-98.192129139,16.706409951],[-98.20027106,16.697235091],[-98.20551695,16.69801623],[-98.201544619,16.712671821],[-98.22134678,16.70854794],[-98.23353455,16.71736632],[-98.234892,16.707051781],[-98.24344229,16.696700081],[-98.246311999,16.67236675],[-98.23306668,16.670633401],[-98.234326149,16.65636892],[-98.228458779,16.639503711],[-98.21420638,16.618795401],[-98.19377578,16.621462691],[-98.203364219,16.58718042],[-98.20846645,16.58464426],[-98.20731718,16.58988946],[-98.22926877,16.58089103],[-98.24097949,16.5727634],[-98.24150383,16.56777388],[-98.26942657,16.55845548],[-98.29282949,16.55778058],[-98.29170326,16.57006552],[-98.32997,16.57274826],[-98.34027983,16.5581692],[-98.37608889,16.55229371],[-98.38341818,16.54964074],[-98.38365237,16.54520415],[-98.3951394,16.54683643],[-98.39250594,16.52737775],[-98.38332397,16.51265614],[-98.38733294,16.49778632],[-98.36833166,16.50085177],[-98.36883835,16.49117846],[-98.35253228,16.48943145],[-98.35987792,16.47170514],[-98.34946505,16.44558686],[-98.39915783,16.38051262],[-98.45418094,16.38579345],[-98.45595483,16.38042054],[-98.47085537,16.38115514],[-98.47943222,16.37310297],[-98.48393994,16.37415242],[-98.48548312,16.36880442],[-98.49499111,16.36864437],[-98.5056728,16.36048363],[-98.52073322,16.36005405],[-98.53339845,16.35158263],[-98.54294163,16.34311083],[-98.54220902,16.332704],[-98.54990511,16.32614197],[-98.54735255,16.32119968],[-98.55263245,16.31595258],[-98.570835404,16.326978771],[-98.565483996,16.334462176],[-98.57497795,16.34907408],[-98.65494523,16.42669968],[-98.697486876,16.460426281],[-98.77274775,16.554754639],[-98.806656259,16.558095402],[-98.841722552,16.548447212],[-98.85695492,16.52824937],[-98.88868832,16.53563086],[-98.90585763,16.53442675],[-99.07409228,16.59189262],[-99.33288588,16.65844911],[-99.460439718,16.682179857],[-99.549692349,16.6888433],[-99.608000915,16.683139646],[-99.657604276,16.695928898],[-99.755817441,16.741121228],[-99.817647736,16.787903811],[-99.828041221,16.790316584],[-99.83513155,16.78295469],[-99.84512771,16.78431175],[-99.846434,16.79281805],[-99.85906011,16.79624415],[-99.84907197,16.79919655],[-99.83979663,16.79398688],[-99.836980101,16.805607082],[-99.84638237,16.811028091],[-99.850884906,16.80585799],[-99.86618263,16.80782266],[-99.87652171,16.814546181],[-99.869813672,16.818359518],[-99.86304952,16.83479049],[-99.851218739,16.836982805],[-99.85285535,16.84646412],[-99.86208851,16.85513249],[-99.88249752,16.85966643],[-99.898091585,16.853880355],[-99.910922437,16.841860299],[-99.9048472,16.83651651],[-99.89446492,16.83950475],[-99.89406058,16.832790451],[-99.915749649,16.82775795],[-99.92005038,16.83498025],[-99.915373593,16.845238466],[-99.92414102,16.84949115],[-99.922897449,16.859517612],[-99.932835659,16.860367981],[-99.94530658,16.87934851],[-99.958041709,16.88406723],[-99.95920869,16.89296808],[-99.989876449,16.90926492],[-100.077771807,16.93930903],[-100.12160549,16.94903089],[-100.412618304,17.05649501],[-100.600048566,17.118533883],[-100.675785179,17.137593538],[-100.824717811,17.195351961],[-100.909605994,17.219675687],[-100.993209865,17.251911386],[-101.013469685,17.254031814],[-101.037580763,17.268539388],[-101.055759845,17.270093176],[-101.061265918,17.264763184],[-101.06624375,17.273248342],[-101.063759593,17.277160175],[-101.057849086,17.27474056],[-101.05535114,17.27623932],[-101.050259687,17.291571841],[-101.056204804,17.306953407],[-101.120809012,17.360235719],[-101.174471155,17.389123334],[-101.179667957,17.408948527],[-101.206823269,17.428733032],[-101.289666584,17.467024045],[-101.443007724,17.525754966],[-101.457201104,17.525083025],[-101.46055911,17.53667615],[-101.44295252,17.53623614],[-101.44360315,17.56389888],[-101.46899902,17.59310655],[-101.504368125,17.619700819],[-101.521742949,17.623438952],[-101.527068183,17.617668759],[-101.528966993,17.620804888],[-101.540331298,17.615327369],[-101.543077196,17.618011401],[-101.552447514,17.611317383],[-101.5577346,17.6199568],[-101.54572887,17.625290026],[-101.55182048,17.638571971],[-101.56029612,17.636949178],[-101.557129251,17.632208355],[-101.561431708,17.627327441],[-101.570818682,17.628797948],[-101.572124009,17.622337678],[-101.571787117,17.632818657],[-101.577295486,17.636497342],[-101.585311007,17.639346257],[-101.595937902,17.6347453],[-101.60045652,17.654481921],[-101.606788006,17.660796472],[-101.631195696,17.667006986],[-101.653168829,17.662473399],[-101.64283856,17.671614135],[-101.64748928,17.70115597],[-101.667069215,17.733750145],[-101.695366549,17.760071025],[-101.747428165,17.792814936],[-101.7489018,17.80949337],[-101.771619336,17.830651459],[-101.77063103,17.84585725],[-101.78520485,17.86596315],[-101.815504315,17.8907293],[-101.844821654,17.905722284],[-101.865273121,17.910678701],[-101.87119268,17.91987326],[-101.936670434,17.955365766],[-102.032167618,17.987560121],[-102.098832408,17.98295571],[-102.13790655,17.94018955],[-102.13782628,17.94850957],[-102.13298928,17.95083578],[-102.13755174,17.96968411],[-102.17327503,17.98963682],[-102.18015955,17.99890091],[-102.18435118,18.02638785],[-102.17845742,18.03855618],[-102.18434532,18.05948717],[-102.17844466,18.07372846],[-102.17445089,18.11436826],[-102.17827506,18.12292335],[-102.16321052,18.14477688],[-102.16181818,18.16414825],[-102.15064103,18.16988129],[-102.14245517,18.18705525],[-102.11864589,18.18652114],[-102.09414551,18.19490131],[-102.05736846,18.19515255],[-102.03867717,18.20819631],[-102.01905528,18.20211572],[-101.97814883,18.20730957],[-101.97373245,18.21201495],[-101.97778611,18.22715265],[-101.97340885,18.23230709],[-101.95062705,18.2278286],[-101.92797262,18.23161069],[-101.92011594,18.24069274],[-101.9066474,18.24480785],[-101.90712262,18.26118475],[-101.89681948,18.27711522],[-101.88303877,18.26242388],[-101.86324931,18.26165514],[-101.86336302,18.26616289],[-101.88291574,18.27743714],[-101.86269468,18.28722848],[-101.87019782,18.30832286],[-101.85571614,18.31427555],[-101.8708012,18.33176749],[-101.86242682,18.34101192],[-101.86156695,18.35646797],[-101.87405402,18.36834642],[-101.87303372,18.38429738],[-101.88931614,18.40047323],[-101.87375883,18.43748558],[-101.86044205,18.44618517],[-101.88792518,18.48149525],[-101.88225983,18.53422766],[-101.85928262,18.55289535],[-101.84384443,18.57439574],[-101.77179418,18.6037214],[-101.71735718,18.6120108],[-101.70117585,18.58789338],[-101.63899314,18.6025344],[-101.62449978,18.59915398],[-101.62015866,18.58636328],[-101.60508708,18.57459525],[-101.58356334,18.52099477],[-101.5642424,18.50987097],[-101.55035043,18.50970105],[-101.53842945,18.49775602],[-101.51805532,18.49597949],[-101.50744406,18.48679729],[-101.47994017,18.49060403],[-101.46802192,18.48693552],[-101.45742089,18.49735406],[-101.44194723,18.48899338],[-101.43215494,18.50167643],[-101.41758063,18.49754811],[-101.40688495,18.51251257],[-101.39492228,18.50612662],[-101.37858997,18.50984668],[-101.3656042,18.49988225],[-101.3618772,18.5202178],[-101.29896008,18.53312606],[-101.28207717,18.54473403],[-101.27001466,18.53515835],[-101.25932211,18.53953169],[-101.23807257,18.53415566],[-101.2119006,18.53641725],[-101.19628452,18.52638095],[-101.19156694,18.51782752],[-101.1682136,18.5210244],[-101.1427864,18.51053252],[-101.13151185,18.51749346],[-101.12026862,18.5092568],[-101.08866086,18.50590786],[-101.07553251,18.51497622],[-101.0379678,18.52620603],[-101.02092314,18.52294692],[-101.01200328,18.52754302],[-101.00599212,18.49365103],[-100.98977675,18.49127583],[-100.97370738,18.48196057],[-100.96083254,18.46502555],[-100.96641783,18.44852105],[-100.95744338,18.44443011],[-100.94275314,18.45507735],[-100.92227452,18.44456734],[-100.91693626,18.45166122],[-100.91451602,18.4717502],[-100.89436837,18.46313866],[-100.87397543,18.49200878],[-100.8591712,18.47838735],[-100.83848075,18.47306932],[-100.79817758,18.48054112],[-100.78573152,18.46351155],[-100.77764326,18.43954335],[-100.76012765,18.43520365],[-100.7513584,18.42577123],[-100.73736932,18.42730146],[-100.72273026,18.40044938],[-100.71634029,18.40087866],[-100.70703845,18.419],[-100.69105122,18.41415317],[-100.68932348,18.39393935],[-100.67495485,18.38362494],[-100.676693719,18.37255948],[-100.64299965,18.34615769],[-100.63967518,18.3639184],[-100.626939,18.37565151],[-100.61060397,18.37705382],[-100.60966454,18.38723988],[-100.5961456,18.39945294],[-100.59957675,18.40579462],[-100.58822978,18.41214515],[-100.63149212,18.43846965],[-100.63724448,18.45774917],[-100.6479778,18.4574116],[-100.65246286,18.46478812],[-100.69779029,18.49064115],[-100.704613599,18.483315311],[-100.71504118,18.48639702],[-100.70697738,18.48990094],[-100.72267566,18.51376798],[-100.73198985,18.52098483],[-100.74422518,18.51807297],[-100.76489572,18.56121134],[-100.75121282,18.64166672],[-100.76010371,18.64163055],[-100.75944718,18.65567177],[-100.76551615,18.664164],[-100.76128229,18.67598895],[-100.77028262,18.69271023],[-100.78426425,18.68700286],[-100.77293518,18.73256771],[-100.78178035,18.74510508],[-100.78845966,18.74120568],[-100.79691198,18.74627017],[-100.79015606,18.76144492],[-100.79896894,18.78453578],[-100.78251752,18.80165351],[-100.79177089,18.83416848],[-100.78040891,18.84835943],[-100.78211742,18.85425772],[-100.76667368,18.86541515],[-100.74840342,18.86793257],[-100.74620235,18.85797935],[-100.73683074,18.86050985],[-100.73636737,18.85131369],[-100.72400525,18.84923538],[-100.709985,18.83643285],[-100.71196777,18.82590902],[-100.70275557,18.82375974],[-100.70583817,18.79640652],[-100.69606854,18.79412549],[-100.692039,18.80560608],[-100.68469818,18.80316506],[-100.67992757,18.80955525],[-100.68000363,18.81722589],[-100.66685378,18.81937966],[-100.67293297,18.82480497],[-100.66608186,18.83425477],[-100.65933477,18.83396805],[-100.65069237,18.83994028],[-100.65170397,18.84794509],[-100.64341352,18.84887682],[-100.64520195,18.86031766],[-100.64083675,18.86590609],[-100.62224717,18.86683525],[-100.62036235,18.878504],[-100.61018114,18.88711749]]]]}},{"type":"Feature","properties":{"state":"Hidalgo","official_state_name":"Hidalgo","state_code_inegi":"13","postal_range":"42-43","postal_codes":["42","43"],"question_count":2,"question_01":"42","question_02":"43"},"geometry":{"type":"Polygon","coordinates":[[[-98.48553528,21.39837568],[-98.47982854,21.39659543],[-98.4810914,21.38840082],[-98.47333557,21.39124154],[-98.46869709,21.38703262],[-98.46546346,21.37319191],[-98.46995977,21.35753891],[-98.46360568,21.35015434],[-98.47787817,21.34376122],[-98.48517775,21.35014986],[-98.49561751,21.34042022],[-98.49556692,21.32996577],[-98.54398172,21.26390123],[-98.53786082,21.26386609],[-98.51654337,21.24426895],[-98.50226142,21.24600048],[-98.49900978,21.25223114],[-98.46835974,21.24965114],[-98.46925783,21.23416398],[-98.48081488,21.23067465],[-98.47965663,21.22388846],[-98.47280666,21.21981055],[-98.46775951,21.22384071],[-98.45694788,21.214833],[-98.45289289,21.21003195],[-98.45962606,21.20480175],[-98.446673,21.19962],[-98.44676691,21.17981315],[-98.43010749,21.17278774],[-98.43025565,21.16804606],[-98.42371098,21.1671746],[-98.41643569,21.15498189],[-98.40454445,21.15265189],[-98.40380898,21.15759245],[-98.38680797,21.16225914],[-98.38021952,21.15512474],[-98.36624108,21.16223506],[-98.36203994,21.15704903],[-98.35075423,21.15714268],[-98.34211255,21.16077371],[-98.33814957,21.17277091],[-98.31585591,21.18687962],[-98.29790337,21.17740249],[-98.29615026,21.18796154],[-98.28717822,21.1942962],[-98.27913114,21.19275255],[-98.27551632,21.18737306],[-98.27857935,21.17258472],[-98.29535382,21.15597185],[-98.29451371,21.14718855],[-98.28118931,21.14145978],[-98.28217377,21.13641738],[-98.26250277,21.14065658],[-98.24911037,21.12940332],[-98.2369206,21.14335825],[-98.23126163,21.14236857],[-98.22735005,21.15041594],[-98.21682458,21.15147235],[-98.21683123,21.14471972],[-98.20505372,21.13808791],[-98.20741766,21.12872605],[-98.19515225,21.1203632],[-98.20198243,21.10644294],[-98.186359,21.11081252],[-98.17486192,21.10622389],[-98.17095651,21.09681165],[-98.15094678,21.08549828],[-98.14741034,21.07658337],[-98.15452368,21.06607945],[-98.15077631,21.04721848],[-98.15567795,21.03338618],[-98.16270054,21.02833189],[-98.16115768,21.01913063],[-98.17631742,21.02116788],[-98.18827143,21.03130815],[-98.18899837,21.01831877],[-98.20206846,21.01174922],[-98.20061928,20.99469632],[-98.21500745,20.98962731],[-98.2169194,20.97374302],[-98.20953931,20.96708858],[-98.21611157,20.95260792],[-98.22857369,20.95760885],[-98.239354649,20.92302642],[-98.229822029,20.91459443],[-98.222704289,20.91844798],[-98.229017649,20.90819035],[-98.224862889,20.90635725],[-98.232361249,20.90011698],[-98.250966309,20.89730469],[-98.265503049,20.86653623],[-98.256222289,20.85896928],[-98.258805339,20.85506805],[-98.254642979,20.8489522],[-98.262322879,20.84689254],[-98.258913939,20.83397102],[-98.252112369,20.82781514],[-98.253765049,20.82149172],[-98.224705059,20.81823523],[-98.233652619,20.79755557],[-98.244886849,20.8022216],[-98.247749649,20.789437],[-98.254041549,20.79410289],[-98.26159517,20.78596923],[-98.292022939,20.78550675],[-98.298810059,20.77783985],[-98.304478709,20.78273346],[-98.298446429,20.80142926],[-98.302876909,20.79590077],[-98.307830349,20.80191611],[-98.315315979,20.78874683],[-98.328522319,20.78409682],[-98.344665259,20.79748534],[-98.314837849,20.80981548],[-98.316536049,20.81777048],[-98.328646479,20.82050135],[-98.327196079,20.82943823],[-98.352870459,20.83600714],[-98.34514554,20.86485254],[-98.35751018,20.85679012],[-98.36583888,20.86387495],[-98.37112595,20.86231445],[-98.37966078,20.85186158],[-98.40290906,20.85838388],[-98.41371722,20.84863645],[-98.43063858,20.84767243],[-98.45055357,20.82147186],[-98.44964145,20.80608858],[-98.45585203,20.78951905],[-98.46323055,20.78517711],[-98.46051697,20.77898314],[-98.46455731,20.77252911],[-98.44972888,20.75134571],[-98.50361051,20.73222669],[-98.50813865,20.7441894],[-98.51665391,20.74288968],[-98.51449332,20.73232238],[-98.50643806,20.73311915],[-98.5301598,20.71809832],[-98.5290726,20.70399392],[-98.55017975,20.68939254],[-98.54262346,20.66849126],[-98.53339735,20.66271691],[-98.52505134,20.68183911],[-98.49722017,20.69988006],[-98.46034183,20.71331211],[-98.43385742,20.74316318],[-98.42551051,20.74892929],[-98.42144782,20.74427612],[-98.4334656,20.71752368],[-98.42920125,20.71641152],[-98.44334989,20.70988097],[-98.44590365,20.69433671],[-98.44921637,20.70089572],[-98.4598834,20.69620335],[-98.46368595,20.66724128],[-98.49484672,20.64434051],[-98.48950408,20.61965674],[-98.48012208,20.60329591],[-98.48018046,20.58899889],[-98.49630306,20.58949597],[-98.50292094,20.59587002],[-98.51224802,20.59422435],[-98.52297865,20.5818126],[-98.52449234,20.54836223],[-98.53466517,20.53065818],[-98.55461409,20.51870595],[-98.55760623,20.50936477],[-98.58239558,20.50548949],[-98.59728569,20.49577086],[-98.57661743,20.47607555],[-98.57873255,20.47323717],[-98.55610332,20.44962102],[-98.54968914,20.43535917],[-98.55017917,20.39570511],[-98.54438908,20.3923426],[-98.54843998,20.39024786],[-98.5430648,20.37556034],[-98.54896666,20.36028612],[-98.54035429,20.35808572],[-98.53426457,20.34622117],[-98.51740108,20.33685168],[-98.4964944,20.33869174],[-98.46038915,20.33144962],[-98.41829414,20.38004869],[-98.38614878,20.402712911],[-98.37658437,20.398508601],[-98.35981997,20.399809741],[-98.33717955,20.414130621],[-98.32101362,20.418013801],[-98.31605383,20.423190541],[-98.31981975,20.424398681],[-98.3121386,20.449767651],[-98.28046357,20.469377051],[-98.27543863,20.481244821],[-98.25577374,20.499940121],[-98.2457584,20.504403711],[-98.24101905,20.500573781],[-98.2341028,20.506195051],[-98.22869405,20.520834721],[-98.21160089,20.52869985],[-98.18834483,20.523219941],[-98.15804302,20.542561281],[-98.15814906,20.550261801],[-98.15218325,20.554515511],[-98.15371825,20.565220831],[-98.14773643,20.562661801],[-98.13043143,20.584454001],[-98.13018798,20.590931251],[-98.1216428,20.586094381],[-98.123726889,20.592119971],[-98.11872358,20.594129311],[-98.12690597,20.597267201],[-98.11497675,20.600103861],[-98.10804806,20.611392401],[-98.11178648,20.615936751],[-98.10059182,20.613877781],[-98.09821414,20.62436946],[-98.08718085,20.62287677],[-98.08060971,20.63351398],[-98.08271169,20.64220683],[-98.07195811,20.65772063],[-98.07029218,20.66819929],[-98.07639206,20.67142254],[-98.07490282,20.67654785],[-98.06678289,20.67386974],[-98.03997942,20.63193243],[-98.02101,20.62678],[-98.0177098,20.60170491],[-98.02872817,20.5897116],[-98.00830565,20.53268982],[-98.01727162,20.52599238],[-97.99876462,20.52519986],[-97.98507112,20.5174056],[-97.99742609,20.50609525],[-97.988791,20.4953852],[-97.99337038,20.48522135],[-98.00886478,20.482541],[-98.01497425,20.45918669],[-98.01138482,20.455772251],[-98.03384983,20.44769069],[-98.04455365,20.43663488],[-98.05200126,20.44187863],[-98.07048426,20.43027317],[-98.07660102,20.42080995],[-98.07189463,20.41639522],[-98.07904468,20.40892808],[-98.07731791,20.40311975],[-98.08837503,20.39640263],[-98.08938012,20.38906871],[-98.10150071,20.3808762],[-98.10188202,20.375218111],[-98.10838854,20.373958291],[-98.10674031,20.368123371],[-98.11564638,20.363107371],[-98.11250378,20.35429572],[-98.126184,20.34629635],[-98.12683551,20.33623102],[-98.14501466,20.33478303],[-98.14264794,20.3319698],[-98.14661022,20.33025557],[-98.15761343,20.33245177],[-98.16325355,20.3278486],[-98.18130811,20.33654308],[-98.17907757,20.29380837],[-98.19448334,20.290837371],[-98.206499889,20.296238832],[-98.21594823,20.291456582],[-98.2305076,20.295284551],[-98.236476479,20.304347482],[-98.254029649,20.301341882],[-98.257571119,20.298130511],[-98.25619817,20.286293652],[-98.26603712,20.273611091],[-98.28444354,20.26278885],[-98.278924779,20.225272891],[-98.270546169,20.215806281],[-98.243812459,20.217943221],[-98.229138719,20.236613221],[-98.216768199,20.238125492],[-98.21296386,20.234291061],[-98.20937009,20.243944112],[-98.192395679,20.258217751],[-98.175924939,20.25422954],[-98.147726309,20.226385401],[-98.14700522,20.22061403],[-98.15506245,20.217432971],[-98.153922219,20.208580681],[-98.13889655,20.199828881],[-98.12795855,20.18594137],[-98.1331552,20.1662018],[-98.12972682,20.161483111],[-98.132608289,20.155032421],[-98.139808689,20.154790951],[-98.139582649,20.150141621],[-98.105079429,20.14227951],[-98.09787945,20.145389661],[-98.10846246,20.120803401],[-98.124607059,20.124069891],[-98.12827266,20.10720265],[-98.159704738,20.092569971],[-98.1571908,20.08486745],[-98.165546979,20.07402852],[-98.168146459,20.057229711],[-98.180902849,20.04698554],[-98.17499657,20.02960058],[-98.163961139,20.02245782],[-98.174263889,19.997739401],[-98.160427979,19.978129571],[-98.180697649,19.959751571],[-98.19782505,19.959793001],[-98.21594135,19.96852114],[-98.226746489,19.95622217],[-98.222081689,19.94693206],[-98.251603779,19.948149771],[-98.253846489,19.946070221],[-98.242192749,19.94114946],[-98.25626445,19.92930502],[-98.24530906,19.923998081],[-98.24807295,19.91753072],[-98.2678202,19.91611392],[-98.26935185,19.895709141],[-98.29093342,19.888877051],[-98.287918339,19.884995481],[-98.29107488,19.875812401],[-98.30447291,19.87011588],[-98.31500434,19.855115601],[-98.301745,19.84737708],[-98.30529209,19.84587052],[-98.28674989,19.84909762],[-98.26714911,19.843336],[-98.26458218,19.82299929],[-98.25085805,19.81275798],[-98.25102748,19.79506448],[-98.23481545,19.77704551],[-98.21615555,19.77841697],[-98.22142425,19.77357635],[-98.21071578,19.77426615],[-98.1944842,19.76558965],[-98.19866702,19.75823654],[-98.1956988,19.74161966],[-98.20934211,19.73835185],[-98.21510934,19.74131445],[-98.23626309,19.72333395],[-98.259574768,19.717209481],[-98.28052155,19.72632108],[-98.2796724,19.71688149],[-98.29332172,19.7262296],[-98.30155851,19.72307875],[-98.31108689,19.72772645],[-98.3316672,19.72231997],[-98.33004674,19.69903746],[-98.32094918,19.70101089],[-98.32380314,19.68529765],[-98.38169685,19.60936186],[-98.412666539,19.61749909],[-98.441423649,19.612580571],[-98.450705849,19.61808757],[-98.46675297,19.6137086],[-98.49019543,19.61995332],[-98.491613849,19.60736783],[-98.5192388,19.60239929],[-98.53557578,19.63441888],[-98.55039968,19.61857817],[-98.55016622,19.62454878],[-98.55561046,19.62810237],[-98.56371951,19.62714882],[-98.56136995,19.6375954],[-98.5663578,19.64111966],[-98.57993998,19.63741634],[-98.59034871,19.61936365],[-98.60983608,19.60201431],[-98.6310138,19.60199317],[-98.63468663,19.59775811],[-98.64590929,19.60753017],[-98.66314562,19.60475422],[-98.66193165,19.61169255],[-98.67239572,19.62514757],[-98.6676314,19.64435562],[-98.67005482,19.65867614],[-98.66643598,19.66226788],[-98.65554583,19.65047226],[-98.65310666,19.654315],[-98.64381414,19.6488378],[-98.61967057,19.66116392],[-98.63989709,19.67108311],[-98.63223711,19.67452635],[-98.6239154,19.69640805],[-98.63079325,19.70470442],[-98.63292434,19.72223586],[-98.61589903,19.72948295],[-98.60810171,19.72507503],[-98.59686666,19.76583975],[-98.61166368,19.77412895],[-98.61223371,19.78636842],[-98.62526105,19.78518252],[-98.62356192,19.79388869],[-98.63878785,19.80076963],[-98.63990311,19.81196445],[-98.66081486,19.83503142],[-98.67479218,19.8323962],[-98.67247718,19.81672338],[-98.67587542,19.81318435],[-98.69764125,19.83211482],[-98.67183974,19.85365914],[-98.67265892,19.86283462],[-98.68084465,19.86065148],[-98.68536755,19.85054897],[-98.69912665,19.85841986],[-98.71282066,19.85380192],[-98.71854337,19.86233731],[-98.73884432,19.86723498],[-98.73917285,19.87255951],[-98.75235629,19.87698171],[-98.76145097,19.87490238],[-98.78057412,19.88354055],[-98.79392682,19.87208409],[-98.78972154,19.86188685],[-98.79517248,19.85641469],[-98.84403368,19.88198826],[-98.84095155,19.89230886],[-98.85583002,19.90428015],[-98.86589594,19.89258689],[-98.88316208,19.90152875],[-98.89588994,19.895707571],[-98.89826971,19.883605341],[-98.90411752,19.88757995],[-98.9118248,19.881017261],[-98.91748098,19.86923318],[-98.90520322,19.8635438],[-98.908788779,19.857124971],[-98.902977939,19.859305511],[-98.90601609,19.84512954],[-98.9163232,19.839332281],[-98.927631519,19.843392681],[-98.950042399,19.79964129],[-98.95539945,19.79883032],[-99.008200719,19.828402061],[-99.00015171,19.834179181],[-99.02058115,19.86768266],[-98.966005969,19.891656801],[-98.955975454,19.88516673],[-98.953546939,19.88853989],[-98.9614464,19.89364071],[-98.955058749,19.896396481],[-98.956829169,19.905600831],[-98.9527226,19.906714571],[-98.956112429,19.928183551],[-98.96044457,19.92505811],[-98.968333019,19.933809081],[-98.98316475,19.938612831],[-98.98469075,19.94631802],[-98.999778509,19.94182502],[-98.995622819,19.956891721],[-98.98117572,19.9547214],[-98.96621946,19.97399508],[-98.94854935,19.97401846],[-98.94273049,19.97907309],[-98.946654649,20.027475091],[-98.96397657,20.031237691],[-98.95868769,20.039565401],[-98.986852579,20.06120986],[-98.98897789,20.068261921],[-98.999198049,20.054166201],[-99.00564429,20.05320451],[-99.010497539,20.035479371],[-99.0052668,20.028944051],[-99.01328075,20.010925231],[-99.01333846,19.99765314],[-99.02155471,19.987005231],[-99.013094939,19.985013181],[-99.014237799,19.97772365],[-99.00754749,19.979163341],[-99.004120109,19.964952111],[-99.02765582,19.964558621],[-99.034512969,19.971771781],[-99.031937459,19.99663415],[-99.02742291,20.001648181],[-99.03134289,20.014853631],[-99.04943031,20.007697111],[-99.052211579,20.001340831],[-99.047648149,19.99516028],[-99.058500779,19.988404771],[-99.05957574,19.97399582],[-99.06756048,19.9849894],[-99.063840859,20.014194351],[-99.078323949,20.018299601],[-99.085449969,20.032487921],[-99.15860312,20.02718771],[-99.15932083,20.01702812],[-99.16136617,20.01242612],[-99.16737418,20.01287349],[-99.16787278,20.00351277],[-99.18000149,19.99808878],[-99.17721734,19.99313889],[-99.18321622,19.99009951],[-99.190052649,19.993963291],[-99.18920572,19.98481955],[-99.196919059,19.9848266],[-99.19751042,19.97589337],[-99.212504909,19.965539521],[-99.21539443,19.95461442],[-99.22776105,19.95106812],[-99.218572541,19.927241911],[-99.21151906,19.92428843],[-99.20921565,19.93243598],[-99.20560277,19.92750074],[-99.21072903,19.91447472],[-99.21915789,19.91139025],[-99.22019705,19.90238975],[-99.22392522,19.9019984],[-99.217467089,19.89142363],[-99.22829969,19.8750468],[-99.241430339,19.875262111],[-99.247960819,19.859785451],[-99.269468719,19.859555281],[-99.27871892,19.840409401],[-99.29694378,19.83522225],[-99.31192295,19.814162491],[-99.30690518,19.812976121],[-99.31267425,19.805228171],[-99.30660052,19.79769371],[-99.325581739,19.793095491],[-99.33865391,19.80202825],[-99.340309379,19.79431625],[-99.34573515,19.793128251],[-99.34456045,19.779454521],[-99.352424979,19.775867721],[-99.35779095,19.78156826],[-99.37061022,19.781844551],[-99.383031909,19.771415511],[-99.38788358,19.77791318],[-99.38117186,19.784054401],[-99.390331019,19.785733547],[-99.38811992,19.791722601],[-99.377540429,19.796453401],[-99.38644243,19.804442631],[-99.38672211,19.813032021],[-99.381373939,19.831386431],[-99.374391549,19.837914381],[-99.376970858,19.844953164],[-99.373249909,19.851541851],[-99.39175175,19.859917541],[-99.414991769,19.850526631],[-99.420987569,19.85512237],[-99.4267814,19.874997023],[-99.43041452,19.870879181],[-99.445208289,19.884321061],[-99.4359332,19.903129151],[-99.463880569,19.892596221],[-99.48398148,19.905176521],[-99.473622569,19.954443941],[-99.477764939,19.960566401],[-99.458715319,19.966517691],[-99.450243599,19.964246891],[-99.4551446,19.979724481],[-99.444664659,19.984753741],[-99.445495569,19.991227891],[-99.43685292,20.001299051],[-99.45975871,20.065457341],[-99.48100857,20.08219789],[-99.48349686,20.100969771],[-99.518128199,20.14566666],[-99.51671065,20.15035155],[-99.501830849,20.15328658],[-99.512240249,20.17510017],[-99.5259266,20.17329557],[-99.52868077,20.16358354],[-99.53349445,20.16205802],[-99.548287548,20.16313174],[-99.550664629,20.17139169],[-99.57141683,20.17021768],[-99.57626355,20.1620916],[-99.59956088,20.16967337],[-99.6306024,20.14569445],[-99.64099046,20.16422918],[-99.655077229,20.16308991],[-99.659726618,20.18082054],[-99.66939737,20.17929875],[-99.67694891,20.16247046],[-99.68164425,20.17032654],[-99.68752425,20.17118754],[-99.700951078,20.172664262],[-99.710683539,20.166227081],[-99.71937185,20.16713798],[-99.740336251,20.177957004],[-99.79523814,20.22774129],[-99.788067951,20.230034925],[-99.79041831,20.2379942],[-99.8418896,20.28188142],[-99.85954143,20.26462834],[-99.828071179,20.543007651],[-99.804625079,20.544758381],[-99.77932882,20.55930491],[-99.73868326,20.560520801],[-99.72824337,20.57510634],[-99.71445325,20.57690978],[-99.71195208,20.58126662],[-99.69641295,20.57444502],[-99.69493706,20.58102091],[-99.6844004,20.57914989],[-99.68025285,20.58886631],[-99.66330972,20.59408152],[-99.65787037,20.60179929],[-99.63458375,20.60565415],[-99.62421646,20.60062262],[-99.61951128,20.59140695],[-99.60741426,20.60640002],[-99.59274206,20.61083229],[-99.58970811,20.62040014],[-99.57894945,20.61883225],[-99.57864855,20.62849543],[-99.5653444,20.64039415],[-99.53881272,20.64366968],[-99.52704129,20.65662645],[-99.50192266,20.65896222],[-99.504298199,20.66869743],[-99.500642079,20.67304251],[-99.511036599,20.67838671],[-99.504937289,20.68081842],[-99.505540319,20.68470052],[-99.522716049,20.70165702],[-99.534274849,20.70597425],[-99.543666769,20.71841288],[-99.548471289,20.73719775],[-99.542775279,20.74621452],[-99.503817,20.76578732],[-99.506452219,20.77171698],[-99.496306079,20.7823526],[-99.503768849,20.79483294],[-99.497253579,20.79094463],[-99.488706279,20.79936666],[-99.499727459,20.80427337],[-99.485289539,20.81782755],[-99.488731819,20.83293289],[-99.465481629,20.84920186],[-99.456539509,20.8490188],[-99.454432029,20.85797558],[-99.44606406,20.85303106],[-99.448582229,20.85852882],[-99.440682569,20.87178818],[-99.442006149,20.88129455],[-99.435009749,20.89074697],[-99.435226579,20.899397],[-99.412556859,20.90542894],[-99.415585509,20.9249006],[-99.40303523,20.930198171],[-99.40724057,20.93710372],[-99.39062602,20.95227432],[-99.392747819,20.958273351],[-99.38827885,20.96619837],[-99.396329119,20.98108688],[-99.391264369,20.986676631],[-99.38995452,21.00413838],[-99.38404917,21.007415601],[-99.384574829,21.018088911],[-99.368356779,21.024765081],[-99.36324591,21.041728891],[-99.364166459,21.04915591],[-99.37707902,21.056615051],[-99.368226319,21.06183002],[-99.367437459,21.06947969],[-99.37581483,21.073367911],[-99.3876732,21.06782723],[-99.388818289,21.079267291],[-99.39433375,21.07937792],[-99.398670179,21.08900751],[-99.397280739,21.102070451],[-99.38847278,21.10411482],[-99.37691657,21.09822089],[-99.36099415,21.10478426],[-99.35876283,21.09965926],[-99.34635966,21.10087666],[-99.34115725,21.11011102],[-99.34182843,21.12365968],[-99.30920565,21.14729965],[-99.30266437,21.13942072],[-99.29583883,21.14176457],[-99.28324746,21.13180295],[-99.28263458,21.12243865],[-99.27226745,21.12160695],[-99.27129205,21.11306972],[-99.24768132,21.10126569],[-99.23421611,21.11280368],[-99.23055532,21.10755442],[-99.21409649,21.1067756],[-99.2062254,21.11868972],[-99.18460091,21.12226169],[-99.17622089,21.13784151],[-99.15052198,21.14775068],[-99.14424825,21.14514017],[-99.13256489,21.15303178],[-99.12679492,21.14670189],[-99.11199791,21.14834566],[-99.1103974,21.15661088],[-99.09063112,21.15309552],[-99.07117978,21.16602811],[-99.07647931,21.17346395],[-99.06241209,21.17430863],[-99.05980105,21.16751231],[-99.07270743,21.15796583],[-99.06133169,21.15420534],[-99.04859043,21.16981155],[-99.04793455,21.17792808],[-99.04307985,21.17867725],[-99.05237049,21.21951558],[-99.06752429,21.22334128],[-99.073532109,21.230425285],[-99.06994049,21.24305815],[-99.05117674,21.25342968],[-99.05062986,21.27470091],[-99.05513849,21.28253848],[-99.04345338,21.27943302],[-99.00227937,21.29795769],[-98.97504331,21.2970036],[-98.97483777,21.30308485],[-98.96530148,21.30694051],[-98.95651355,21.30180405],[-98.95316808,21.308773],[-98.94496075,21.31133658],[-98.94028331,21.29460246],[-98.93258014,21.29829489],[-98.929277,21.29272945],[-98.9279408,21.268741951],[-98.91772882,21.25550108],[-98.92287342,21.24673109],[-98.91781811,21.23975455],[-98.89989071,21.23856146],[-98.89888822,21.231270141],[-98.90781188,21.232793171],[-98.91508091,21.225193771],[-98.90637411,21.223136031],[-98.90363877,21.21265714],[-98.8951352,21.210378801],[-98.89542351,21.20389594],[-98.88512589,21.19633986],[-98.88265882,21.17961088],[-98.8573998,21.189264221],[-98.85209534,21.17679929],[-98.82494806,21.16135017],[-98.79907512,21.16484646],[-98.79395335,21.16018363],[-98.7885644,21.16697125],[-98.78987808,21.17850094],[-98.79859423,21.178079781],[-98.8081432,21.19324491],[-98.79735715,21.19132032],[-98.79797068,21.18334342],[-98.79084917,21.18804345],[-98.78080934,21.18598182],[-98.77292138,21.171968771],[-98.76408026,21.179570681],[-98.76730346,21.18441666],[-98.74652871,21.184328291],[-98.74131386,21.1927918],[-98.73551175,21.18233522],[-98.72766077,21.179549421],[-98.72833652,21.18434282],[-98.72033851,21.187131],[-98.71471842,21.18343997],[-98.70212077,21.18511828],[-98.70251846,21.1618856],[-98.69664051,21.161460121],[-98.69111786,21.16705117],[-98.6946484,21.18219677],[-98.68515277,21.19019714],[-98.68266006,21.20063786],[-98.66893114,21.19485971],[-98.66378251,21.18405058],[-98.65829708,21.182805921],[-98.65852469,21.18610522],[-98.65052163,21.180932661],[-98.60874205,21.20140829],[-98.59944871,21.24773106],[-98.60892491,21.252704],[-98.59997129,21.26120191],[-98.60499569,21.26848217],[-98.60109909,21.27480614],[-98.60393957,21.27644935],[-98.59524145,21.28322957],[-98.60164858,21.28660308],[-98.59913146,21.29205042],[-98.60467326,21.30184203],[-98.61220569,21.29968826],[-98.63142174,21.31295478],[-98.64759532,21.31231566],[-98.67072729,21.32471965],[-98.68358608,21.34194837],[-98.68108337,21.34617849],[-98.67509129,21.34984294],[-98.65275015,21.34684418],[-98.64404665,21.36653946],[-98.63855265,21.36771711],[-98.63721971,21.36401988],[-98.62857603,21.3647644],[-98.62715565,21.35981474],[-98.6234964,21.36471845],[-98.61901315,21.35885703],[-98.61423282,21.36196888],[-98.59693528,21.35907352],[-98.59005172,21.37276172],[-98.58126248,21.36968655],[-98.57601145,21.37463369],[-98.56771574,21.37077354],[-98.54956648,21.38459843],[-98.53197137,21.37853197],[-98.52754911,21.36654932],[-98.52052002,21.36862858],[-98.51744451,21.36186471],[-98.51484609,21.3652162],[-98.5114258,21.36251314],[-98.50737905,21.36997098],[-98.51575185,21.37228965],[-98.50495426,21.381997],[-98.50708165,21.38616103],[-98.5040434,21.38949778],[-98.50120771,21.38545651],[-98.49460254,21.38717025],[-98.48553528,21.39837568]]]}},{"type":"Feature","properties":{"state":"Jalisco","official_state_name":"Jalisco","state_code_inegi":"14","postal_range":"44-49","postal_codes":["44","45","46","47","48","49"],"question_count":6,"question_01":"44","question_02":"45","question_03":"46","question_04":"47","question_05":"48","question_06":"49"},"geometry":{"type":"MultiPolygon","coordinates":[[[[-104.814900564,19.23129229],[-104.813533402,19.225903689],[-104.816357912,19.220899682],[-104.814900564,19.23129229]]],[[[-104.812973224,19.234257432],[-104.813388978,19.230927348],[-104.814816715,19.233096448],[-104.812973224,19.234257432]]],[[[-104.876856592,19.273725529],[-104.876509797,19.27236573],[-104.877472125,19.272750126],[-104.876856592,19.273725529]]],[[[-104.959542957,19.307091183],[-104.960953854,19.30769016],[-104.960595395,19.308125384],[-104.959542957,19.307091183]]],[[[-104.955614967,19.310576048],[-104.955692628,19.309434366],[-104.956583442,19.310339904],[-104.955614967,19.310576048]]],[[[-104.951347223,19.314962022],[-104.951941839,19.314626032],[-104.951953275,19.315266511],[-104.951347223,19.314962022]]],[[[-105.036004877,19.38902772],[-105.03395052,19.390262974],[-105.03409361,19.388974999],[-105.036004877,19.38902772]]],[[[-105.036365363,19.440104721],[-105.034755956,19.44047272],[-105.035727479,19.439609217],[-105.036365363,19.440104721]]],[[[-105.06462765,19.477104228],[-105.06343695,19.476322689],[-105.066269196,19.476351599],[-105.06462765,19.477104228]]],[[[-105.068435122,19.477775127],[-105.064487825,19.478977366],[-105.063875835,19.477848403],[-105.066984823,19.477142753],[-105.068435122,19.477775127]]],[[[-105.086187018,19.514452908],[-105.084994671,19.514618075],[-105.085201623,19.513820177],[-105.086187018,19.514452908]]],[[[-105.086987114,19.521502681],[-105.085491724,19.522495627],[-105.085627236,19.521095968],[-105.086987114,19.521502681]]],[[[-105.09589024,19.525982322],[-105.090883261,19.524641588],[-105.091018032,19.523295769],[-105.09589024,19.525982322]]],[[[-105.094156056,19.530427488],[-105.093086964,19.530201296],[-105.094461865,19.529163714],[-105.094156056,19.530427488]]],[[[-105.089650868,19.533217496],[-105.087863008,19.531629868],[-105.089528482,19.531838761],[-105.089650868,19.533217496]]],[[[-105.089293351,19.534005701],[-105.087691413,19.535741755],[-105.087202548,19.534332194],[-105.089293351,19.534005701]]],[[[-105.091874637,19.536040838],[-105.09282126,19.535260883],[-105.092119312,19.536387358],[-105.091874637,19.536040838]]],[[[-105.09511789,19.538779029],[-105.09207519,19.539292159],[-105.093229647,19.537931088],[-105.09511789,19.538779029]]],[[[-105.115682332,19.548783726],[-105.113184129,19.548325704],[-105.116006298,19.547299669],[-105.115682332,19.548783726]]],[[[-105.111257459,19.550502162],[-105.108051933,19.544530128],[-105.113304862,19.545429221],[-105.111257459,19.550502162]]],[[[-105.107951117,19.555726342],[-105.106610729,19.556348959],[-105.106402202,19.556093755],[-105.107951117,19.555726342]]],[[[-105.113574919,19.561519796],[-105.111638641,19.557339489],[-105.117166097,19.554968884],[-105.113574919,19.561519796]]],[[[-105.130559281,19.573671857],[-105.13108223,19.573269617],[-105.130922337,19.573924321],[-105.130559281,19.573671857]]],[[[-105.134277034,19.574024531],[-105.132467625,19.573663378],[-105.13450645,19.573647723],[-105.134277034,19.574024531]]],[[[-105.135291549,19.575190511],[-105.135799702,19.573770119],[-105.136936668,19.574360463],[-105.135291549,19.575190511]]],[[[-105.1478054,19.579030597],[-105.14661201,19.578784598],[-105.147871206,19.578651361],[-105.1478054,19.579030597]]],[[[-105.146681662,19.581046674],[-105.146906235,19.580364533],[-105.147482883,19.580682279],[-105.146681662,19.581046674]]],[[[-105.291379971,20.545505367],[-105.293229453,20.544424813],[-105.293431374,20.545192164],[-105.291379971,20.545505367]]],[[[-103.93373951,22.74604723],[-103.90885451,22.74997575],[-103.90342695,22.73090522],[-103.89832763,22.72827731],[-103.89112468,22.73516458],[-103.87511418,22.73715769],[-103.85460435,22.72970183],[-103.83853689,22.7318282],[-103.83621311,22.72800745],[-103.82660974,22.73494369],[-103.81917232,22.72833106],[-103.78138526,22.72981708],[-103.77467362,22.73386891],[-103.76907414,22.72039206],[-103.75480617,22.71954778],[-103.75198622,22.71164531],[-103.75131115,22.69504711],[-103.76319765,22.67701815],[-103.76355526,22.66267785],[-103.75866851,22.65842088],[-103.76845997,22.64332865],[-103.76096183,22.62561403],[-103.77345075,22.61149548],[-103.81960014,22.59557937],[-103.825206,22.58797089],[-103.85238998,22.57761794],[-103.86072057,22.56761886],[-103.85179798,22.55362008],[-103.86688268,22.54469605],[-103.86468329,22.53944669],[-103.87150968,22.53817131],[-103.87518638,22.52157588],[-103.86420608,22.51346385],[-103.86398532,22.49144342],[-103.87106988,22.47247468],[-103.88208545,22.47717337],[-103.88536857,22.47352509],[-103.87609835,22.44118391],[-103.8947,22.43816386],[-103.8731808,22.42476078],[-103.88062275,22.41816252],[-103.86597618,22.41522723],[-103.86692938,22.40938063],[-103.86931232,22.40126242],[-103.88619958,22.40020323],[-103.88345066,22.39002406],[-103.89245502,22.38802814],[-103.89124274,22.38357163],[-103.89872737,22.37957662],[-103.89574002,22.36411475],[-103.90786302,22.36205048],[-103.91183685,22.35225506],[-103.9212998,22.34788032],[-103.91997588,22.33561311],[-103.92612425,22.33207282],[-103.92096346,22.31427455],[-103.9157914,22.31131212],[-103.91892728,22.30438229],[-103.91404362,22.30089891],[-103.91599414,22.28854366],[-103.91014942,22.28332785],[-103.91787557,22.26197045],[-103.90767897,22.25460818],[-103.9016564,22.23708095],[-103.88613882,22.22617668],[-103.8810878,22.20610405],[-103.88509426,22.19641608],[-103.87689426,22.19214072],[-103.873117,22.17839745],[-103.862936,22.16688243],[-103.84407555,22.22206592],[-103.84486835,22.26255145],[-103.82861982,22.28661289],[-103.84596194,22.33034812],[-103.84543423,22.34275749],[-103.8374556,22.35200029],[-103.82788074,22.35424342],[-103.81115172,22.37674523],[-103.81017642,22.42728523],[-103.78698274,22.47776802],[-103.78565966,22.51045749],[-103.76910209,22.55578915],[-103.75997622,22.55560077],[-103.75924138,22.55166543],[-103.75310832,22.55787088],[-103.74450269,22.55849857],[-103.73845166,22.571964],[-103.72655502,22.57414663],[-103.68178952,22.55480009],[-103.67258583,22.56112922],[-103.66101051,22.54714438],[-103.65156505,22.55647822],[-103.62238238,22.56357418],[-103.60275868,22.55679154],[-103.60600095,22.54567726],[-103.59933478,22.5263746],[-103.58373417,22.521966],[-103.58902448,22.50808075],[-103.59460129,22.50544726],[-103.57933409,22.49619638],[-103.58060057,22.47739811],[-103.57082586,22.46917165],[-103.57390706,22.46107717],[-103.56891237,22.44627326],[-103.57252855,22.43754077],[-103.55919371,22.42842755],[-103.56069732,22.42281529],[-103.57842455,22.41049842],[-103.59401974,22.40721494],[-103.59275585,22.38927662],[-103.59756303,22.37453028],[-103.60284429,22.36090375],[-103.61068718,22.35984182],[-103.60263975,22.34631648],[-103.60480235,22.34014231],[-103.64211148,22.34087335],[-103.63818075,22.33516929],[-103.64474826,22.31497388],[-103.63778809,22.29523311],[-103.62849958,22.2939516],[-103.61922562,22.28179332],[-103.59490325,22.27307835],[-103.60280082,22.26996148],[-103.6308964,22.23891797],[-103.64111331,22.20982492],[-103.65775989,22.18384334],[-103.65892286,22.17521552],[-103.65447365,22.17193622],[-103.69029298,22.13009328],[-103.67737108,22.11870629],[-103.68593252,22.11409911],[-103.68384732,22.10920523],[-103.64795374,22.10049615],[-103.628527,22.10632546],[-103.62039771,22.09848614],[-103.60470457,22.09794158],[-103.59404342,22.11164672],[-103.58111989,22.10487074],[-103.57995034,22.12682712],[-103.56014086,22.13658566],[-103.55021568,22.13567918],[-103.54273657,22.12061212],[-103.51455097,22.12910857],[-103.51589708,22.1099162],[-103.5015642,22.10556402],[-103.49559911,22.1105124],[-103.48613411,22.10652989],[-103.47930395,22.114794],[-103.47325006,22.11117912],[-103.47318091,22.10553197],[-103.45918286,22.10587998],[-103.46172262,22.11114106],[-103.45493577,22.11530862],[-103.4455878,22.11349832],[-103.43949966,22.1176392],[-103.43828926,22.12885103],[-103.4259338,22.13942465],[-103.42917625,22.16218451],[-103.42531098,22.17646486],[-103.41968574,22.17748285],[-103.43050877,22.1824972],[-103.43412468,22.19076054],[-103.41723122,22.19047609],[-103.40895963,22.21536491],[-103.38565692,22.2125286],[-103.38017105,22.21900137],[-103.38302631,22.22701342],[-103.36183035,22.23916458],[-103.33769678,22.24516368],[-103.31193417,22.23325698],[-103.29510443,22.25328528],[-103.29712754,22.25724543],[-103.31393822,22.25871075],[-103.30531632,22.265659],[-103.30783883,22.28171434],[-103.29779034,22.29833726],[-103.30688274,22.30628306],[-103.32770582,22.30736037],[-103.33837632,22.28751283],[-103.35568811,22.27979925],[-103.35009274,22.30745655],[-103.36375648,22.31448317],[-103.34295528,22.33512237],[-103.3625532,22.336354],[-103.36668298,22.35103902],[-103.36471668,22.36953563],[-103.35314,22.36938746],[-103.33963831,22.38549602],[-103.32928683,22.38453686],[-103.31458463,22.40490822],[-103.30917589,22.3920082],[-103.30050158,22.39299012],[-103.28564192,22.40557412],[-103.28523072,22.41424415],[-103.27489418,22.40955371],[-103.26024569,22.4118584],[-103.25218625,22.39894535],[-103.23212057,22.39339386],[-103.22092165,22.40958911],[-103.21341274,22.41007325],[-103.2039266,22.40406951],[-103.19877088,22.38060123],[-103.18936258,22.39024554],[-103.16857769,22.3850128],[-103.17404822,22.37775985],[-103.16642498,22.37058989],[-103.16858992,22.35461566],[-103.19408542,22.33198106],[-103.2082326,22.3330812],[-103.21271435,22.31905435],[-103.20963929,22.31457226],[-103.22036908,22.29640114],[-103.22062195,22.28046617],[-103.20191645,22.28030442],[-103.19057382,22.29852702],[-103.10098772,22.29397486],[-103.09807595,22.28629186],[-103.0911196,22.28590915],[-103.08295988,22.27708274],[-103.0838254,22.26343363],[-103.07827383,22.25709766],[-103.05545518,22.24725632],[-103.06206929,22.22826798],[-103.05232631,22.22065226],[-103.05477017,22.21382686],[-103.05981132,22.21722223],[-103.07193038,22.21196883],[-103.07104343,22.20354314],[-103.08819962,22.20438398],[-103.10605877,22.19135603],[-103.10144537,22.17862095],[-103.10869415,22.15342328],[-103.10254338,22.15360297],[-103.10879838,22.14434091],[-103.09593117,22.14546603],[-103.0787508,22.13705255],[-103.07588045,22.13324834],[-103.08158075,22.13011617],[-103.07702474,22.12550442],[-103.08772188,22.11781958],[-103.08452545,22.11399674],[-103.08615698,22.11224457],[-103.08948997,22.11519138],[-103.10097375,22.10780486],[-103.10170034,22.101798],[-103.12558532,22.10479148],[-103.13502934,22.09762968],[-103.13509315,22.09046234],[-103.15278375,22.08762205],[-103.15428532,22.07223682],[-103.10790862,22.06339578],[-103.10616574,22.04698822],[-103.10845112,22.03916465],[-103.11406538,22.03905148],[-103.10906455,22.02895437],[-103.11148645,22.01426131],[-103.12086894,22.01518175],[-103.13284432,22.00303732],[-103.14371763,22.00796977],[-103.16007578,22.00317135],[-103.16565749,21.99681462],[-103.20166177,21.99856812],[-103.20213114,21.99339122],[-103.19403245,21.99007295],[-103.19819046,21.98463682],[-103.19181226,21.9744498],[-103.19256,21.96989986],[-103.20556792,21.96519438],[-103.23997132,21.97672231],[-103.24681758,21.97594711],[-103.24144586,21.97075562],[-103.24475012,21.96660323],[-103.26471535,21.97184498],[-103.27856102,21.98965015],[-103.30919125,21.96628611],[-103.31013614,21.9590976],[-103.34135088,21.94040314],[-103.34408,21.91347195],[-103.37479763,21.91368352],[-103.38979569,21.90547272],[-103.38915132,21.89872038],[-103.39433888,21.89669457],[-103.4083754,21.907624],[-103.41387009,21.9054554],[-103.43931349,21.86456003],[-103.45132805,21.85392012],[-103.45535731,21.83279591],[-103.46672989,21.83996175],[-103.47235654,21.83600388],[-103.47513569,21.82661058],[-103.47052997,21.81354026],[-103.48250755,21.81326445],[-103.50281745,21.83307471],[-103.53142529,21.81783857],[-103.52605765,21.80506525],[-103.55484874,21.80091235],[-103.57262726,21.80348983],[-103.5678986,21.79710985],[-103.56943931,21.78921632],[-103.56076289,21.78028394],[-103.54325815,21.7711224],[-103.52789017,21.77232848],[-103.50847355,21.73973505],[-103.50984392,21.71300588],[-103.51785265,21.71146918],[-103.52671002,21.67556332],[-103.54079634,21.66529314],[-103.55549174,21.63408351],[-103.55039834,21.59699585],[-103.54522218,21.58763891],[-103.55889183,21.57640409],[-103.59049657,21.58979468],[-103.59674714,21.56546806],[-103.59291832,21.55922592],[-103.61900469,21.55686368],[-103.6297938,21.57335065],[-103.64487828,21.57645418],[-103.66003689,21.56478938],[-103.65831645,21.55590654],[-103.68320366,21.5577188],[-103.68978888,21.55235315],[-103.68628545,21.53505463],[-103.694487,21.52888688],[-103.68158217,21.52046763],[-103.67980558,21.51119669],[-103.67257825,21.50545474],[-103.691779,21.49560288],[-103.69317403,21.47903931],[-103.70146472,21.46626591],[-103.65874325,21.46369766],[-103.66469635,21.45487326],[-103.66078977,21.44158357],[-103.65030922,21.43459612],[-103.64924651,21.43859355],[-103.63419572,21.4392594],[-103.62652537,21.43448206],[-103.61932132,21.42403171],[-103.62430855,21.42030243],[-103.62290522,21.41311146],[-103.60981412,21.40724362],[-103.59531165,21.39090623],[-103.58639428,21.39236631],[-103.58708957,21.40789078],[-103.57588365,21.43615398],[-103.56772231,21.43929715],[-103.56040668,21.43021831],[-103.55838351,21.43618838],[-103.54826385,21.44048185],[-103.54385245,21.43734102],[-103.53870026,21.44477092],[-103.53358949,21.42061328],[-103.52178458,21.40141412],[-103.50939723,21.39239612],[-103.50392025,21.37683702],[-103.51308305,21.36406697],[-103.50996402,21.35489288],[-103.55737058,21.34812669],[-103.56763002,21.35221586],[-103.56858688,21.33762368],[-103.57845238,21.33023429],[-103.5886766,21.3421934],[-103.59808172,21.34190289],[-103.60295328,21.34912668],[-103.61694509,21.35340965],[-103.61871934,21.34448071],[-103.62900962,21.34537363],[-103.6344316,21.34009603],[-103.63811749,21.3448502],[-103.64623618,21.34441423],[-103.64888323,21.33743215],[-103.66361502,21.338128],[-103.67740382,21.31991095],[-103.70508455,21.32549772],[-103.7109476,21.31354238],[-103.72083909,21.30796108],[-103.72214115,21.28394234],[-103.71364774,21.26668743],[-103.71075714,21.27448348],[-103.6980536,21.28258494],[-103.67628322,21.2834116],[-103.66668051,21.29046511],[-103.6581936,21.28043162],[-103.63399335,21.28229185],[-103.63946809,21.27752762],[-103.64168337,21.25404083],[-103.63631494,21.24171043],[-103.64019588,21.22207242],[-103.66335211,21.22416265],[-103.66732405,21.21604855],[-103.63712918,21.19972837],[-103.6333712,21.19125285],[-103.62478951,21.19331583],[-103.61863426,21.188778621],[-103.61135923,21.17873674],[-103.61360849,21.156247181],[-103.60198246,21.15167095],[-103.59168222,21.128616151],[-103.58054543,21.12730475],[-103.56895878,21.11671775],[-103.56694628,21.12078726],[-103.55369625,21.11674785],[-103.55034432,21.12498045],[-103.52978688,21.134091741],[-103.5314648,21.141977511],[-103.51096405,21.146222151],[-103.50405154,21.127738681],[-103.47538466,21.13727434],[-103.46925638,21.14336208],[-103.44522926,21.14102795],[-103.4285824,21.14672382],[-103.42567402,21.13899685],[-103.41626571,21.13727777],[-103.42322685,21.12523242],[-103.41828058,21.11523008],[-103.39607966,21.09867717],[-103.39299537,21.09107205],[-103.39648128,21.09007352],[-103.39596291,21.08028845],[-103.38786188,21.0792184],[-103.38550745,21.06739043],[-103.3766074,21.06590051],[-103.36901628,21.05195766],[-103.35310294,21.04525995],[-103.33500397,21.04264446],[-103.33031672,21.05450112],[-103.30188572,21.05458371],[-103.29655831,21.06483842],[-103.27573077,21.05144665],[-103.25720192,21.07073135],[-103.26169035,21.07459534],[-103.25823462,21.08306643],[-103.24351454,21.08405822],[-103.23258606,21.07909443],[-103.20960165,21.0942206],[-103.20170923,21.08590502],[-103.18844689,21.08515286],[-103.19170852,21.07933542],[-103.18836734,21.07065972],[-103.1800764,21.07460598],[-103.166147,21.06920592],[-103.16288175,21.07288565],[-103.143204,21.0657428],[-103.12732908,21.05353108],[-103.12148774,21.06240962],[-103.12332315,21.06680391],[-103.11442382,21.06790982],[-103.10503466,21.06201595],[-103.07736294,21.0724312],[-103.05647537,21.09931975],[-103.0652068,21.10433022],[-103.06628818,21.09968803],[-103.0757904,21.09688889],[-103.07365131,21.10995411],[-103.09173543,21.115819],[-103.09850012,21.12849331],[-103.07812255,21.14001125],[-103.07137586,21.15293375],[-103.08430635,21.19405949],[-103.06924423,21.20992931],[-103.07752826,21.21544992],[-103.0569852,21.2467876],[-103.0655,21.25580645],[-103.04489188,21.26236526],[-103.04588371,21.24942569],[-103.029766,21.25106526],[-103.02650489,21.24212411],[-103.01701354,21.24104854],[-103.01162617,21.24562694],[-103.01117903,21.25537009],[-102.99690402,21.25968194],[-102.97933829,21.24647429],[-102.97904886,21.23973108],[-102.96803889,21.24172625],[-102.95909883,21.23361986],[-102.94629392,21.23444345],[-102.9478112,21.21460112],[-102.91065217,21.20523466],[-102.90302866,21.235186],[-102.89167378,21.23351326],[-102.88365657,21.24181091],[-102.87657366,21.23663402],[-102.87135057,21.24728178],[-102.87286123,21.25516295],[-102.86365471,21.25275698],[-102.85939677,21.27047849],[-102.84482945,21.27732685],[-102.85078826,21.28139029],[-102.84877754,21.29317629],[-102.83710214,21.3034108],[-102.81515903,21.294669],[-102.81760069,21.31854111],[-102.81196378,21.32371682],[-102.79849937,21.30691378],[-102.78891602,21.3295074],[-102.78371298,21.3295234],[-102.77181772,21.31600588],[-102.75528088,21.3231586],[-102.75776543,21.33918618],[-102.72795977,21.3570878],[-102.73265986,21.3691632],[-102.72912806,21.38735554],[-102.71409962,21.38055589],[-102.70191422,21.36379094],[-102.6982844,21.34326842],[-102.67777703,21.34089003],[-102.6424368,21.3677376],[-102.6428236,21.38806542],[-102.63814062,21.39323652],[-102.64683968,21.39422458],[-102.6556926,21.40242146],[-102.65221111,21.40750205],[-102.65966946,21.41087702],[-102.65213069,21.41221266],[-102.65726358,21.42221557],[-102.6532602,21.42158397],[-102.65432811,21.43562543],[-102.65106709,21.43687346],[-102.65524503,21.43924992],[-102.65025837,21.44198312],[-102.65500686,21.44664952],[-102.64449868,21.44981063],[-102.63612986,21.46290782],[-102.64788298,21.46253749],[-102.64906725,21.47419658],[-102.63890669,21.48126225],[-102.63666772,21.47711645],[-102.63217837,21.49690074],[-102.62484151,21.50141149],[-102.64216685,21.51872135],[-102.63121843,21.52793875],[-102.63073432,21.53398334],[-102.65956855,21.53364771],[-102.66518957,21.53988709],[-102.69641017,21.54303034],[-102.69232832,21.56311005],[-102.69510074,21.57291283],[-102.71710455,21.57130737],[-102.72950818,21.59305822],[-102.737405,21.5867602],[-102.76474134,21.59606458],[-102.78361469,21.64669337],[-102.77340511,21.65830608],[-102.79519715,21.66346649],[-102.80527897,21.6712824],[-102.79804866,21.67028358],[-102.791764,21.67697257],[-102.78609554,21.67491042],[-102.76649214,21.68692828],[-102.74529994,21.72005231],[-102.7373234,21.71560897],[-102.72279857,21.71911162],[-102.7156052,21.73409128],[-102.71402475,21.73009778],[-102.69626329,21.72876802],[-102.69731754,21.741513662],[-102.69066857,21.7524372],[-102.67876758,21.75317374],[-102.66892635,21.76405145],[-102.64353912,21.76188449],[-102.63349383,21.76733946],[-102.60631217,21.75105722],[-102.59677432,21.754982],[-102.59627874,21.74404963],[-102.55249372,21.74265103],[-102.54097662,21.73558037],[-102.54245243,21.73260437],[-102.47652175,21.70208495],[-102.47575655,21.69494515],[-102.45686377,21.69808754],[-102.45213237,21.68691071],[-102.4610664,21.67925909],[-102.45245318,21.67838371],[-102.45120578,21.68195882],[-102.44145495,21.67341917],[-102.40459497,21.6655932],[-102.40749309,21.65948488],[-102.36952618,21.65059191],[-102.36687357,21.64275192],[-102.32572206,21.62226648],[-102.32105082,21.63009228],[-102.31016569,21.62662603],[-102.29537078,21.65309872],[-102.30264857,21.65460028],[-102.30399031,21.66668472],[-102.27944152,21.66443732],[-102.27521912,21.65397372],[-102.23761751,21.65200137],[-102.22636266,21.65777435],[-102.21426675,21.69481886],[-102.17788592,21.68815531],[-102.17143278,21.70700098],[-102.1548574,21.70003817],[-102.14209972,21.70537429],[-102.13634605,21.72049337],[-102.12559817,21.72572338],[-102.12089312,21.73644657],[-102.11557883,21.73603812],[-102.11591177,21.74467765],[-102.10428795,21.75097357],[-102.10205663,21.76104405],[-102.08618066,21.76726389],[-102.09457051,21.77770165],[-102.08307422,21.78706689],[-102.071962739,21.78265475],[-102.05797982,21.80187009],[-102.055123737,21.816356771],[-102.04174294,21.82306765],[-102.03841751,21.853198047],[-102.02079443,21.85116763],[-102.01995402,21.86253611],[-101.88021262,21.91014978],[-101.83800337,21.90734437],[-101.83528945,21.94177058],[-101.87267131,21.94651438],[-101.88459054,21.93922215],[-101.88579988,21.93261163],[-101.8903746,21.95095015],[-101.89778022,21.958387911],[-101.89822731,21.983263031],[-101.90944572,21.989024031],[-101.91259849,21.997485741],[-101.89473405,21.989656421],[-101.89125251,21.976592051],[-101.8625798,21.991356111],[-101.85832488,22.021032491],[-101.86166982,22.028883831],[-101.81567305,22.01998309],[-101.80143615,22.0309962],[-101.80426345,22.02525274],[-101.78442975,22.02409828],[-101.77722902,22.01534505],[-101.77763308,22.00730175],[-101.75965483,22.009043],[-101.751004,22.01464543],[-101.72997492,22.00213837],[-101.73232109,21.9950692],[-101.70911522,21.97992598],[-101.71065838,21.97393525],[-101.68291418,21.96288531],[-101.6691136,21.94576543],[-101.65710168,21.93925497],[-101.65786852,21.92978983],[-101.65456249,21.9306048],[-101.64957662,21.92029198],[-101.65069569,21.9076754],[-101.62894523,21.91090274],[-101.62091906,21.91761972],[-101.61671189,21.92944797],[-101.61145152,21.91923128],[-101.59584886,21.90996262],[-101.59085805,21.91543405],[-101.56980628,21.91708074],[-101.56275475,21.85538737],[-101.56596355,21.84203334],[-101.56142129,21.83605126],[-101.5482304,21.83408555],[-101.53701198,21.81046205],[-101.52782408,21.80917789],[-101.52976402,21.81310751],[-101.52204409,21.81802305],[-101.51782008,21.81475558],[-101.51054175,21.79905849],[-101.53883217,21.77733488],[-101.58569408,21.77877712],[-101.5796828,21.7364046],[-101.55765329,21.73509866],[-101.57085537,21.70430772],[-101.57814602,21.71188897],[-101.58404332,21.70957449],[-101.56913898,21.69231026],[-101.58482625,21.67021157],[-101.58142803,21.66699845],[-101.58325145,21.65670462],[-101.59608609,21.63706191],[-101.58018874,21.62553134],[-101.58602363,21.60780963],[-101.59526468,21.61000377],[-101.59577406,21.600315],[-101.61231332,21.58291689],[-101.61215618,21.57533558],[-101.60663275,21.57489834],[-101.60654631,21.56387225],[-101.62165972,21.55190362],[-101.62000802,21.54106897],[-101.64126883,21.52664832],[-101.64026103,21.51362568],[-101.63243146,21.51905417],[-101.58904198,21.46489997],[-101.58995092,21.44558089],[-101.58789174,21.44240522],[-101.58187252,21.44780942],[-101.58042392,21.42827969],[-101.57041563,21.41853575],[-101.58913934,21.41513148],[-101.60025649,21.42054134],[-101.63094423,21.40731308],[-101.65851586,21.4068002],[-101.67758295,21.39514237],[-101.67948629,21.38950637],[-101.65161158,21.36964615],[-101.64284492,21.35510609],[-101.64657308,21.33806055],[-101.64091372,21.31473865],[-101.64317711,21.29933569],[-101.65401909,21.29594683],[-101.66285288,21.28657991],[-101.68667542,21.29405985],[-101.70200538,21.27546288],[-101.70937674,21.28072565],[-101.73578789,21.27729223],[-101.73853511,21.2691596],[-101.74957072,21.27199377],[-101.75971651,21.26762174],[-101.75940272,21.26061334],[-101.76819723,21.25773228],[-101.75458642,21.24388854],[-101.76594945,21.24223128],[-101.77120045,21.23473128],[-101.77443477,21.19658437],[-101.78066474,21.19142306],[-101.78368208,21.17117852],[-101.78110878,21.16052789],[-101.7872714,21.156382],[-101.80400915,21.16634818],[-101.80477626,21.15850065],[-101.81569777,21.14952738],[-101.81012069,21.14854628],[-101.811826,21.14123675],[-101.82242271,21.13591528],[-101.83344802,21.13727297],[-101.83084592,21.11937254],[-101.82026785,21.1186664],[-101.8176588,21.10704569],[-101.83748689,21.09676543],[-101.87500374,21.09289435],[-101.87494275,21.07008537],[-101.8945494,21.05124372],[-101.90133494,21.05296305],[-101.89660591,21.04775114],[-101.90662742,21.02881754],[-101.90874634,20.99858506],[-101.92470598,20.98323669],[-101.92221332,20.971938],[-101.9313886,20.96711491],[-101.93714437,20.95580086],[-101.93894975,20.93061425],[-101.942088,20.92810028],[-101.95787657,20.93520083],[-101.96310031,20.92251803],[-101.97988182,20.92504755],[-101.98109691,20.91480878],[-101.99403114,20.90772472],[-102.00844652,20.88537834],[-102.01799411,20.88328469],[-102.01257982,20.87834385],[-102.02178054,20.86216032],[-102.03858502,20.84735234],[-102.05293275,20.84756474],[-102.06436886,20.83821425],[-102.07367789,20.83792426],[-102.07986705,20.82906508],[-102.07617891,20.81817065],[-102.07994508,20.80178706],[-102.08709189,20.80146052],[-102.09590838,20.78005052],[-102.0825266,20.77717622],[-102.08108215,20.77150726],[-102.07362442,20.77677055],[-102.06759263,20.77224743],[-102.06563889,20.7667558],[-102.07232552,20.75939958],[-102.07363332,20.74875954],[-102.06103965,20.74851657],[-102.06448731,20.73874962],[-102.04354458,20.73741605],[-102.03446088,20.7421394],[-102.04037115,20.72324762],[-102.03774026,20.71739648],[-102.01438937,20.71706366],[-102.01909038,20.67618418],[-102.01383749,20.66444117],[-102.00470963,20.66032598],[-101.99712325,20.66470654],[-101.99038602,20.6608906],[-101.98194455,20.66332678],[-101.98137692,20.65752945],[-101.96807966,20.6636412],[-101.97118786,20.63760975],[-101.96413042,20.63893914],[-101.95707758,20.63264274],[-101.95873957,20.60879137],[-101.95114368,20.60742685],[-101.95801235,20.5983392],[-101.95931228,20.58684252],[-101.96703097,20.57934409],[-101.96280165,20.57024262],[-101.9698976,20.56881088],[-101.97391842,20.54178843],[-101.97886214,20.54283789],[-101.98395472,20.53500912],[-101.98791289,20.5452798],[-101.99555643,20.54050838],[-102.0030832,20.54721546],[-102.01414163,20.54259609],[-102.00868688,20.5331672],[-102.01009242,20.52605885],[-102.01878978,20.51775709],[-102.02819469,20.49654192],[-102.04602729,20.48261429],[-102.04214945,20.47448168],[-102.04399457,20.4565922],[-102.05630135,20.45203115],[-102.05757608,20.4453598],[-102.07661583,20.42815875],[-102.07396665,20.42505638],[-102.079332,20.42091745],[-102.07088262,20.40901917],[-102.08453323,20.40500925],[-102.09052291,20.38943274],[-102.09689917,20.38922026],[-102.09625446,20.38413126],[-102.10576823,20.37863611],[-102.13091589,20.38121837],[-102.14100671,20.37533442],[-102.16816768,20.37874043],[-102.16004763,20.37490426],[-102.15815805,20.36696023],[-102.17702246,20.36815445],[-102.17536614,20.35596606],[-102.19660682,20.35049712],[-102.20812154,20.35667983],[-102.21956692,20.35091597],[-102.22180525,20.34406877],[-102.25415982,20.3352656],[-102.259082689,20.339371971],[-102.267568059,20.33562706],[-102.284086,20.34556017],[-102.2898596,20.34083598],[-102.29206212,20.352976201],[-102.30659802,20.35816358],[-102.31608994,20.34458714],[-102.32722422,20.34948329],[-102.34601983,20.33506515],[-102.35844417,20.33702709],[-102.36628957,20.32787929],[-102.39120451,20.33395149],[-102.39984931,20.32774083],[-102.43463198,20.34102446],[-102.44778772,20.33827822],[-102.454860479,20.328968801],[-102.46783415,20.33059668],[-102.48049557,20.32524291],[-102.49062868,20.30860134],[-102.49620705,20.30790378],[-102.50544249,20.31585775],[-102.50895542,20.30135549],[-102.53047689,20.29582637],[-102.5200824,20.28041518],[-102.52858425,20.27095337],[-102.53518362,20.27216989],[-102.53586417,20.27898468],[-102.54411808,20.2805594],[-102.55497735,20.26068535],[-102.55581829,20.27140157],[-102.56458298,20.27815503],[-102.56874671,20.27450842],[-102.56667931,20.26562498],[-102.59048612,20.25846534],[-102.5989408,20.26710778],[-102.61014554,20.26908851],[-102.61480585,20.26330568],[-102.61325394,20.25508602],[-102.62100363,20.25248242],[-102.61692218,20.24787092],[-102.627331249,20.22938555],[-102.64120002,20.22345348],[-102.6608762,20.2315458],[-102.67902537,20.22691311],[-102.68537031,20.21800531],[-102.67972186,20.17150155],[-102.68967555,20.1660328],[-102.73022628,20.16661806],[-102.75249428,20.14861482],[-102.75724258,20.15342851],[-102.76705429,20.14866225],[-102.77614711,20.13844637],[-102.79880442,20.14176066],[-102.81928209,20.13724797],[-102.80742988,20.13317705],[-102.8018734,20.12303429],[-102.81628738,20.10604788],[-102.84067468,20.11610911],[-102.84605991,20.13077025],[-102.85499431,20.13671275],[-102.85700552,20.14430335],[-102.85230837,20.14924735],[-102.86245286,20.15439325],[-102.86595326,20.16236362],[-102.87549555,20.15757603],[-102.88688138,20.1588088],[-102.89463357,20.16416832],[-102.91031477,20.1624896],[-102.94017026,20.17168183],[-102.95414338,20.17087785],[-102.95400314,20.16656854],[-102.94323262,20.14977748],[-102.92450008,20.13625845],[-102.92644828,20.12957518],[-102.942026,20.1288288],[-102.95958017,20.14124008],[-102.96446232,20.12713583],[-102.97058391,20.12540362],[-102.99839415,20.12596062],[-103.00481854,20.13819571],[-103.03246368,20.13644695],[-103.0352314,20.13348575],[-103.03133348,20.12675138],[-103.04415234,20.12411938],[-103.04258988,20.11519566],[-103.03537314,20.1167162],[-103.03281555,20.11136062],[-103.04171094,20.09064066],[-103.03072883,20.07854945],[-103.03377878,20.07567637],[-103.03080575,20.06218346],[-103.02072003,20.04730635],[-103.02651682,20.04934366],[-103.02845757,20.03666069],[-103.02438545,20.03330885],[-103.03569602,20.02941477],[-103.03260977,20.02468015],[-103.04818043,20.00727832],[-103.043812,20.00197862],[-103.05150418,19.99161115],[-103.02521955,19.96049209],[-103.01548275,19.95975402],[-103.01221754,19.97015765],[-103.00448809,19.97170565],[-102.99380968,19.98389475],[-102.95121494,19.99655651],[-102.94362422,19.98413363],[-102.92626762,19.98418755],[-102.90262189,19.96686348],[-102.88209694,19.96958511],[-102.88204963,19.97576926],[-102.82196938,19.96457703],[-102.79400946,19.950291021],[-102.776873579,19.960153741],[-102.784036049,19.951235691],[-102.770633549,19.929868451],[-102.73121511,19.89950785],[-102.73251994,19.89038317],[-102.74249005,19.87875948],[-102.73476892,19.87451818],[-102.73035268,19.85320868],[-102.7533302,19.83412351],[-102.73939631,19.81582583],[-102.74522968,19.81197326],[-102.75520835,19.81395946],[-102.75908268,19.80798445],[-102.79231223,19.81411551],[-102.81952685,19.7779412],[-102.81280868,19.77595337],[-102.80860646,19.75956078],[-102.81627409,19.74990506],[-102.80392628,19.75215763],[-102.80258643,19.74663026],[-102.81080472,19.74101609],[-102.79580605,19.72837326],[-102.78048172,19.70432409],[-102.78223174,19.69521126],[-102.80566254,19.67483777],[-102.79120335,19.67318642],[-102.79260148,19.65455057],[-102.78418648,19.65208754],[-102.78748534,19.64822906],[-102.77959814,19.64431191],[-102.77584946,19.627715],[-102.76085877,19.62753391],[-102.74756635,19.61277703],[-102.72608755,19.61313683],[-102.71593205,19.60293515],[-102.71846729,19.59287257],[-102.72658022,19.58614402],[-102.72235265,19.58237703],[-102.72603889,19.57902555],[-102.72035925,19.57962175],[-102.71964629,19.56829025],[-102.71351671,19.56326134],[-102.71844634,19.55031926],[-102.71065635,19.54106877],[-102.71670746,19.53352575],[-102.71751903,19.51946772],[-102.72231489,19.51814057],[-102.7245772,19.50912223],[-102.73096978,19.51054485],[-102.73806494,19.49335948],[-102.72372805,19.49317609],[-102.68948709,19.51341568],[-102.67302472,19.51199531],[-102.67093011,19.49062588],[-102.65752782,19.48723728],[-102.62891774,19.50045145],[-102.62052958,19.49877166],[-102.59845962,19.51864949],[-102.58399523,19.52269371],[-102.5818642,19.52825512],[-102.57619222,19.52489495],[-102.57186142,19.51119183],[-102.57594345,19.49806178],[-102.54908115,19.49242286],[-102.54270538,19.47803311],[-102.55475674,19.47093678],[-102.55576768,19.46514794],[-102.56329892,19.46492698],[-102.56817612,19.4433546],[-102.5587022,19.44700389],[-102.54769278,19.43948789],[-102.55924034,19.4368804],[-102.543596779,19.430960001],[-102.551044149,19.42537802],[-102.56508085,19.43515734],[-102.576787,19.42390892],[-102.56880075,19.41262597],[-102.60105602,19.364486771],[-102.61117763,19.32279625],[-102.632715919,19.306981951],[-102.64309566,19.278340401],[-102.63888292,19.273013141],[-102.64313154,19.266197921],[-102.638209889,19.262659541],[-102.64559408,19.259492781],[-102.64972042,19.246008771],[-102.65689706,19.240536831],[-102.651842119,19.235518511],[-102.66129769,19.228556171],[-102.66211028,19.2188114],[-102.668264399,19.220956021],[-102.669922689,19.21241206],[-102.69389894,19.22629735],[-102.700691569,19.22453663],[-102.694368349,19.237428371],[-102.69659328,19.248808861],[-102.705262199,19.24705311],[-102.707129779,19.238318311],[-102.712722149,19.235808061],[-102.73772086,19.242202401],[-102.753815919,19.255805061],[-102.77692669,19.24355568],[-102.7902432,19.242458],[-102.79376414,19.22540808],[-102.80836146,19.22326412],[-102.8244334,19.20569323],[-102.83142106,19.21463983],[-102.84564031,19.19904803],[-102.86260197,19.20322963],[-102.86537706,19.21128543],[-102.8864328,19.20439138],[-102.91507263,19.17936711],[-102.92743763,19.17726849],[-102.93513342,19.18203225],[-102.93615095,19.17362498],[-102.95229523,19.17656109],[-102.95548472,19.16961977],[-102.96009609,19.17405589],[-102.96268275,19.16576932],[-102.97935777,19.15241326],[-102.97762271,19.12006091],[-103.00445982,19.13757134],[-103.01972702,19.13237117],[-103.02054022,19.12504848],[-103.01202285,19.10919669],[-103.01945538,19.10383651],[-103.01600568,19.07918531],[-102.99083523,19.05337891],[-103.01564665,19.04888842],[-103.02521426,19.05310385],[-103.03324208,19.02911762],[-103.05056046,19.03559929],[-103.06323851,19.02785408],[-103.06669895,19.02226808],[-103.06377302,19.00567349],[-103.05249957,18.99812542],[-103.06622618,18.99626308],[-103.0881088,18.98410871],[-103.09802571,18.96474785],[-103.12362988,18.93761343],[-103.12501946,18.93014466],[-103.14963345,18.92593788],[-103.17336423,18.93626392],[-103.204472,18.96761225],[-103.20321452,18.97849674],[-103.21139757,18.99300257],[-103.20951885,19.00298665],[-103.21739648,19.00353223],[-103.22166131,19.00945268],[-103.2238762,19.02410051],[-103.24051425,19.01398091],[-103.25791849,19.01174512],[-103.2597518,19.00369665],[-103.27765992,18.99693325],[-103.28218392,18.99970289],[-103.28782435,18.99183709],[-103.29939672,18.99290554],[-103.3048222,18.98579375],[-103.33248517,18.97325131],[-103.35531494,18.98022552],[-103.36317014,18.97662183],[-103.37724888,18.98017046],[-103.39442111,18.96741463],[-103.40717386,18.97152732],[-103.41143392,18.96765929],[-103.41945272,18.98125069],[-103.44186255,18.98353185],[-103.46312732,18.97702092],[-103.47266046,18.99113637],[-103.47214788,18.98508486],[-103.48372718,18.97978575],[-103.48204131,18.97020642],[-103.48748962,18.97162288],[-103.48859434,18.96488915],[-103.4950202,18.9706664],[-103.48985071,18.98077165],[-103.49083122,18.99582082],[-103.49874191,19.01203923],[-103.48850554,19.02758675],[-103.49695105,19.03517678],[-103.50134069,19.04872295],[-103.52257414,19.06621485],[-103.522226,19.07666523],[-103.52648063,19.07872805],[-103.51738778,19.0987906],[-103.5236168,19.11564066],[-103.51100905,19.13204911],[-103.51395455,19.13834054],[-103.50916565,19.15596131],[-103.49763088,19.17464215],[-103.49859283,19.18695174],[-103.51523852,19.2113518],[-103.50986658,19.21366183],[-103.51414175,19.21798491],[-103.50569078,19.23615651],[-103.50990622,19.24330151],[-103.50532865,19.25326802],[-103.50918158,19.29514991],[-103.50096688,19.2997506],[-103.49922662,19.30850651],[-103.48987829,19.31068622],[-103.49566931,19.31975566],[-103.48681854,19.32741342],[-103.48642998,19.33789065],[-103.492553658,19.346505737],[-103.50166314,19.34489097],[-103.52220862,19.35782558],[-103.526722,19.37276472],[-103.5562112,19.40697174],[-103.56878008,19.40624152],[-103.57426842,19.41156232],[-103.57891669,19.43548575],[-103.61535757,19.47499545],[-103.61482422,19.49404662],[-103.60619931,19.50055786],[-103.61827651,19.51251877],[-103.65154095,19.50099603],[-103.66487862,19.50263091],[-103.69004529,19.49244777],[-103.70827331,19.46985654],[-103.7157894,19.46700952],[-103.71825732,19.45349751],[-103.73530868,19.443423],[-103.75065832,19.44566357],[-103.77437412,19.43054938],[-103.79273366,19.42751369],[-103.81925286,19.40873971],[-103.82796806,19.43266531],[-103.82413489,19.43778825],[-103.83524818,19.43970402],[-103.85645277,19.43133054],[-103.863755,19.44738474],[-103.87941817,19.44448866],[-103.88933089,19.46359731],[-103.90876546,19.45362831],[-103.89796208,19.43859949],[-103.8995216,19.43454725],[-103.96479866,19.454162651],[-103.97400709,19.474552911],[-104.00004555,19.468828831],[-104.03913571,19.484661461],[-104.051763599,19.49760054],[-104.06172506,19.49770294],[-104.068981259,19.48429683],[-104.076739519,19.48021472],[-104.086639779,19.442031],[-104.079942939,19.43178175],[-104.070883749,19.435235431],[-104.083837399,19.41559895],[-104.090226219,19.3930248],[-104.109598,19.38119709],[-104.11879858,19.371663551],[-104.12026322,19.36009045],[-104.13334412,19.353745831],[-104.121588629,19.32749655],[-104.12549737,19.324252251],[-104.12298462,19.31904194],[-104.132207749,19.320886261],[-104.136035999,19.312934941],[-104.14015886,19.316167031],[-104.14478909,19.31124097],[-104.152930379,19.31515242],[-104.16164983,19.30271965],[-104.169796579,19.31296374],[-104.179801319,19.312562121],[-104.19001637,19.30203271],[-104.19166737,19.29220977],[-104.20434629,19.303602221],[-104.21842417,19.299015621],[-104.24626818,19.31195542],[-104.26117905,19.3118062],[-104.2698006,19.30192709],[-104.28145402,19.30280885],[-104.28363525,19.29700528],[-104.297591,19.30267077],[-104.31480391,19.27935589],[-104.34388029,19.28954598],[-104.36187369,19.26907842],[-104.36331612,19.27533622],[-104.37427346,19.28188398],[-104.38433094,19.27204158],[-104.40132251,19.26681303],[-104.40245263,19.27840066],[-104.39743168,19.2858192],[-104.4009456,19.2890698],[-104.41744763,19.28026909],[-104.43925912,19.27798786],[-104.43574989,19.27015562],[-104.43840785,19.26287309],[-104.45752702,19.25941946],[-104.45980497,19.25444842],[-104.45569874,19.24804026],[-104.46700818,19.24510689],[-104.46301626,19.23295966],[-104.47167291,19.22883585],[-104.47725769,19.23870338],[-104.48895489,19.22994337],[-104.48844803,19.24723269],[-104.49453543,19.25394705],[-104.50838474,19.24422505],[-104.52331938,19.26037238],[-104.53028786,19.25978883],[-104.55451595,19.23709778],[-104.56026131,19.21969855],[-104.56911274,19.21869523],[-104.56724857,19.20126612],[-104.57476911,19.19303038],[-104.57693762,19.1802046],[-104.58398962,19.17798932],[-104.5900288,19.18653168],[-104.60028748,19.17905337],[-104.59614263,19.16405223],[-104.58578017,19.16181432],[-104.58984008,19.15009522],[-104.61283389,19.15548282],[-104.61147358,19.16100095],[-104.61895729,19.16766666],[-104.61530151,19.17410417],[-104.61882157,19.18085145],[-104.6293416,19.17290635],[-104.67514565,19.18549574],[-104.67997934,19.19317152],[-104.68361231,19.18995792],[-104.68093592,19.18377375],[-104.68890372,19.18416854],[-104.69172372,19.1732774],[-104.70281275,19.17813198],[-104.69733025,19.18781508],[-104.69138598,19.18869129],[-104.69117703,19.19693692],[-104.68541055,19.19772358],[-104.685087429,19.205643575],[-104.702524119,19.221945263],[-104.712889051,19.221764424],[-104.712441713,19.214997237],[-104.73401128,19.22169757],[-104.73588405,19.22866045],[-104.729552417,19.231342944],[-104.732933631,19.239229667],[-104.75187652,19.237323719],[-104.758214214,19.228495919],[-104.771947274,19.232267365],[-104.77124225,19.23773258],[-104.77633636,19.240259503],[-104.79008902,19.23792109],[-104.795640757,19.230635054],[-104.80274932,19.23565385],[-104.808487276,19.232568985],[-104.80944614,19.25860485],[-104.8010526,19.26028925],[-104.788661459,19.28177823],[-104.79410809,19.29528328],[-104.810064438,19.304355],[-104.83275022,19.30687009],[-104.8409407,19.30000882],[-104.837090562,19.28960979],[-104.86680177,19.28951422],[-104.87348403,19.2842222],[-104.873114471,19.27616643],[-104.881034507,19.286518276],[-104.937403269,19.308638241],[-104.93872214,19.31389137],[-104.953568137,19.321630098],[-104.99539701,19.362896556],[-105.032088299,19.387248554],[-105.03071509,19.39728068],[-105.023988131,19.393632615],[-105.017667093,19.405500177],[-105.020648558,19.421531795],[-105.02986186,19.42910777],[-105.025226282,19.43641266],[-105.033173682,19.444858557],[-105.042643342,19.446327874],[-105.044475527,19.454364503],[-105.052570453,19.454372832],[-105.07312478,19.47110398],[-105.05910422,19.47157465],[-105.05997342,19.48358018],[-105.06660998,19.48944592],[-105.060703805,19.495512642],[-105.08150058,19.50540689],[-105.083384021,19.542711841],[-105.08895383,19.56045322],[-105.10424555,19.57804692],[-105.11462185,19.58565915],[-105.128043193,19.587808919],[-105.134486758,19.584749094],[-105.13423543,19.57603571],[-105.14231474,19.5750812],[-105.14439642,19.58330354],[-105.15228877,19.58713589],[-105.152704,19.6035108],[-105.16187018,19.60373875],[-105.16216143,19.61152297],[-105.18071751,19.62071103],[-105.19951938,19.62126034],[-105.20223538,19.63137863],[-105.264682469,19.679170169],[-105.259505804,19.685108155],[-105.26354792,19.69559994],[-105.29123855,19.72007706],[-105.30353526,19.74219008],[-105.33033832,19.766358],[-105.33113951,19.78105625],[-105.34463569,19.80491054],[-105.41170382,19.883098892],[-105.504440507,20.010552294],[-105.549985925,20.094524323],[-105.54533095,20.11129977],[-105.548451381,20.169627766],[-105.5428692,20.184368615],[-105.554880899,20.224660158],[-105.566879489,20.236847079],[-105.580926597,20.236692898],[-105.59021242,20.26305451],[-105.65616178,20.31771306],[-105.67643485,20.3475946],[-105.6927654,20.38823446],[-105.69496011,20.40922778],[-105.68012015,20.41196995],[-105.673179146,20.406907257],[-105.67127485,20.42588345],[-105.65441843,20.42809026],[-105.64820546,20.445096825],[-105.64295891,20.44234857],[-105.63560138,20.44584189],[-105.615498699,20.470781933],[-105.60414928,20.47576852],[-105.592565117,20.47365256],[-105.573876437,20.48377187],[-105.51787497,20.49351418],[-105.49487774,20.48940034],[-105.46578237,20.49650985],[-105.445503918,20.488381661],[-105.442771182,20.500993312],[-105.42510155,20.50012198],[-105.40088159,20.508923735],[-105.369730549,20.50416368],[-105.324981425,20.514316229],[-105.316458556,20.5117567],[-105.319751928,20.518912619],[-105.29675155,20.53376506],[-105.292041932,20.53232388],[-105.28735052,20.54487158],[-105.258161664,20.557490535],[-105.232700459,20.617220543],[-105.233729579,20.635224859],[-105.24507166,20.65331452],[-105.28100003,20.67196577],[-105.27420997,20.67432669],[-105.27893215,20.68133472],[-105.27242323,20.68384018],[-105.26125229,20.67981618],[-105.26268388,20.68919177],[-105.25654668,20.69456349],[-105.25594702,20.7027662],[-105.24257266,20.70424154],[-105.24564546,20.72411598],[-105.23693802,20.72753449],[-105.23991578,20.74735128],[-105.21140612,20.76592351],[-105.20582549,20.76414485],[-105.19696114,20.77717103],[-105.17339655,20.76771138],[-105.16227568,20.79251928],[-105.17097435,20.79610862],[-105.16755651,20.80374371],[-105.17276149,20.80603831],[-105.17394295,20.81394345],[-105.16163602,20.83114014],[-105.1627878,20.84869],[-105.15540537,20.85306471],[-105.16056331,20.85741523],[-105.15274985,20.86189277],[-105.15296566,20.86893992],[-105.14119405,20.87560582],[-105.14254611,20.88646583],[-105.12810951,20.88924178],[-105.1172212,20.90081258],[-105.11195708,20.90043032],[-105.11218152,20.90478289],[-105.09738897,20.91585931],[-105.09935578,20.91876491],[-105.08553265,20.923881001],[-105.08033692,20.93147089],[-105.07280198,20.927995],[-105.04680485,20.93428386],[-105.03634306,20.924887261],[-105.03907274,20.91311482],[-105.03161334,20.909171231],[-105.00633225,20.922536371],[-105.00339409,20.91085754],[-104.99037369,20.92156285],[-104.96724405,20.909508091],[-104.95316389,20.930134341],[-104.90052602,20.94634066],[-104.90062748,20.962747201],[-104.88954151,20.97375875],[-104.88274949,20.973658351],[-104.88081246,20.980910421],[-104.8735048,20.982358321],[-104.86686895,20.99520137],[-104.85793748,20.99435654],[-104.85129658,21.00016111],[-104.853656,21.00495769],[-104.84119048,21.006723451],[-104.83809891,21.020008581],[-104.83248668,21.01411674],[-104.827725,21.01806849],[-104.8101816,21.012012831],[-104.80319423,21.01651329],[-104.79018831,21.01502132],[-104.78246215,21.023359061],[-104.77171235,21.008601081],[-104.75249911,21.01227972],[-104.73924108,21.00614237],[-104.72998915,21.012288251],[-104.72514857,21.00477674],[-104.72936277,20.983154141],[-104.71582895,20.9804692],[-104.71615774,20.97492843],[-104.70889034,20.97441652],[-104.70571098,20.966851601],[-104.68105792,20.96066669],[-104.68099997,20.943840621],[-104.66144134,20.94397732],[-104.65812614,20.933225721],[-104.63809374,20.934125141],[-104.62853272,20.92386569],[-104.61183809,20.92321169],[-104.59073626,20.93461928],[-104.57816632,20.93395117],[-104.55692169,20.92415238],[-104.5557114,20.91811535],[-104.54285228,20.91193957],[-104.54474065,20.90114017],[-104.53571918,20.89585763],[-104.53462454,20.88403562],[-104.52444203,20.88576189],[-104.51949162,20.8691512],[-104.51060615,20.8596568],[-104.50639435,20.86084494],[-104.49993814,20.83818646],[-104.48528811,20.8332764],[-104.47693149,20.81964794],[-104.46002454,20.81310269],[-104.46296338,20.81082683],[-104.45840886,20.80651558],[-104.43573586,20.80576483],[-104.42726031,20.79102162],[-104.41914969,20.79622232],[-104.41412462,20.79377025],[-104.38420894,20.76647862],[-104.37754871,20.74237342],[-104.3637196,20.74441091],[-104.35336126,20.73594977],[-104.35079808,20.72533969],[-104.32411512,20.71754352],[-104.30903903,20.70365803],[-104.30564551,20.69416957],[-104.2884866,20.68915662],[-104.28456023,20.67061914],[-104.28795614,20.6604076],[-104.28057745,20.64635688],[-104.28201095,20.62899335],[-104.27445797,20.61660295],[-104.25363983,20.60341871],[-104.25376714,20.63060835],[-104.24692382,20.6314924],[-104.26038954,20.64283555],[-104.25530708,20.653283],[-104.23646074,20.6628972],[-104.2531598,20.68229638],[-104.24329762,20.69174569],[-104.24814938,20.69962826],[-104.24181569,20.71343352],[-104.24763266,20.72633672],[-104.25986114,20.73533117],[-104.27447497,20.76998705],[-104.28001998,20.7689284],[-104.28285625,20.78348058],[-104.28991054,20.78134095],[-104.29154732,20.7706348],[-104.2976174,20.7707952],[-104.32832232,20.79809768],[-104.33579478,20.7898842],[-104.34635405,20.79320769],[-104.35824938,20.7905326],[-104.37522037,20.77543945],[-104.37589215,20.78407297],[-104.35040234,20.81164397],[-104.36405938,20.81393298],[-104.35710475,20.81987386],[-104.36176849,20.84093102],[-104.33425758,20.84666229],[-104.31841737,20.83857265],[-104.3088154,20.84680731],[-104.29541589,20.84549606],[-104.29020883,20.84901522],[-104.29069297,20.86234063],[-104.2791108,20.86451866],[-104.29091612,20.88779574],[-104.26787955,20.88746108],[-104.24888583,20.90577788],[-104.24645165,20.92124506],[-104.22875342,20.93558175],[-104.221072,20.94152566],[-104.20658778,20.93637335],[-104.20797392,20.95105535],[-104.20130635,20.95924218],[-104.21855891,20.96027965],[-104.23312945,20.96874337],[-104.23847425,20.99215082],[-104.23387137,20.99833148],[-104.22497549,20.99611503],[-104.22319571,21.00126366],[-104.22959318,21.01626965],[-104.24073012,21.0217204],[-104.24271291,21.02733163],[-104.23595497,21.03154937],[-104.23579769,21.04012022],[-104.22655008,21.04429617],[-104.225164,21.05052692],[-104.23839483,21.05227314],[-104.23923554,21.05707158],[-104.2347934,21.06768148],[-104.22181045,21.07002462],[-104.21671857,21.0857912],[-104.22084308,21.10136338],[-104.21086032,21.11860142],[-104.21059872,21.13092769],[-104.21513817,21.13910763],[-104.22148731,21.14072266],[-104.22517055,21.15120875],[-104.21939798,21.17661058],[-104.20279366,21.19283243],[-104.16581425,21.1888806],[-104.15951351,21.18456029],[-104.14727223,21.19161951],[-104.12855586,21.19096826],[-104.12404578,21.19626737],[-104.11084485,21.18859571],[-104.10876282,21.1955666],[-104.10003709,21.20086745],[-104.08879969,21.19612915],[-104.08565926,21.20536111],[-104.08091018,21.20176415],[-104.08097788,21.18969114],[-104.0685864,21.18677328],[-104.06788755,21.1981998],[-104.06189418,21.20008246],[-104.0562754,21.19413994],[-104.05283852,21.20541311],[-104.04517857,21.19919931],[-104.03842371,21.20444222],[-104.03529682,21.195953],[-104.02796882,21.19467249],[-104.02639851,21.2004756],[-104.03287132,21.20268666],[-104.02941037,21.2086642],[-104.02498131,21.21293771],[-104.02232002,21.20510708],[-104.016016,21.20745842],[-104.01748885,21.22720185],[-104.00608792,21.22804355],[-104.0035676,21.23646268],[-103.97448235,21.25180111],[-103.97345403,21.25632828],[-103.95838771,21.25275451],[-103.94586723,21.23801785],[-103.92401998,21.23457174],[-103.92863506,21.24976022],[-103.93546185,21.25417618],[-103.93105689,21.26254712],[-103.91857837,21.24562694],[-103.91789871,21.23102777],[-103.90306295,21.23341915],[-103.89836275,21.22649002],[-103.89230552,21.23842666],[-103.88260914,21.24191032],[-103.87524869,21.23864306],[-103.86188954,21.24886837],[-103.84001943,21.23982046],[-103.81939111,21.24843503],[-103.81701228,21.25613603],[-103.82499598,21.27126495],[-103.82034563,21.28104138],[-103.80784711,21.2889196],[-103.80357294,21.30031195],[-103.78063628,21.30851303],[-103.77612295,21.32166986],[-103.75739912,21.32979132],[-103.75561074,21.33769451],[-103.74935182,21.33670848],[-103.75227195,21.34327408],[-103.74431974,21.35227674],[-103.7470772,21.3598322],[-103.74133251,21.37405511],[-103.7673332,21.388433],[-103.75690312,21.39986465],[-103.7644034,21.41030417],[-103.75644822,21.41005983],[-103.75130708,21.41751072],[-103.73127205,21.4158998],[-103.72089555,21.42543123],[-103.72837523,21.43567657],[-103.74203065,21.44155783],[-103.75293655,21.46608769],[-103.74936458,21.47448823],[-103.76912851,21.48302492],[-103.77819192,21.49208212],[-103.77412948,21.49838071],[-103.79107509,21.49774794],[-103.79298874,21.48869138],[-103.80042097,21.4871884],[-103.81401325,21.49448397],[-103.82371282,21.49304737],[-103.83212694,21.51339706],[-103.84929452,21.51453086],[-103.85992491,21.52474951],[-103.85400865,21.53322751],[-103.85627172,21.55236542],[-103.87075135,21.54873675],[-103.88164608,21.55214228],[-103.89183757,21.56247971],[-103.89257817,21.57414303],[-103.91923455,21.58198588],[-103.92319075,21.59056891],[-103.91236546,21.60804909],[-103.91908429,21.61624971],[-103.90982054,21.61483685],[-103.90769894,21.61867631],[-103.91183478,21.62982623],[-103.93024945,21.64191443],[-103.92133757,21.66837425],[-103.91240083,21.6689706],[-103.90330212,21.68582795],[-103.88772497,21.69781823],[-103.89657057,21.71273962],[-103.89591346,21.72774378],[-103.90279062,21.716258],[-103.93182786,21.74338051],[-103.93170235,21.75132],[-103.92011855,21.75085535],[-103.91612931,21.75576871],[-103.92348191,21.77180232],[-103.94451146,21.77681946],[-103.97775749,21.77133243],[-103.98464535,21.77269591],[-103.98914915,21.77985949],[-104.0522538,21.79476095],[-104.07623786,21.7897174],[-104.07985618,21.78240515],[-104.0933188,21.78456282],[-104.0932512,21.79124471],[-104.09843657,21.79281689],[-104.10945509,21.78732754],[-104.1303816,21.79045132],[-104.14653109,21.80643014],[-104.16174845,21.80984134],[-104.17661315,21.83223732],[-104.18719405,21.83788128],[-104.19071263,21.85106369],[-104.19496089,21.850405742],[-104.19664038,21.85053242],[-104.19700018,21.85077225],[-104.17958505,21.86008885],[-104.17223326,21.87131891],[-104.18638512,21.86801175],[-104.20104072,21.89147838],[-104.20024411,21.90946583],[-104.18880206,21.91899766],[-104.18843225,21.9282116],[-104.17871809,21.93901534],[-104.17369922,21.96339285],[-104.17365548,21.97088289],[-104.19331945,21.98542012],[-104.21274271,21.98288132],[-104.23390165,21.96919414],[-104.24600515,21.96693798],[-104.27544694,21.98062349],[-104.28138223,21.99965882],[-104.28937715,21.9984108],[-104.29407686,22.00276095],[-104.30813849,21.98861897],[-104.31505634,21.9908036],[-104.32490534,21.98413406],[-104.32686314,21.97536932],[-104.33592434,21.97982062],[-104.35714868,21.97210552],[-104.37069263,21.97617317],[-104.36003862,22.01505683],[-104.36903731,22.02456417],[-104.36503012,22.03627682],[-104.36775882,22.04519623],[-104.36154014,22.05285345],[-104.37319151,22.10256383],[-104.36470718,22.11243952],[-104.36155823,22.13669909],[-104.35455888,22.15120983],[-104.35627166,22.16543468],[-104.33655062,22.18672194],[-104.33183626,22.19978986],[-104.34135932,22.2095632],[-104.33390743,22.21582186],[-104.33201377,22.22835328],[-104.32589757,22.2317922],[-104.32867942,22.24535871],[-104.29563951,22.27690846],[-104.28486591,22.29709352],[-104.28483582,22.30265205],[-104.29264563,22.30739031],[-104.29273737,22.32003346],[-104.29925597,22.32577485],[-104.29302303,22.33073251],[-104.29837862,22.34781142],[-104.27376002,22.3427694],[-104.25474252,22.34878942],[-104.25833937,22.38465831],[-104.25302437,22.38660092],[-104.25444242,22.39247629],[-104.24097865,22.41277295],[-104.22074992,22.42109974],[-104.20703705,22.42169688],[-104.19304397,22.39912318],[-104.17770138,22.38963474],[-104.16738578,22.38735623],[-104.16468766,22.39164954],[-104.17885578,22.42743249],[-104.17381683,22.42954515],[-104.16748678,22.44515049],[-104.17506238,22.44248542],[-104.17956003,22.4500544],[-104.19510028,22.44763148],[-104.19987398,22.45630689],[-104.195743,22.46220402],[-104.18498052,22.46462206],[-104.18572954,22.47141271],[-104.18635814,22.47178645],[-104.18703523,22.46984323],[-104.18995692,22.46825249],[-104.19729708,22.47712228],[-104.20491651,22.47190782],[-104.19887403,22.48045731],[-104.20118609,22.48301783],[-104.21129377,22.48141403],[-104.214828,22.48416149],[-104.20169986,22.48695878],[-104.19022998,22.50761152],[-104.17805471,22.50529605],[-104.163163,22.51444354],[-104.15835346,22.50932508],[-104.15661165,22.51521334],[-104.15040714,22.51627591],[-104.14309114,22.50465148],[-104.11350892,22.49660986],[-104.11256608,22.50923428],[-104.12038102,22.51748469],[-104.10658062,22.52325294],[-104.10270718,22.53144692],[-104.0771602,22.53178177],[-104.06879525,22.52199968],[-104.0741552,22.51566226],[-104.06938109,22.50901712],[-104.07171365,22.50300214],[-104.05659262,22.49279928],[-104.05157471,22.46674777],[-104.06224103,22.45127731],[-104.05767285,22.44757226],[-104.06356562,22.44126246],[-104.061637,22.42580008],[-104.07127911,22.4222426],[-104.07681797,22.40718842],[-104.08101346,22.38977802],[-104.07693014,22.3796454],[-104.08441272,22.37445106],[-104.09216262,22.37836905],[-104.09719438,22.37145234],[-104.09416086,22.35504795],[-104.07530998,22.36439032],[-104.06747548,22.36140685],[-104.04875282,22.37644462],[-104.0151338,22.36481289],[-104.01268311,22.37854989],[-104.00325094,22.38992982],[-104.00590629,22.40868369],[-103.98639206,22.41483294],[-103.98500422,22.423081],[-103.97646911,22.42725698],[-103.97556486,22.43619165],[-103.96057011,22.43317915],[-103.95865975,22.45108518],[-103.94932772,22.46179169],[-103.93795302,22.46275546],[-103.93848038,22.46973186],[-103.93344308,22.47120042],[-103.93779078,22.47520345],[-103.92944208,22.47512375],[-103.9398082,22.4889394],[-103.93308155,22.4890928],[-103.93807466,22.49541648],[-103.93441111,22.49992214],[-103.94994135,22.50287085],[-103.95004112,22.50888729],[-103.95636331,22.50455366],[-103.96341102,22.50804048],[-103.96619678,22.51722591],[-103.98064874,22.51510268],[-103.98028831,22.51903775],[-103.99125623,22.52326651],[-103.98722749,22.52884135],[-103.99976292,22.53075683],[-104.00557083,22.53660028],[-103.99888117,22.54360368],[-103.98009457,22.54061715],[-103.97233212,22.54511363],[-104.00083898,22.56677512],[-103.99017417,22.57304152],[-103.98998582,22.58248558],[-103.98328602,22.58547172],[-103.98622198,22.59090174],[-104.0180656,22.59698874],[-104.02700563,22.61317815],[-104.02594763,22.62422558],[-104.03329432,22.63410923],[-104.024758,22.65302282],[-104.01950674,22.65264875],[-104.01550888,22.66891066],[-104.03083114,22.67905982],[-104.03365342,22.67070403],[-104.04326677,22.67189349],[-104.05481037,22.67842052],[-104.04688782,22.68180792],[-104.04896357,22.68714282],[-104.06919228,22.69006206],[-104.07362274,22.69695311],[-104.0690306,22.70124575],[-104.05916422,22.69206366],[-104.06415097,22.70696306],[-104.05107206,22.70782448],[-104.04774766,22.7121514],[-104.05591151,22.7239782],[-104.0369834,22.7296166],[-104.02569052,22.74327815],[-103.99192675,22.74800157],[-103.98910722,22.74184188],[-103.97711652,22.74715469],[-103.97201106,22.74164866],[-103.96941045,22.74669191],[-103.9466954,22.74574075],[-103.94038382,22.75024594],[-103.93373951,22.74604723]]]]}},{"type":"Feature","properties":{"state":"México","official_state_name":"México","state_code_inegi":"15","postal_range":"50-57","postal_codes":["50","51","52","53","54","55","56","57"],"question_count":8,"question_01":"50","question_02":"51","question_03":"52","question_04":"53","question_05":"54","question_06":"55","question_07":"56","question_08":"57"},"geometry":{"type":"Polygon","coordinates":[[[-99.91236794,20.28562618],[-99.85910642,20.26847055],[-99.85954143,20.26462834],[-99.8418896,20.28188142],[-99.79041831,20.2379942],[-99.788067951,20.230034925],[-99.79523814,20.22774129],[-99.740336251,20.177957004],[-99.71937185,20.16713798],[-99.710683539,20.166227081],[-99.700951078,20.172664262],[-99.68752425,20.17118754],[-99.68164425,20.17032654],[-99.67694891,20.16247046],[-99.66939737,20.17929875],[-99.659726618,20.18082054],[-99.655077229,20.16308991],[-99.64099046,20.16422918],[-99.6306024,20.14569445],[-99.59956088,20.16967337],[-99.57626355,20.1620916],[-99.57141683,20.17021768],[-99.550664629,20.17139169],[-99.548287548,20.16313174],[-99.53349445,20.16205802],[-99.52868077,20.16358354],[-99.5259266,20.17329557],[-99.512240249,20.17510017],[-99.501830849,20.15328658],[-99.51671065,20.15035155],[-99.518128199,20.14566666],[-99.48349686,20.100969771],[-99.48100857,20.08219789],[-99.45975871,20.065457341],[-99.43685292,20.001299051],[-99.445495569,19.991227891],[-99.444664659,19.984753741],[-99.4551446,19.979724481],[-99.450243599,19.964246891],[-99.458715319,19.966517691],[-99.477764939,19.960566401],[-99.473622569,19.954443941],[-99.48398148,19.905176521],[-99.463880569,19.892596221],[-99.4359332,19.903129151],[-99.445208289,19.884321061],[-99.43041452,19.870879181],[-99.4267814,19.874997023],[-99.420987569,19.85512237],[-99.414991769,19.850526631],[-99.39175175,19.859917541],[-99.373249909,19.851541851],[-99.376970858,19.844953164],[-99.374391549,19.837914381],[-99.381373939,19.831386431],[-99.38672211,19.813032021],[-99.38644243,19.804442631],[-99.377540429,19.796453401],[-99.38811992,19.791722601],[-99.390331019,19.785733547],[-99.38117186,19.784054401],[-99.38788358,19.77791318],[-99.38244518,19.771204061],[-99.37061022,19.781844551],[-99.35779095,19.78156826],[-99.352424979,19.775867721],[-99.34456045,19.779454521],[-99.34573515,19.793128251],[-99.340309379,19.79431625],[-99.33865391,19.80202825],[-99.325581739,19.793095491],[-99.30660052,19.79769371],[-99.31267425,19.805228171],[-99.30690518,19.812976121],[-99.31192295,19.814162491],[-99.29694378,19.83522225],[-99.27871892,19.840409401],[-99.269468719,19.859555281],[-99.247960819,19.859785451],[-99.241430339,19.875262111],[-99.22829969,19.8750468],[-99.217467089,19.89142363],[-99.22392522,19.9019984],[-99.22019705,19.90238975],[-99.21915789,19.91139025],[-99.21072903,19.91447472],[-99.20560277,19.92750074],[-99.20921565,19.93243598],[-99.21151906,19.92428843],[-99.218572541,19.927241911],[-99.22776105,19.95106812],[-99.21539443,19.95461442],[-99.212504909,19.965539521],[-99.19751042,19.97589337],[-99.196919059,19.9848266],[-99.18920572,19.98481955],[-99.190052649,19.993963291],[-99.18321622,19.99009951],[-99.17721734,19.99313889],[-99.18000149,19.99808878],[-99.16787278,20.00351277],[-99.16737418,20.01287349],[-99.16136617,20.01242612],[-99.15932083,20.01702812],[-99.15860312,20.02718771],[-99.085449969,20.032487921],[-99.078323949,20.018299601],[-99.063840859,20.014194351],[-99.06756048,19.9849894],[-99.05957574,19.97399582],[-99.058500779,19.988404771],[-99.047648149,19.99516028],[-99.052211579,20.001340831],[-99.04943031,20.007697111],[-99.03134289,20.014853631],[-99.02742291,20.001648181],[-99.031937459,19.99663415],[-99.034512969,19.971771781],[-99.02765582,19.964558621],[-99.004120109,19.964952111],[-99.00754749,19.979163341],[-99.014237799,19.97772365],[-99.013094939,19.985013181],[-99.02155471,19.987005231],[-99.01333846,19.99765314],[-99.01328075,20.010925231],[-99.0052668,20.028944051],[-99.010497539,20.035479371],[-99.00564429,20.05320451],[-98.999198049,20.054166201],[-98.98897789,20.068261921],[-98.986852579,20.06120986],[-98.95868769,20.039565401],[-98.96397657,20.031237691],[-98.946654649,20.027475091],[-98.94273049,19.97907309],[-98.94854935,19.97401846],[-98.96621946,19.97399508],[-98.98117572,19.9547214],[-98.995622819,19.956891721],[-98.999778509,19.94182502],[-98.98469075,19.94631802],[-98.98316475,19.938612831],[-98.968333019,19.933809081],[-98.96044457,19.92505811],[-98.956112429,19.928183551],[-98.9527226,19.906714571],[-98.956829169,19.905600831],[-98.955058749,19.896396481],[-98.9614464,19.89364071],[-98.953546939,19.88853989],[-98.955975454,19.88516673],[-98.966005969,19.891656801],[-99.02058115,19.86768266],[-99.00015171,19.834179181],[-99.008200719,19.828402061],[-98.95539945,19.79883032],[-98.950042399,19.79964129],[-98.927631519,19.843392681],[-98.9163232,19.839332281],[-98.90601609,19.84512954],[-98.902977939,19.859305511],[-98.908788779,19.857124971],[-98.90520322,19.8635438],[-98.91748098,19.86923318],[-98.9118248,19.881017261],[-98.90411752,19.88757995],[-98.89826971,19.883605341],[-98.89588994,19.895707571],[-98.88316208,19.90152875],[-98.86589594,19.89258689],[-98.85583002,19.90428015],[-98.84095155,19.89230886],[-98.84403368,19.88198826],[-98.79517248,19.85641469],[-98.78972154,19.86188685],[-98.79392682,19.87208409],[-98.78057412,19.88354055],[-98.76145097,19.87490238],[-98.75235629,19.87698171],[-98.73917285,19.87255951],[-98.73884432,19.86723498],[-98.71854337,19.86233731],[-98.71282066,19.85380192],[-98.69912665,19.85841986],[-98.68536755,19.85054897],[-98.68084465,19.86065148],[-98.67265892,19.86283462],[-98.67183974,19.85365914],[-98.69764125,19.83211482],[-98.67587542,19.81318435],[-98.67247718,19.81672338],[-98.67479218,19.8323962],[-98.66081486,19.83503142],[-98.63990311,19.81196445],[-98.63878785,19.80076963],[-98.62356192,19.79388869],[-98.62526105,19.78518252],[-98.61223371,19.78636842],[-98.61166368,19.77412895],[-98.59686666,19.76583975],[-98.60810171,19.72507503],[-98.61589903,19.72948295],[-98.63292434,19.72223586],[-98.63079325,19.70470442],[-98.6239154,19.69640805],[-98.63223711,19.67452635],[-98.63989709,19.67108311],[-98.61967057,19.66116392],[-98.64381414,19.6488378],[-98.65310666,19.654315],[-98.65554583,19.65047226],[-98.66643598,19.66226788],[-98.67005482,19.65867614],[-98.6676314,19.64435562],[-98.67239572,19.62514757],[-98.6617466,19.610113],[-98.67008463,19.59848305],[-98.68137995,19.59828494],[-98.681512459,19.58792022],[-98.692431999,19.58587949],[-98.689110169,19.57685943],[-98.694806829,19.57064192],[-98.701268279,19.57094425],[-98.708398579,19.54759969],[-98.701610769,19.54581363],[-98.700021109,19.53131177],[-98.681912399,19.51801071],[-98.674863449,19.49804354],[-98.660397709,19.48550246],[-98.661021859,19.47843312],[-98.65322655,19.46598623],[-98.6614352,19.45809035],[-98.63482205,19.43124188],[-98.63707191,19.42596715],[-98.65020317,19.43463885],[-98.64875749,19.43159315],[-98.66017837,19.43209357],[-98.65634849,19.42209257],[-98.66284795,19.40299825],[-98.65713703,19.3970782],[-98.65554271,19.37345234],[-98.65058558,19.36464763],[-98.64039592,19.36471623],[-98.63807978,19.358911],[-98.64430568,19.35823146],[-98.64447926,19.35199998],[-98.66058797,19.35173638],[-98.66347589,19.32479238],[-98.62752488,19.25775917],[-98.6435712,19.23872986],[-98.64702238,19.18482789],[-98.63533871,19.14703234],[-98.63891618,19.15059915],[-98.64065706,19.12545574],[-98.626968,19.12476348],[-98.62548935,19.11957198],[-98.63255932,19.10060691],[-98.62589249,19.08937646],[-98.63929817,19.07744049],[-98.62347052,19.06638177],[-98.63110262,19.05964654],[-98.62696912,19.04982878],[-98.62978822,19.04360298],[-98.61987463,19.03505957],[-98.62927386,19.01708678],[-98.66447448,19.00355686],[-98.69020972,18.96658832],[-98.71403711,18.94303234],[-98.73335188,18.94571212],[-98.780892308,18.939842046],[-98.78611495,18.94290095],[-98.79208028,18.93533988],[-98.81685268,18.94326254],[-98.82645055,18.95669088],[-98.83589088,18.95015177],[-98.85947965,18.96477794],[-98.85733335,18.97459191],[-98.87000552,18.9905104],[-98.86809854,19.00246889],[-98.87405917,19.01040385],[-98.87102643,19.02539315],[-98.8881668,19.03691989],[-98.90338978,19.03848289],[-98.9170606,19.05942495],[-98.91559817,19.06405728],[-98.94434755,19.06973442],[-98.95777855,19.06029449],[-98.9789954,19.07445595],[-98.96572148,19.08586117],[-98.95906351,19.10427795],[-98.95750748,19.12238322],[-98.96645594,19.14387051],[-98.95462631,19.14952435],[-98.9673664,19.16443869],[-98.95238565,19.16863762],[-98.96769389,19.18974308],[-98.96852792,19.210571081],[-98.95108554,19.21818371],[-98.94255322,19.21561486],[-98.94030282,19.22323965],[-98.96858651,19.23221795],[-98.96598688,19.249941],[-98.97653063,19.25312538],[-98.967223924,19.305969336],[-98.957902629,19.323227621],[-98.994556659,19.358141321],[-98.991939178,19.36759871],[-99.05813572,19.40069215],[-99.05519643,19.42427337],[-99.046459066,19.442364562],[-99.06799134,19.48908322],[-99.06386254,19.498778711],[-99.09739952,19.51263125],[-99.11440711,19.51106082],[-99.12589849,19.52120818],[-99.1305746,19.53609129],[-99.10809722,19.564888491],[-99.11788785,19.59059231],[-99.12370609,19.59275728],[-99.13376085,19.58624363],[-99.14918592,19.56201285],[-99.158095519,19.55735134],[-99.1609,19.54926088],[-99.15108489,19.54484571],[-99.15851348,19.53392103],[-99.15679812,19.52809077],[-99.17601146,19.53203605],[-99.17704574,19.52932848],[-99.1629752,19.51796149],[-99.15718111,19.50284889],[-99.20467165,19.51513597],[-99.20925754,19.51240902],[-99.22111506,19.47506848],[-99.20717365,19.46956812],[-99.21997278,19.45288014],[-99.21813295,19.444111831],[-99.229627479,19.437374664],[-99.22232829,19.426945621],[-99.23730471,19.41235962],[-99.25697935,19.400431691],[-99.25813005,19.404763481],[-99.261717933,19.395988936],[-99.29558729,19.36907729],[-99.30123157,19.36970045],[-99.30348343,19.37783003],[-99.31308765,19.37044874],[-99.31954278,19.36361805],[-99.318134019,19.35815642],[-99.32848442,19.35309238],[-99.33384208,19.3305904],[-99.35660785,19.3066758],[-99.34998526,19.29683718],[-99.35349778,19.29740185],[-99.35149209,19.29415238],[-99.3649242,19.27776925],[-99.33915989,19.26769715],[-99.34234097,19.2411224],[-99.31534335,19.22919649],[-99.31624975,19.22150168],[-99.30713554,19.21372846],[-99.28760525,19.14660057],[-99.27869522,19.13170172],[-99.29507791,19.12293151],[-99.318318979,19.08741683],[-99.317696449,19.05338537],[-99.308570249,19.04030135],[-99.317491719,19.04012585],[-99.318906369,19.03106871],[-99.31175782,19.02465008],[-99.318572349,19.020305461],[-99.319670449,19.01127169],[-99.308467829,18.994005491],[-99.308716399,18.958797741],[-99.317162799,18.94000014],[-99.320995769,18.94322472],[-99.337904849,18.93239909],[-99.344201109,18.918667421],[-99.36703683,18.89399878],[-99.373128319,18.898629801],[-99.406653629,18.895187751],[-99.410957019,18.878183861],[-99.42935452,18.87756929],[-99.43099891,18.865747121],[-99.42443411,18.860279981],[-99.432259199,18.857813691],[-99.43219571,18.85351798],[-99.42588877,18.826432971],[-99.450971739,18.77251995],[-99.463318739,18.76718654],[-99.4672442,18.75189288],[-99.49387022,18.72082109],[-99.50452977,18.71170342],[-99.52234291,18.7074306],[-99.53643492,18.69375111],[-99.56978155,18.70551094],[-99.58169086,18.72174758],[-99.57972025,18.73517863],[-99.58990892,18.73930722],[-99.60574102,18.74062762],[-99.61429806,18.73612108],[-99.62286606,18.73983891],[-99.62112075,18.72593278],[-99.63090775,18.72055223],[-99.63688332,18.72663846],[-99.63832103,18.73732814],[-99.64874045,18.74318618],[-99.66145586,18.77130546],[-99.69721551,18.78633611],[-99.69473546,18.77677228],[-99.709157889,18.768838881],[-99.68187109,18.735951341],[-99.684181849,18.733182541],[-99.67197238,18.71350394],[-99.67956405,18.711333291],[-99.704728649,18.73493252],[-99.737031399,18.739832511],[-99.740680319,18.73649774],[-99.73909765,18.72827911],[-99.75829577,18.71127558],[-99.75490034,18.697387091],[-99.77242275,18.686197401],[-99.77434734,18.67458637],[-99.78430558,18.6623356],[-99.78032271,18.65408977],[-99.78457831,18.65108894],[-99.78331555,18.64236635],[-99.79300475,18.63065763],[-99.81251752,18.64085791],[-99.81655875,18.62500343],[-99.83048055,18.62756909],[-99.84835952,18.62025883],[-99.84914006,18.61254991],[-99.84471992,18.60852509],[-99.84761808,18.6054904],[-99.8637414,18.61786203],[-99.86893925,18.61469822],[-99.88846285,18.61866305],[-99.90700145,18.60182097],[-99.94716185,18.58794057],[-99.95296055,18.57250517],[-99.96057458,18.56733869],[-99.96167226,18.55297891],[-99.98969491,18.56970215],[-100.00160337,18.56393006],[-99.99930085,18.58357837],[-100.02496363,18.60686675],[-100.03356965,18.60617348],[-100.03757928,18.59658994],[-100.06359594,18.58550392],[-100.07175498,18.59369149],[-100.08241383,18.58794983],[-100.07073151,18.58281634],[-100.06888634,18.56444065],[-100.08533517,18.53861552],[-100.08995114,18.52216078],[-100.10450952,18.52401222],[-100.12267729,18.51649455],[-100.11797546,18.51371122],[-100.1224578,18.5101818],[-100.11851554,18.50596214],[-100.12801218,18.50780309],[-100.12696342,18.50264323],[-100.13217455,18.49996398],[-100.13618334,18.50612408],[-100.14519038,18.49804314],[-100.14559151,18.48802192],[-100.15877,18.49181962],[-100.15754726,18.48681055],[-100.16617829,18.48650094],[-100.165336,18.47971363],[-100.17420298,18.48168134],[-100.17198383,18.47151415],[-100.18236814,18.46812154],[-100.18063066,18.4640918],[-100.18805771,18.45909186],[-100.18573625,18.45510723],[-100.20013965,18.45669451],[-100.19919622,18.45193508],[-100.20865577,18.44122932],[-100.20871123,18.44915938],[-100.217076089,18.445923691],[-100.22702642,18.43085585],[-100.23153566,18.43193831],[-100.2339688,18.42371565],[-100.23426891,18.42617966],[-100.23801432,18.425218721],[-100.236399649,18.41677177],[-100.245565219,18.41871975],[-100.24828383,18.42676258],[-100.25951991,18.42743269],[-100.25902502,18.41835348],[-100.26296774,18.41778291],[-100.261145259,18.41285017],[-100.265584139,18.412178711],[-100.26949652,18.399905181],[-100.270891519,18.373732461],[-100.27668866,18.37208037],[-100.27877123,18.38079178],[-100.28383143,18.37786088],[-100.29197828,18.38160592],[-100.303753169,18.36701722],[-100.315639,18.381397621],[-100.34614129,18.40031449],[-100.35944132,18.42346186],[-100.38535698,18.42652414],[-100.38029988,18.45566177],[-100.367491489,18.47538312],[-100.362003179,18.49684723],[-100.37370129,18.52911385],[-100.38237852,18.53734329],[-100.39595369,18.54052009],[-100.40591522,18.53354989],[-100.41136792,18.52073969],[-100.42909695,18.51004806],[-100.4493616,18.55656137],[-100.43685111,18.58524292],[-100.43693697,18.59647486],[-100.42973331,18.59927322],[-100.44650903,18.62246523],[-100.47428932,18.61921612],[-100.47639272,18.63008969],[-100.48702769,18.64035165],[-100.48841632,18.65319111],[-100.47777168,18.67298354],[-100.4783372,18.68686478],[-100.45447494,18.69441772],[-100.44713332,18.70157505],[-100.45037355,18.71604808],[-100.44428971,18.72311105],[-100.43713043,18.75055525],[-100.41808522,18.75951408],[-100.427758219,18.76661852],[-100.43063375,18.78324845],[-100.44093554,18.78188122],[-100.44181495,18.77652743],[-100.45103542,18.78279309],[-100.45600435,18.77787815],[-100.45939165,18.79689269],[-100.48177022,18.79865165],[-100.49028505,18.78930305],[-100.49761486,18.80596069],[-100.48988195,18.81037854],[-100.49348271,18.82391672],[-100.50216998,18.8308654],[-100.51396315,18.82931226],[-100.53861989,18.84411065],[-100.53795385,18.8361834],[-100.54111203,18.83672928],[-100.55179423,18.84554646],[-100.58549378,18.85876586],[-100.59746866,18.87618185],[-100.60517678,18.87568172],[-100.61289735,18.89345451],[-100.60048297,18.89285149],[-100.60410663,18.89938275],[-100.58938917,18.90811632],[-100.59323688,18.91527942],[-100.58540985,18.9113094],[-100.57423546,18.91453302],[-100.57594762,18.92287354],[-100.56519568,18.91768985],[-100.56878231,18.92168469],[-100.56385643,18.9237632],[-100.56199352,18.93281471],[-100.54378586,18.93470371],[-100.54971089,18.94642017],[-100.54667083,18.96419457],[-100.53339672,18.96439698],[-100.53772054,18.98418512],[-100.53022251,18.9870282],[-100.53016412,18.99415229],[-100.5232404,18.99363389],[-100.52985278,19.00933122],[-100.51937215,19.01208445],[-100.51415951,19.00835451],[-100.49528098,19.02201525],[-100.4843358,19.02102542],[-100.48514626,19.02772406],[-100.47913912,19.02615286],[-100.47711394,19.03414749],[-100.4686742,19.02908531],[-100.46129086,19.03147557],[-100.45115772,19.04776869],[-100.44559308,19.04543518],[-100.44712635,19.05202317],[-100.43618889,19.05788602],[-100.43144649,19.05492057],[-100.43173825,19.06072698],[-100.42046966,19.06096197],[-100.41976855,19.06594362],[-100.41082723,19.06359508],[-100.40679862,19.08050609],[-100.41067571,19.08401755],[-100.40294797,19.1038006],[-100.40665778,19.10589395],[-100.39515831,19.11790578],[-100.38948229,19.14291286],[-100.37970785,19.15146308],[-100.36665258,19.14970809],[-100.36159114,19.154706828],[-100.37819148,19.171100048],[-100.37110594,19.177496688],[-100.37308512,19.194171968],[-100.33125508,19.23046494],[-100.31988334,19.25299154],[-100.32048585,19.28029312],[-100.31530954,19.28741665],[-100.32006528,19.2909334],[-100.31309786,19.29725854],[-100.32326506,19.30680325],[-100.31995929,19.31623022],[-100.30682137,19.32282397],[-100.30693545,19.33824295],[-100.30073063,19.34274428],[-100.31111186,19.35322422],[-100.31237446,19.36236112],[-100.29437443,19.38092857],[-100.29309412,19.39512886],[-100.26767325,19.40257282],[-100.23742517,19.40351226],[-100.21594203,19.4134212],[-100.20207738,19.43201952],[-100.18987262,19.43970405],[-100.19887114,19.4524136],[-100.20608792,19.45446618],[-100.20643778,19.47037023],[-100.201865,19.47551025],[-100.20097975,19.49279171],[-100.17982091,19.48831477],[-100.17769418,19.49262475],[-100.18488365,19.49883515],[-100.20193952,19.49952826],[-100.20185052,19.52293185],[-100.19642668,19.53173311],[-100.2104894,19.54205288],[-100.21469631,19.5527654],[-100.22514969,19.55793088],[-100.23747632,19.5572188],[-100.25213925,19.61749795],[-100.24751922,19.634512771],[-100.27398972,19.67225128],[-100.26751689,19.67723342],[-100.26386948,19.69579045],[-100.25814895,19.69487942],[-100.25851571,19.700195681],[-100.24369666,19.70479322],[-100.23413637,19.72003623],[-100.22580268,19.71715805],[-100.23176949,19.71055017],[-100.22948998,19.70220575],[-100.20415,19.70462335],[-100.19223506,19.70163774],[-100.19211206,19.69713778],[-100.18600622,19.71297225],[-100.17005346,19.71294709],[-100.16933972,19.70773911],[-100.15562258,19.721955],[-100.15976458,19.72605054],[-100.14818575,19.7282152],[-100.14340778,19.74953932],[-100.144756059,19.76431391],[-100.14932849,19.76678522],[-100.14186485,19.78738832],[-100.14694078,19.79796465],[-100.14288529,19.80352385],[-100.14669651,19.81284811],[-100.13148714,19.85201386],[-100.12290986,19.85690352],[-100.10204783,19.85399258],[-100.09485363,19.860426981],[-100.063032819,19.85580863],[-100.064704999,19.86282312],[-100.10241977,19.87971018],[-100.11916875,19.91210022],[-100.13012249,19.91619305],[-100.13139412,19.98200186],[-100.11602355,20.00612971],[-100.1252402,20.01217515],[-100.14448742,20.00520489],[-100.15507772,20.00744063],[-100.15865698,20.03576988],[-100.15454246,20.03508769],[-100.153320169,20.05367406],[-100.14715851,20.055325221],[-100.139656859,20.04313106],[-100.12025205,20.03891169],[-100.10549623,20.0267442],[-100.09134325,20.02425957],[-100.08881794,20.01501829],[-100.08134077,20.02885025],[-100.06562643,20.03135914],[-100.06172582,20.03879054],[-100.04379797,20.03656622],[-100.027616,20.05657708],[-100.00563977,20.06420051],[-100.00035234,20.0774804],[-99.97846822,20.07404545],[-99.98019265,20.05914745],[-99.92633742,20.06433068],[-99.92376685,20.08413468],[-99.93605134,20.09906075],[-99.94220645,20.12010034],[-99.9391746,20.13529203],[-99.93075372,20.14313189],[-99.93757654,20.15297326],[-99.93621277,20.162523034],[-99.9271756,20.15714154],[-99.92190282,20.15873997],[-99.93520622,20.16525345],[-99.9323452,20.17401203],[-99.94118309,20.1790152],[-99.93713525,20.18173177],[-99.94707117,20.18450808],[-99.94633597,20.18924291],[-99.965229819,20.201157511],[-99.964503569,20.21629786],[-99.969888769,20.21844778],[-99.975697749,20.232329121],[-99.973298889,20.23685803],[-99.97826618,20.23890334],[-99.98087446,20.25307203],[-99.98646355,20.25706769],[-99.98118392,20.27137034],[-99.97681366,20.27225668],[-99.97420034,20.26280392],[-99.95626023,20.24842197],[-99.95093302,20.21590351],[-99.91841458,20.21178845],[-99.92238151,20.23113948],[-99.92856566,20.23295851],[-99.93408083,20.24999149],[-99.92846695,20.25022114],[-99.92955045,20.26845766],[-99.91236794,20.28562618]]]}},{"type":"Feature","properties":{"state":"Michoacán","official_state_name":"Michoacán de Ocampo","state_code_inegi":"16","postal_range":"58-61","postal_codes":["58","59","60","61"],"question_count":4,"question_01":"58","question_02":"59","question_03":"60","question_04":"61"},"geometry":{"type":"Polygon","coordinates":[[[-102.014931742,20.394468016],[-102.01006405,20.381856318],[-102.021826649,20.362983692],[-102.02523491,20.3479816],[-102.01730597,20.3417666],[-102.01579712,20.32930006],[-102.00771522,20.32658609],[-102.00493191,20.33244725],[-102.01370246,20.35063208],[-101.99639003,20.35964322],[-101.96899069,20.36025975],[-101.9623372,20.34468946],[-101.94471717,20.34212885],[-101.9473174,20.33097594],[-101.96347163,20.31855742],[-101.94895771,20.3151074],[-101.95001642,20.31148055],[-101.95626389,20.31293335],[-101.95991889,20.30513594],[-101.94954068,20.2984226],[-101.9345474,20.297691461],[-101.94714257,20.28636158],[-101.93686168,20.28146108],[-101.95118428,20.27158257],[-101.94359445,20.26777154],[-101.94494489,20.25507742],[-101.93217165,20.24373791],[-101.93812932,20.24138292],[-101.93987263,20.22708175],[-101.93234657,20.22588908],[-101.92825162,20.21727762],[-101.9306028,20.20812126],[-101.91778049,20.2193314],[-101.90793882,20.21515295],[-101.909338,20.20340458],[-101.91566334,20.20669972],[-101.91789728,20.19507732],[-101.909991,20.19383146],[-101.90470737,20.20300769],[-101.89302198,20.20377723],[-101.88619677,20.19552742],[-101.888114,20.18839334],[-101.87919445,20.18918151],[-101.88142863,20.19999754],[-101.87202985,20.20442983],[-101.87159811,20.21098885],[-101.85605298,20.2119006],[-101.83386618,20.2247904],[-101.81964611,20.20866552],[-101.82486072,20.2018376],[-101.80911682,20.2043802],[-101.8038346,20.21434249],[-101.79933426,20.21091466],[-101.78661568,20.21931845],[-101.78230885,20.21075143],[-101.75939177,20.20173191],[-101.74351492,20.20391238],[-101.731199,20.21480231],[-101.72594034,20.20561797],[-101.71062162,20.20530598],[-101.70387078,20.1904396],[-101.69793489,20.18967437],[-101.69039408,20.19681698],[-101.69269395,20.20727909],[-101.68691675,20.21722105],[-101.67812338,20.218881828],[-101.66847437,20.21313514],[-101.66330802,20.23757998],[-101.65457717,20.24349646],[-101.64625232,20.23866805],[-101.64401682,20.24716571],[-101.65092646,20.25348402],[-101.64252065,20.26764638],[-101.63883772,20.26581578],[-101.63436809,20.2711818],[-101.63203415,20.26478866],[-101.625534,20.26699769],[-101.62396914,20.27610835],[-101.63492083,20.28896745],[-101.62842845,20.29592368],[-101.62465428,20.31458038],[-101.604685,20.3094244],[-101.60567908,20.29977069],[-101.60107414,20.298018541],[-101.600932849,20.310052741],[-101.58924478,20.309601821],[-101.58309772,20.32735982],[-101.56578214,20.31574095],[-101.55326571,20.3325158],[-101.53781034,20.32437525],[-101.52939168,20.33258737],[-101.52293609,20.33234695],[-101.52415646,20.32123083],[-101.51417554,20.31791177],[-101.50288232,20.3248766],[-101.50106823,20.31167254],[-101.49324158,20.31400555],[-101.48022728,20.33017448],[-101.46491005,20.32901083],[-101.45682305,20.31926509],[-101.45094222,20.31949832],[-101.45492454,20.31785072],[-101.45669662,20.30437048],[-101.44019705,20.30519282],[-101.44972297,20.29822892],[-101.44498465,20.28972543],[-101.45717072,20.28514209],[-101.45593046,20.26716968],[-101.43685731,20.26378532],[-101.43548211,20.27738083],[-101.42056248,20.27520392],[-101.41559131,20.26475874],[-101.40647732,20.26363075],[-101.39532438,20.24854934],[-101.36051948,20.24905574],[-101.35261809,20.2349322],[-101.36319817,20.19579442],[-101.40560172,20.20332298],[-101.41989112,20.20159058],[-101.42249825,20.16322632],[-101.4164706,20.16167578],[-101.40360375,20.14211649],[-101.39237495,20.14402892],[-101.389376,20.13486377],[-101.39100772,20.12712072],[-101.40868905,20.12313383],[-101.40432632,20.10679092],[-101.40834195,20.10263265],[-101.40324918,20.10015632],[-101.40469589,20.08019518],[-101.38751315,20.08296125],[-101.39544668,20.06995982],[-101.39427778,20.05291182],[-101.40260805,20.04703046],[-101.40168028,20.03500905],[-101.38813622,20.03040988],[-101.37494654,20.04042886],[-101.33403925,20.03152275],[-101.29645952,20.03864478],[-101.28097218,20.02754406],[-101.25303054,20.03549608],[-101.25076555,20.02326403],[-101.23834597,20.03211855],[-101.22072632,20.01143628],[-101.20305551,20.00722415],[-101.20153182,20.02573855],[-101.18229477,20.02686108],[-101.16035151,20.04020015],[-101.16390083,20.045918],[-101.1666404,20.04246568],[-101.18137017,20.05337194],[-101.19631846,20.05718855],[-101.17908465,20.06243385],[-101.17161977,20.07345172],[-101.16966008,20.08230814],[-101.17523717,20.09711631],[-101.16519111,20.08716297],[-101.15437109,20.08502966],[-101.13314708,20.05998466],[-101.11392208,20.07723329],[-101.079967859,20.082816051],[-101.07485962,20.08838818],[-101.04290109,20.09195417],[-101.02135266,20.08694475],[-100.99271515,20.06448966],[-101.01398657,20.04571129],[-101.01270154,20.03775812],[-101.00356662,20.037964],[-101.00808918,20.02809318],[-100.98785365,20.02691786],[-100.96733468,20.00991434],[-100.97277972,20.00208895],[-100.98270078,20.00263065],[-100.97670925,19.98273845],[-101.00458282,19.96658983],[-101.00344269,19.95355626],[-100.98198468,19.95605812],[-100.97661634,19.93533875],[-100.96441002,19.92827471],[-100.94787935,19.93356306],[-100.94753938,19.96254523],[-100.932581889,19.953490851],[-100.90601108,19.96158268],[-100.8826128,19.94392626],[-100.86028595,19.94894297],[-100.85301288,19.94165094],[-100.854524,19.93491414],[-100.83576183,19.93459643],[-100.83022682,19.95413429],[-100.83286912,19.97239532],[-100.824301449,19.97832909],[-100.80220934,19.958340049],[-100.792063939,19.9555748],[-100.778813619,19.91514969],[-100.753504351,19.91712449],[-100.748752781,19.912750181],[-100.718817351,19.94051937],[-100.68064849,19.950463151],[-100.66038134,19.96454834],[-100.648869,19.95800122],[-100.61757338,19.95769255],[-100.60612431,19.98217926],[-100.59560331,19.99166202],[-100.57671014,19.99306078],[-100.55789489,19.99171555],[-100.55678186,19.98529837],[-100.56569886,19.9745312],[-100.58759408,19.97139034],[-100.59307574,19.95828037],[-100.57996515,19.95751498],[-100.56548168,19.96613932],[-100.56011242,19.95910363],[-100.55071702,19.95796597],[-100.53393423,19.96921482],[-100.54063118,19.97492929],[-100.53182334,19.97639449],[-100.5267794,19.96576045],[-100.53600851,19.9230066],[-100.51994645,19.91882005],[-100.52171348,19.92772768],[-100.5118376,19.94222108],[-100.51168709,19.95821609],[-100.49818423,19.9580432],[-100.47359705,19.97233425],[-100.4701702,19.97998351],[-100.46245566,19.97926829],[-100.46582435,19.98739803],[-100.44358388,19.982285],[-100.36293112,19.98986108],[-100.37040326,20.02126558],[-100.36050505,20.02396069],[-100.35927414,20.00974231],[-100.35496966,20.01011958],[-100.3543844,20.02779062],[-100.36204082,20.05343663],[-100.35826368,20.06491646],[-100.38975111,20.08082294],[-100.39725668,20.09695275],[-100.38529154,20.10450558],[-100.39151168,20.12103318],[-100.37088694,20.13618542],[-100.35583669,20.18238594],[-100.34030845,20.18973692],[-100.34596965,20.20097991],[-100.35234251,20.20046088],[-100.35523671,20.21901835],[-100.34351802,20.22896372],[-100.34149857,20.23911318],[-100.32355837,20.25193402],[-100.33106782,20.26676283],[-100.34408772,20.272944263],[-100.35065648,20.28841309],[-100.34583311,20.29800022],[-100.26045665,20.26750994],[-100.24512634,20.25036443],[-100.20715262,20.22942152],[-100.18114402,20.20880054],[-100.18419348,20.18942308],[-100.18841277,20.19422494],[-100.191863849,20.17600008],[-100.20333109,20.17178491],[-100.21332077,20.15683369],[-100.23560355,20.14345858],[-100.19739283,20.12988846],[-100.20294109,20.07664937],[-100.1932158,20.07483045],[-100.17982649,20.08300217],[-100.18308723,20.07385543],[-100.1767356,20.07090948],[-100.1717032,20.07822415],[-100.166841,20.07483528],[-100.1644622,20.07834652],[-100.15720682,20.07068114],[-100.16264042,20.063046],[-100.14710051,20.05766971],[-100.1380788,20.04756443],[-100.13935062,20.04297051],[-100.146911079,20.055171021],[-100.153320169,20.05367406],[-100.15454246,20.03508769],[-100.15865698,20.03576988],[-100.15769503,20.01791486],[-100.15376955,20.00638982],[-100.14448742,20.00520489],[-100.1252402,20.01217515],[-100.11602355,20.00612971],[-100.13139412,19.98200186],[-100.13012249,19.91619305],[-100.11916875,19.91210022],[-100.10241977,19.87971018],[-100.064704999,19.86282312],[-100.063032819,19.85580863],[-100.09485363,19.860426981],[-100.10204783,19.85399258],[-100.12290986,19.85690352],[-100.13148714,19.85201386],[-100.14669651,19.81284811],[-100.14288529,19.80352385],[-100.14694078,19.79796465],[-100.14186485,19.78738832],[-100.14932849,19.76678522],[-100.144756059,19.76431391],[-100.14340778,19.74953932],[-100.14818575,19.7282152],[-100.15976458,19.72605054],[-100.15562258,19.721955],[-100.16933972,19.70773911],[-100.17005346,19.71294709],[-100.18600622,19.71297225],[-100.19025003,19.69818942],[-100.19211206,19.69713778],[-100.19223506,19.70163774],[-100.20415,19.70462335],[-100.22948998,19.70220575],[-100.23176949,19.71055017],[-100.22580268,19.71715805],[-100.23413637,19.72003623],[-100.24369666,19.70479322],[-100.25851571,19.700195681],[-100.25814895,19.69487942],[-100.26386948,19.69579045],[-100.26751689,19.67723342],[-100.27398972,19.67225128],[-100.24751922,19.634512771],[-100.25213925,19.61749795],[-100.23747632,19.5572188],[-100.22514969,19.55793088],[-100.21469631,19.5527654],[-100.2104894,19.54205288],[-100.19642668,19.53173311],[-100.20185052,19.52293185],[-100.20193952,19.49952826],[-100.18488365,19.49883515],[-100.17769418,19.49262475],[-100.17982091,19.48831477],[-100.20097975,19.49279171],[-100.201865,19.47551025],[-100.20643778,19.47037023],[-100.20608792,19.45446618],[-100.19887114,19.4524136],[-100.18987262,19.43970405],[-100.20207738,19.43201952],[-100.21594203,19.4134212],[-100.23742517,19.40351226],[-100.26767325,19.40257282],[-100.29309412,19.39512886],[-100.29437443,19.38092857],[-100.31237446,19.36236112],[-100.31111186,19.35322422],[-100.30073063,19.34274428],[-100.30693545,19.33824295],[-100.30682137,19.32282397],[-100.31995929,19.31623022],[-100.32326506,19.30680325],[-100.31309786,19.29725854],[-100.32006528,19.2909334],[-100.31530954,19.28741665],[-100.32048585,19.28029312],[-100.31988334,19.25299154],[-100.33125508,19.23046494],[-100.37308512,19.194171968],[-100.37110594,19.177496688],[-100.37819148,19.171100048],[-100.36159114,19.154706828],[-100.36665258,19.14970809],[-100.37970785,19.15146308],[-100.38948229,19.14291286],[-100.39515831,19.11790578],[-100.40665778,19.10589395],[-100.40294797,19.1038006],[-100.41067571,19.08401755],[-100.40679862,19.08050609],[-100.41082723,19.06359508],[-100.41976855,19.06594362],[-100.42046966,19.06096197],[-100.43173825,19.06072698],[-100.43144649,19.05492057],[-100.43618889,19.05788602],[-100.44712635,19.05202317],[-100.44559308,19.04543518],[-100.45115772,19.04776869],[-100.46129086,19.03147557],[-100.4686742,19.02908531],[-100.47711394,19.03414749],[-100.47913912,19.02615286],[-100.48514626,19.02772406],[-100.4843358,19.02102542],[-100.49528098,19.02201525],[-100.51415951,19.00835451],[-100.51937215,19.01208445],[-100.52985278,19.00933122],[-100.5232404,18.99363389],[-100.53016412,18.99415229],[-100.53022251,18.9870282],[-100.53772054,18.98418512],[-100.53339672,18.96439698],[-100.54667083,18.96419457],[-100.54971089,18.94642017],[-100.54378586,18.93470371],[-100.56199352,18.93281471],[-100.56385643,18.9237632],[-100.56878231,18.92168469],[-100.56519568,18.91768985],[-100.57594762,18.92287354],[-100.57423546,18.91453302],[-100.58540985,18.9113094],[-100.59323688,18.91527942],[-100.58938917,18.90811632],[-100.60410663,18.89938275],[-100.60048297,18.89285149],[-100.61289735,18.89345451],[-100.61080355,18.8891682],[-100.62036235,18.878504],[-100.62224717,18.86683525],[-100.64083675,18.86590609],[-100.64520195,18.86031766],[-100.64341352,18.84887682],[-100.65170397,18.84794509],[-100.65069237,18.83994028],[-100.65933477,18.83396805],[-100.66608186,18.83425477],[-100.67293297,18.82480497],[-100.66685378,18.81937966],[-100.68000363,18.81722589],[-100.67992757,18.80955525],[-100.68469818,18.80316506],[-100.692039,18.80560608],[-100.69606854,18.79412549],[-100.70583817,18.79640652],[-100.70275557,18.82375974],[-100.71196777,18.82590902],[-100.70956058,18.83584888],[-100.72400525,18.84923538],[-100.73636737,18.85131369],[-100.73683074,18.86050985],[-100.74620235,18.85797935],[-100.74840342,18.86793257],[-100.76393945,18.86687243],[-100.76911518,18.86022923],[-100.77692225,18.85975229],[-100.79177089,18.83416848],[-100.78251752,18.80165351],[-100.79896894,18.78453578],[-100.79015606,18.76144492],[-100.79691198,18.74627017],[-100.78845966,18.74120568],[-100.78178035,18.74510508],[-100.77293518,18.73256771],[-100.78540505,18.69148072],[-100.78352042,18.68702718],[-100.77028262,18.69271023],[-100.76128229,18.67598895],[-100.76551615,18.664164],[-100.75944718,18.65567177],[-100.76010371,18.64163055],[-100.75121282,18.64166672],[-100.76489572,18.56121134],[-100.74422518,18.51807297],[-100.7299912,18.51972372],[-100.70954277,18.49597757],[-100.70747142,18.48823418],[-100.71504118,18.48639702],[-100.704613599,18.483315311],[-100.69779029,18.49064115],[-100.65246286,18.46478812],[-100.6479778,18.4574116],[-100.63724448,18.45774917],[-100.63149212,18.43846965],[-100.5906968,18.41546094],[-100.58863137,18.40923562],[-100.59916449,18.40644011],[-100.5961456,18.39945294],[-100.60966454,18.38723988],[-100.60874138,18.37918952],[-100.626939,18.37565151],[-100.63967518,18.3639184],[-100.64202949,18.34776078],[-100.64586748,18.34614974],[-100.65707557,18.360467312],[-100.676693719,18.37255948],[-100.67495485,18.38362494],[-100.68932348,18.39393935],[-100.69105122,18.41415317],[-100.70703845,18.419],[-100.71634029,18.40087866],[-100.72273026,18.40044938],[-100.73736932,18.42730146],[-100.7513584,18.42577123],[-100.76012765,18.43520365],[-100.77764326,18.43954335],[-100.78573152,18.46351155],[-100.79817758,18.48054112],[-100.83848075,18.47306932],[-100.8591712,18.47838735],[-100.87397543,18.49200878],[-100.89436837,18.46313866],[-100.91451602,18.4717502],[-100.91693626,18.45166122],[-100.92299408,18.44416271],[-100.94275314,18.45507735],[-100.95358755,18.44507834],[-100.9631142,18.44572972],[-100.96677343,18.44992014],[-100.96098197,18.46362829],[-100.96389508,18.47182623],[-100.98466346,18.48908906],[-101.00487551,18.49222448],[-101.01200328,18.52754302],[-101.02092314,18.52294692],[-101.0379678,18.52620603],[-101.07553251,18.51497622],[-101.08866086,18.50590786],[-101.12026862,18.5092568],[-101.13151185,18.51749346],[-101.1427864,18.51053252],[-101.1682136,18.5210244],[-101.19156694,18.51782752],[-101.19628452,18.52638095],[-101.2119006,18.53641725],[-101.23807257,18.53415566],[-101.25932211,18.53953169],[-101.27001466,18.53515835],[-101.28207717,18.54473403],[-101.29896008,18.53312606],[-101.3618772,18.5202178],[-101.3656042,18.49988225],[-101.37858997,18.50984668],[-101.39492228,18.50612662],[-101.40688495,18.51251257],[-101.41758063,18.49754811],[-101.43215494,18.50167643],[-101.44194723,18.48899338],[-101.45742089,18.49735406],[-101.46802192,18.48693552],[-101.47994017,18.49060403],[-101.50648031,18.48669283],[-101.51805532,18.49597949],[-101.53842945,18.49775602],[-101.55035043,18.50970105],[-101.5642424,18.50987097],[-101.58356334,18.52099477],[-101.60508708,18.57459525],[-101.62015866,18.58636328],[-101.62449978,18.59915398],[-101.63899314,18.6025344],[-101.70117585,18.58789338],[-101.71735718,18.6120108],[-101.77179418,18.6037214],[-101.84384443,18.57439574],[-101.85928262,18.55289535],[-101.88225983,18.53422766],[-101.88792518,18.48149525],[-101.86044205,18.44618517],[-101.87375883,18.43748558],[-101.88931614,18.40047323],[-101.87303372,18.38429738],[-101.87405402,18.36834642],[-101.86156695,18.35646797],[-101.86242682,18.34101192],[-101.8708012,18.33176749],[-101.85571614,18.31427555],[-101.87019782,18.30832286],[-101.86269468,18.28722848],[-101.88291574,18.27743714],[-101.86336302,18.26616289],[-101.86324931,18.26165514],[-101.88303877,18.26242388],[-101.89681948,18.27711522],[-101.90712262,18.26118475],[-101.9066474,18.24480785],[-101.92011594,18.24069274],[-101.92797262,18.23161069],[-101.95062705,18.2278286],[-101.97340885,18.23230709],[-101.97778611,18.22715265],[-101.97366157,18.21280635],[-101.97648445,18.20801518],[-102.01905528,18.20211572],[-102.03867717,18.20819631],[-102.05736846,18.19515255],[-102.09414551,18.19490131],[-102.11972977,18.18636495],[-102.14031434,18.18826488],[-102.15064103,18.16988129],[-102.16181818,18.16414825],[-102.16321052,18.14477688],[-102.17871055,18.12034143],[-102.17445089,18.11436826],[-102.17844466,18.07372846],[-102.18434532,18.05948717],[-102.17841098,18.03785168],[-102.18418163,18.02457246],[-102.18015955,17.99890091],[-102.17327503,17.98963682],[-102.13755174,17.96968411],[-102.13298928,17.95083578],[-102.13801283,17.94805422],[-102.137795468,17.935293804],[-102.191775106,17.913368377],[-102.257143454,17.949008786],[-102.309182701,17.969486374],[-102.480420754,18.017365887],[-102.518710012,18.02145842],[-102.611049381,18.048526193],[-102.645378475,18.052699297],[-102.649642184,18.049328563],[-102.673503507,18.059203311],[-102.699239935,18.055135979],[-102.718947583,18.061018007],[-102.725165829,18.070322698],[-102.73845845,18.072454696],[-102.744264334,18.067042849],[-102.74811246,18.07493918],[-102.759134,18.06987591],[-102.763385977,18.077773251],[-102.789674522,18.082864821],[-102.985588425,18.171010134],[-103.013325453,18.176758151],[-103.028361743,18.186746176],[-103.056808642,18.188351151],[-103.062930519,18.194130386],[-103.070082503,18.188953549],[-103.09671343,18.193110944],[-103.109520641,18.190209429],[-103.115792425,18.193222302],[-103.117582808,18.202703343],[-103.129220199,18.205092957],[-103.146603589,18.20034736],[-103.150323639,18.206286305],[-103.169382169,18.211248909],[-103.186281752,18.221822345],[-103.206325136,18.222299849],[-103.206171547,18.228511129],[-103.212325841,18.232035004],[-103.226466922,18.23439502],[-103.235114994,18.230569561],[-103.291839877,18.247124542],[-103.308126842,18.260689242],[-103.339605245,18.270764435],[-103.361391677,18.264551441],[-103.36807942,18.2723378],[-103.37217343,18.27046897],[-103.371562416,18.277246217],[-103.37655503,18.281062996],[-103.38916998,18.279689096],[-103.390015165,18.28514282],[-103.39688249,18.28324874],[-103.397431469,18.289300215],[-103.40378242,18.28638271],[-103.41473234,18.29690282],[-103.493368648,18.328635917],[-103.49454297,18.33633054],[-103.51227249,18.346373151],[-103.513620146,18.362559062],[-103.530063542,18.383293957],[-103.529416594,18.4049543],[-103.54130037,18.431318898],[-103.56114391,18.4553952],[-103.56117166,18.46663983],[-103.58309082,18.50590615],[-103.623275657,18.544735193],[-103.657134435,18.563601464],[-103.66989635,18.57925492],[-103.69485877,18.59201632],[-103.7059364,18.59028189],[-103.71188422,18.59700566],[-103.69940606,18.6017458],[-103.696657193,18.60995675],[-103.69028052,18.61243875],[-103.68620743,18.62863851],[-103.70988568,18.66296015],[-103.737905233,18.684022942],[-103.73798223,18.69407443],[-103.71893031,18.71043149],[-103.70030265,18.75435575],[-103.68543838,18.75729277],[-103.679017,18.77321105],[-103.63797822,18.78320754],[-103.62003102,18.8013832],[-103.62069142,18.82035182],[-103.62619965,18.83097437],[-103.61718726,18.84285134],[-103.64057237,18.86724449],[-103.63028009,18.88532485],[-103.61555611,18.89242088],[-103.6025266,18.88159926],[-103.59629009,18.88394537],[-103.58820782,18.87575066],[-103.58757569,18.86584695],[-103.58234403,18.87562486],[-103.57324414,18.87132789],[-103.56885329,18.8925188],[-103.559625,18.89595569],[-103.55807468,18.90658043],[-103.54148906,18.90966523],[-103.5320448,18.9054346],[-103.52841403,18.91231672],[-103.53362032,18.9270362],[-103.52354832,18.92719894],[-103.51411398,18.93493175],[-103.52231826,18.94851571],[-103.50637,18.94822552],[-103.50291538,18.95778955],[-103.50860145,18.96367132],[-103.49120206,18.95835578],[-103.48748962,18.97162288],[-103.48190155,18.97037912],[-103.48372718,18.97978575],[-103.47214788,18.98508486],[-103.47309551,18.99106671],[-103.46312732,18.97702092],[-103.44186255,18.98353185],[-103.41945272,18.98125069],[-103.41143392,18.96765929],[-103.40717386,18.97152732],[-103.39442111,18.96741463],[-103.37724888,18.98017046],[-103.36317014,18.97662183],[-103.35531494,18.98022552],[-103.33248517,18.97325131],[-103.3048222,18.98579375],[-103.29939672,18.99290554],[-103.28782435,18.99183709],[-103.28218392,18.99970289],[-103.27765992,18.99693325],[-103.2597518,19.00369665],[-103.25791849,19.01174512],[-103.24051425,19.01398091],[-103.22539177,19.02412331],[-103.21739648,19.00353223],[-103.20951885,19.00298665],[-103.21139757,18.99300257],[-103.20321452,18.97849674],[-103.204472,18.96761225],[-103.17336423,18.93626392],[-103.14963345,18.92593788],[-103.12501946,18.93014466],[-103.12362988,18.93761343],[-103.09802571,18.96474785],[-103.0881088,18.98410871],[-103.06622618,18.99626308],[-103.05249957,18.99812542],[-103.06377302,19.00567349],[-103.06669895,19.02226808],[-103.06323851,19.02785408],[-103.05056046,19.03559929],[-103.03324208,19.02911762],[-103.02521426,19.05310385],[-103.01564665,19.04888842],[-102.99083523,19.05337891],[-103.01600568,19.07918531],[-103.01945538,19.10383651],[-103.01202285,19.10919669],[-103.02054022,19.12504848],[-103.01972702,19.13237117],[-103.00445982,19.13757134],[-102.97762271,19.12006091],[-102.97935777,19.15241326],[-102.96268275,19.16576932],[-102.96009609,19.17405589],[-102.95548472,19.16961977],[-102.95229523,19.17656109],[-102.93615095,19.17362498],[-102.93513342,19.18203225],[-102.92743763,19.17726849],[-102.91507263,19.17936711],[-102.8864328,19.20439138],[-102.86537706,19.21128543],[-102.86260197,19.20322963],[-102.84564031,19.19904803],[-102.83142106,19.21463983],[-102.8244334,19.20569323],[-102.80836146,19.22326412],[-102.79376414,19.22540808],[-102.7902432,19.242458],[-102.77692669,19.24355568],[-102.753815919,19.255805061],[-102.73772086,19.242202401],[-102.712722149,19.235808061],[-102.707129779,19.238318311],[-102.705262199,19.24705311],[-102.69659328,19.248808861],[-102.694368349,19.237428371],[-102.700691569,19.22453663],[-102.69389894,19.22629735],[-102.669922689,19.21241206],[-102.668264399,19.220956021],[-102.66211028,19.2188114],[-102.66129769,19.228556171],[-102.651842119,19.235518511],[-102.65689706,19.240536831],[-102.64972042,19.246008771],[-102.64559408,19.259492781],[-102.638209889,19.262659541],[-102.64313154,19.266197921],[-102.63888292,19.273013141],[-102.64309566,19.278340401],[-102.632715919,19.306981951],[-102.61117763,19.32279625],[-102.60105602,19.364486771],[-102.56880075,19.41262597],[-102.576787,19.42390892],[-102.56508085,19.43515734],[-102.551044149,19.42537802],[-102.54371543,19.429580171],[-102.54659305,19.43509875],[-102.55924034,19.4368804],[-102.54769278,19.43948789],[-102.5587022,19.44700389],[-102.56673097,19.44264491],[-102.56858137,19.44547835],[-102.56329892,19.46492698],[-102.55576768,19.46514794],[-102.55475674,19.47093678],[-102.54270538,19.47803311],[-102.54908115,19.49242286],[-102.57594345,19.49806178],[-102.57186142,19.51119183],[-102.57619222,19.52489495],[-102.5818642,19.52825512],[-102.58399523,19.52269371],[-102.59845962,19.51864949],[-102.62052958,19.49877166],[-102.62891774,19.50045145],[-102.65752782,19.48723728],[-102.67093011,19.49062588],[-102.67302472,19.51199531],[-102.68948709,19.51341568],[-102.72372805,19.49317609],[-102.73806494,19.49335948],[-102.73096978,19.51054485],[-102.7245772,19.50912223],[-102.72231489,19.51814057],[-102.71751903,19.51946772],[-102.71670746,19.53352575],[-102.71065635,19.54106877],[-102.71844634,19.55031926],[-102.71351671,19.56326134],[-102.71964629,19.56829025],[-102.72035925,19.57962175],[-102.72603889,19.57902555],[-102.72235265,19.58237703],[-102.72658022,19.58614402],[-102.71846729,19.59287257],[-102.71593205,19.60293515],[-102.72608755,19.61313683],[-102.74756635,19.61277703],[-102.76085877,19.62753391],[-102.77584946,19.627715],[-102.77959814,19.64431191],[-102.78748534,19.64822906],[-102.78418648,19.65208754],[-102.79260148,19.65455057],[-102.79120335,19.67318642],[-102.80566254,19.67483777],[-102.78223174,19.69521126],[-102.78048172,19.70432409],[-102.79580605,19.72837326],[-102.81080472,19.74101609],[-102.80258643,19.74663026],[-102.80392628,19.75215763],[-102.81627409,19.74990506],[-102.80860646,19.75956078],[-102.81280868,19.77595337],[-102.81952685,19.7779412],[-102.79231223,19.81411551],[-102.75908268,19.80798445],[-102.75520835,19.81395946],[-102.74522968,19.81197326],[-102.73939631,19.81582583],[-102.7533302,19.83412351],[-102.73035268,19.85320868],[-102.73476892,19.87451818],[-102.74249005,19.87875948],[-102.73251994,19.89038317],[-102.73121511,19.89950785],[-102.770633549,19.929868451],[-102.784036049,19.951235691],[-102.776873579,19.960153741],[-102.79400946,19.950291021],[-102.82196938,19.96457703],[-102.88204963,19.97576926],[-102.88209694,19.96958511],[-102.90262189,19.96686348],[-102.92626762,19.98418755],[-102.94362422,19.98413363],[-102.95121494,19.99655651],[-102.99380968,19.98389475],[-103.00448809,19.97170565],[-103.01221754,19.97015765],[-103.01548275,19.95975402],[-103.02521955,19.96049209],[-103.05150418,19.99161115],[-103.043812,20.00197862],[-103.04818043,20.00727832],[-103.03260977,20.02468015],[-103.03569602,20.02941477],[-103.02438545,20.03330885],[-103.02845757,20.03666069],[-103.02651682,20.04934366],[-103.02072003,20.04730635],[-103.03080575,20.06218346],[-103.03377878,20.07567637],[-103.03072883,20.07854945],[-103.04171094,20.09064066],[-103.03281555,20.11136062],[-103.03537314,20.1167162],[-103.04258988,20.11519566],[-103.04415234,20.12411938],[-103.03133348,20.12675138],[-103.0352314,20.13348575],[-103.03246368,20.13644695],[-103.00481854,20.13819571],[-102.99839415,20.12596062],[-102.97058391,20.12540362],[-102.96446232,20.12713583],[-102.95958017,20.14124008],[-102.942026,20.1288288],[-102.92644828,20.12957518],[-102.92450008,20.13625845],[-102.94323262,20.14977748],[-102.95400314,20.16656854],[-102.95414338,20.17087785],[-102.94017026,20.17168183],[-102.91031477,20.1624896],[-102.89463357,20.16416832],[-102.88688138,20.1588088],[-102.87549555,20.15757603],[-102.86595326,20.16236362],[-102.86245286,20.15439325],[-102.85230837,20.14924735],[-102.85700552,20.14430335],[-102.85499431,20.13671275],[-102.84605991,20.13077025],[-102.84067468,20.11610911],[-102.81628738,20.10604788],[-102.8018734,20.12303429],[-102.80742988,20.13317705],[-102.81925342,20.13682603],[-102.81520406,20.13926465],[-102.77614711,20.13844637],[-102.76705429,20.14866225],[-102.75724258,20.15342851],[-102.75249428,20.14861482],[-102.73022628,20.16661806],[-102.68967555,20.1660328],[-102.67972186,20.17150155],[-102.68537031,20.21800531],[-102.67902537,20.22691311],[-102.6608762,20.2315458],[-102.64120002,20.22345348],[-102.627331249,20.22938555],[-102.61692218,20.24787092],[-102.62100363,20.25248242],[-102.61325394,20.25508602],[-102.61480585,20.26330568],[-102.61014554,20.26908851],[-102.5989408,20.26710778],[-102.59048612,20.25846534],[-102.56667931,20.26562498],[-102.56874671,20.27450842],[-102.56458298,20.27815503],[-102.55581829,20.27140157],[-102.55497735,20.26068535],[-102.54411808,20.2805594],[-102.53586417,20.27898468],[-102.53518362,20.27216989],[-102.52927762,20.27061529],[-102.5200824,20.28041518],[-102.53001818,20.29622085],[-102.50895542,20.30135549],[-102.50544249,20.31585775],[-102.49620705,20.30790378],[-102.49062868,20.30860134],[-102.48099825,20.32490563],[-102.46783415,20.33059668],[-102.454860479,20.328968801],[-102.44738626,20.33849052],[-102.43237305,20.34104472],[-102.42122891,20.33270603],[-102.40996595,20.333497],[-102.39984931,20.32774083],[-102.39120451,20.33395149],[-102.36670075,20.32779512],[-102.35844417,20.33702709],[-102.34601983,20.33506515],[-102.32722422,20.34948329],[-102.31608994,20.34458714],[-102.30659802,20.35816358],[-102.29206212,20.352976201],[-102.2898596,20.34083598],[-102.284086,20.34556017],[-102.267568059,20.33562706],[-102.259082689,20.339371971],[-102.25415982,20.3352656],[-102.22180525,20.34406877],[-102.21956692,20.35091597],[-102.20812154,20.35667983],[-102.19660682,20.35049712],[-102.17536614,20.35596606],[-102.17702246,20.36815445],[-102.15815805,20.36696023],[-102.16004763,20.37490426],[-102.16816768,20.37874043],[-102.13489826,20.37566278],[-102.13157451,20.38112914],[-102.10885975,20.37804872],[-102.08731205,20.38489403],[-102.065032629,20.374921571],[-102.02265091,20.38088994],[-102.014931742,20.394468016]]]}},{"type":"Feature","properties":{"state":"Morelos","official_state_name":"Morelos","state_code_inegi":"17","postal_range":"62","postal_codes":["62"],"question_count":1,"question_01":"62"},"geometry":{"type":"Polygon","coordinates":[[[-99.27869522,19.13170172],[-99.22677778,19.09606],[-99.13537902,19.08929608],[-99.12543312,19.06206472],[-99.05980023,19.04823666],[-99.04320886,19.07575546],[-99.02899368,19.085368796],[-98.98359449,19.07876325],[-98.95777855,19.06029449],[-98.94434755,19.06973442],[-98.91559817,19.06405728],[-98.9170606,19.05942495],[-98.90338978,19.03848289],[-98.8881668,19.03691989],[-98.87102643,19.02539315],[-98.87405917,19.01040385],[-98.86809854,19.00246889],[-98.87000552,18.9905104],[-98.85733335,18.97459191],[-98.85947965,18.96477794],[-98.83589088,18.95015177],[-98.82645055,18.95669088],[-98.81685268,18.94326254],[-98.79208028,18.93533988],[-98.78611495,18.94290095],[-98.780892308,18.939842046],[-98.73335188,18.94571212],[-98.71403711,18.94303234],[-98.69020972,18.96658832],[-98.66447448,19.00355686],[-98.63294665,19.01554952],[-98.64961171,18.9995774],[-98.66332078,18.96251248],[-98.67362938,18.95166517],[-98.67809191,18.92371748],[-98.70734323,18.90285551],[-98.70568062,18.89078962],[-98.71396546,18.86838672],[-98.69775995,18.87695252],[-98.70282469,18.89045314],[-98.68141455,18.90716732],[-98.66592891,18.90603972],[-98.66131526,18.89780902],[-98.66486031,18.88766543],[-98.68197717,18.87596137],[-98.68407898,18.8629626],[-98.70271028,18.83945248],[-98.70714625,18.82180097],[-98.72794571,18.805509],[-98.73385823,18.77808286],[-98.75349392,18.74296938],[-98.73866954,18.73716537],[-98.72893937,18.74523646],[-98.71590709,18.73918951],[-98.72398546,18.71906742],[-98.74130648,18.70786112],[-98.74188228,18.70217717],[-98.73271734,18.67377222],[-98.71989608,18.65595337],[-98.72086935,18.63890317],[-98.71142631,18.61645475],[-98.71983997,18.600709],[-98.71256629,18.5879576],[-98.71171749,18.57367931],[-98.716769,18.57311268],[-98.715806749,18.568482251],[-98.711814749,18.56998874],[-98.71667357,18.56591998],[-98.705291309,18.55177983],[-98.70688974,18.543777551],[-98.70275108,18.53878698],[-98.706985999,18.524467721],[-98.71336158,18.52056474],[-98.70934965,18.513575061],[-98.70193994,18.51218595],[-98.706672279,18.511367881],[-98.707330089,18.492850851],[-98.69897388,18.494980491],[-98.702462799,18.47992494],[-98.707665569,18.478741111],[-98.70446205,18.471827861],[-98.710415569,18.46806682],[-98.706044429,18.463936451],[-98.710251769,18.463015421],[-98.710283059,18.457420881],[-98.70587106,18.455900201],[-98.711623689,18.45216157],[-98.70669912,18.445112231],[-98.72695277,18.43953312],[-98.73462482,18.44397495],[-98.73808318,18.45573792],[-98.74759355,18.45143432],[-98.75219135,18.4539242],[-98.76100083,18.47544563],[-98.78677325,18.48462718],[-98.78336131,18.48780249],[-98.80381515,18.50243198],[-98.81055894,18.51931283],[-98.827766259,18.523885543],[-98.84034406,18.51277162],[-98.83850782,18.50690949],[-98.8434138,18.50588428],[-98.83645028,18.49457591],[-98.84436014,18.49026089],[-98.8504086,18.47803466],[-98.87057955,18.47920232],[-98.91222062,18.46212163],[-98.90540577,18.45973971],[-98.91517229,18.45782125],[-98.91931732,18.43196485],[-98.93515195,18.42290385],[-98.94940315,18.42260865],[-98.95143382,18.41763342],[-98.97397037,18.41713905],[-98.97798898,18.42398863],[-98.98537245,18.42115398],[-98.98398009,18.41375535],[-98.98769483,18.41185063],[-98.98350855,18.40542166],[-98.98793868,18.39706377],[-99.00093492,18.38825715],[-99.01817508,18.38778437],[-99.02361014,18.37245388],[-99.03562543,18.36547966],[-99.03836783,18.35878572],[-99.04353958,18.35944871],[-99.04852625,18.35124177],[-99.05877252,18.34885552],[-99.05768918,18.33845769],[-99.0654782,18.33237629],[-99.07598711,18.34284189],[-99.06985462,18.35042345],[-99.07117851,18.35948022],[-99.06620195,18.35938857],[-99.06629572,18.3677802],[-99.07283926,18.37731246],[-99.08125646,18.37311471],[-99.07853645,18.38706597],[-99.08954689,18.39998572],[-99.10051832,18.401189],[-99.11065777,18.41907458],[-99.12831486,18.42730898],[-99.13011863,18.43221688],[-99.12439525,18.44123965],[-99.12984298,18.44092757],[-99.13609829,18.44918695],[-99.13401058,18.45796282],[-99.14109395,18.4752418],[-99.14487746,18.47554938],[-99.14241122,18.46528534],[-99.15612757,18.46634843],[-99.18131508,18.44841775],[-99.17790537,18.42474525],[-99.20667403,18.44743443],[-99.20542163,18.4565888],[-99.24600706,18.45643337],[-99.24760734,18.45099925],[-99.287414,18.45876945],[-99.30423665,18.45947338],[-99.31215226,18.45478732],[-99.32836782,18.45954025],[-99.32826428,18.48883154],[-99.34555554,18.48229654],[-99.35267526,18.48598083],[-99.34344566,18.46712786],[-99.35740426,18.46766917],[-99.35505337,18.47673782],[-99.36423969,18.48514418],[-99.36295192,18.49902672],[-99.37921612,18.52053069],[-99.39027118,18.52568283],[-99.40780443,18.55606637],[-99.42288218,18.56206788],[-99.42529445,18.57912755],[-99.41970445,18.59033666],[-99.42938102,18.58892091],[-99.43564334,18.59276138],[-99.43517942,18.59806794],[-99.440495,18.5974644],[-99.44120146,18.612574],[-99.45388632,18.60990232],[-99.45809726,18.6340614],[-99.47757605,18.67356526],[-99.48016712,18.6948134],[-99.48556289,18.69503368],[-99.49441415,18.7205448],[-99.4672442,18.75189288],[-99.463318739,18.76718654],[-99.450971739,18.77251995],[-99.42588877,18.826432971],[-99.43219571,18.85351798],[-99.432259199,18.857813691],[-99.42443411,18.860279981],[-99.43099891,18.865747121],[-99.42935452,18.87756929],[-99.410957019,18.878183861],[-99.406653629,18.895187751],[-99.373128319,18.898629801],[-99.36703683,18.89399878],[-99.344201109,18.918667421],[-99.337904849,18.93239909],[-99.320995769,18.94322472],[-99.317162799,18.94000014],[-99.313036229,18.948117351],[-99.308716399,18.958797741],[-99.308467829,18.994005491],[-99.319670449,19.01127169],[-99.318572349,19.020305461],[-99.31175782,19.02465008],[-99.318906369,19.03106871],[-99.317491719,19.04012585],[-99.308570249,19.04030135],[-99.319091289,19.06064488],[-99.318318979,19.08741683],[-99.313744119,19.09821888],[-99.29507791,19.12293151],[-99.27869522,19.13170172]]]}},{"type":"Feature","properties":{"state":"Nayarit","official_state_name":"Nayarit","state_code_inegi":"18","postal_range":"63","postal_codes":["63"],"question_count":1,"question_01":"63"},"geometry":{"type":"MultiPolygon","coordinates":[[[[-105.27474442,21.04730438],[-105.27134392,21.04924872],[-105.27182754,21.04638274],[-105.27474442,21.04730438]]],[[[-106.228135481,21.332586413],[-106.222211493,21.321431981],[-106.227142312,21.32199397],[-106.229787048,21.291858176],[-106.237205671,21.299742499],[-106.24198964,21.292822127],[-106.256683519,21.292918743],[-106.27912679,21.314609947],[-106.258256504,21.33479159],[-106.228135481,21.332586413]]],[[[-106.43808083,21.49766472],[-106.40120691,21.48334149],[-106.37119649,21.48068162],[-106.35863754,21.45527335],[-106.38033309,21.44839877],[-106.38637485,21.41975442],[-106.41258028,21.42284195],[-106.42208911,21.43286711],[-106.44530902,21.43562134],[-106.44672177,21.44155906],[-106.46875997,21.45128442],[-106.48030855,21.44961414],[-106.49400834,21.46620323],[-106.48375963,21.48010932],[-106.46053712,21.49455195],[-106.43808083,21.49766472]]],[[[-106.66056268,21.6925434],[-106.59823877,21.69032877],[-106.55053237,21.66977451],[-106.53630705,21.65808432],[-106.537142088,21.63284177],[-106.51356275,21.60614309],[-106.50569988,21.60334523],[-106.51562391,21.58592625],[-106.5118474,21.57046238],[-106.52112578,21.56701186],[-106.52125782,21.56093706],[-106.53352417,21.55086089],[-106.53220118,21.54476922],[-106.54167763,21.5443116],[-106.53763534,21.55561611],[-106.54622671,21.56321485],[-106.55228845,21.5616938],[-106.55294428,21.56525823],[-106.59149169,21.57840965],[-106.62897289,21.59861209],[-106.62951188,21.61846838],[-106.64392125,21.64404031],[-106.65608494,21.65587408],[-106.64687305,21.66693135],[-106.64899714,21.6798552],[-106.66056268,21.6925434]]],[[[-106.67320971,21.77485209],[-106.66531892,21.74870145],[-106.65771566,21.73945269],[-106.6779574,21.72868615],[-106.68745865,21.74579103],[-106.68772678,21.75936823],[-106.68165415,21.75870905],[-106.67818105,21.77352374],[-106.67320971,21.77485209]]],[[[-105.889684118,21.854174738],[-105.881724953,21.850382072],[-105.880267896,21.846725178],[-105.880275559,21.842550796],[-105.887365848,21.840809928],[-105.889684118,21.854174738]]],[[[-105.39224538,23.08408198],[-105.35831631,23.07392337],[-105.35794028,23.06319531],[-105.35047118,23.06057534],[-105.35087358,23.05093855],[-105.35877918,23.04625757],[-105.35079626,23.03563446],[-105.35385651,23.0197848],[-105.3431496,23.01234248],[-105.33370491,22.99468209],[-105.33896795,22.99286506],[-105.33505694,22.98876011],[-105.34011486,22.98250394],[-105.33626803,22.98047363],[-105.33683234,22.97119942],[-105.34304926,22.96815929],[-105.33084949,22.96317318],[-105.33414166,22.95340892],[-105.32821097,22.95264046],[-105.33037777,22.94768877],[-105.32356989,22.94133017],[-105.29769906,22.95416211],[-105.16357409,22.95387192],[-105.07601578,22.95963883],[-105.01382462,22.97767283],[-105.00313942,22.97698268],[-105.00834105,22.96845869],[-104.99689314,22.9520016],[-105.01003912,22.92236274],[-105.00005417,22.90889717],[-105.00506914,22.90355206],[-104.98779563,22.88825202],[-104.98840523,22.83604932],[-104.95896731,22.8136046],[-104.95172075,22.82182974],[-104.94050486,22.81616328],[-104.93422628,22.82731089],[-104.9183892,22.81978075],[-104.9082568,22.80760058],[-104.91102102,22.80133197],[-104.90557632,22.79957752],[-104.91337535,22.79048597],[-104.90972192,22.7844314],[-104.91563665,22.74853797],[-104.89272045,22.73740925],[-105.05730269,22.688094],[-105.06842251,22.67841415],[-105.07236894,22.65649909],[-105.00755274,22.58567197],[-104.98791254,22.49872658],[-104.96052517,22.50531145],[-104.86249312,22.60707049],[-104.85839706,22.64832671],[-104.84011643,22.65113857],[-104.84002563,22.64586123],[-104.81669198,22.63968265],[-104.81467751,22.63424918],[-104.80402069,22.64034125],[-104.80425595,22.64874386],[-104.78891886,22.64797362],[-104.77940466,22.64317723],[-104.77409432,22.63254978],[-104.77980548,22.60334851],[-104.77257268,22.5918976],[-104.77537523,22.58420172],[-104.76756271,22.58138983],[-104.75981217,22.56871837],[-104.737053,22.55809566],[-104.72818857,22.5589372],[-104.71979678,22.56904522],[-104.71516437,22.5559488],[-104.70873708,22.55462432],[-104.680958,22.55909625],[-104.66999832,22.56526174],[-104.65575494,22.54006971],[-104.65529172,22.46215466],[-104.6025606,22.46050808],[-104.60543835,22.44545789],[-104.59717622,22.43675534],[-104.59308486,22.41195483],[-104.58846969,22.4126544],[-104.57480431,22.39486631],[-104.56087914,22.39477857],[-104.55738337,22.38575335],[-104.55125297,22.3888666],[-104.54786085,22.37648548],[-104.53591085,22.3648028],[-104.51865866,22.36060394],[-104.50651325,22.3451634],[-104.48120968,22.35161692],[-104.49499028,22.36053209],[-104.48786037,22.36890508],[-104.49538985,22.37632414],[-104.37151222,22.42165865],[-104.34884292,22.40971665],[-104.35353305,22.40131525],[-104.35004092,22.38640542],[-104.32531585,22.3807494],[-104.29312755,22.36513115],[-104.28574028,22.35636614],[-104.29273992,22.34397309],[-104.29837862,22.34781142],[-104.29302303,22.33073251],[-104.29952568,22.32708849],[-104.29273737,22.32003346],[-104.29264563,22.30739031],[-104.28483582,22.30265205],[-104.28486591,22.29709352],[-104.29563951,22.27690846],[-104.32867942,22.24535871],[-104.32589757,22.2317922],[-104.33201377,22.22835328],[-104.33390743,22.21582186],[-104.34135932,22.2095632],[-104.33183626,22.19978986],[-104.33655062,22.18672194],[-104.35627166,22.16543468],[-104.35455888,22.15120983],[-104.36155823,22.13669909],[-104.36470718,22.11243952],[-104.37319151,22.10256383],[-104.36154014,22.05285345],[-104.36775882,22.04519623],[-104.36503012,22.03627682],[-104.36903731,22.02456417],[-104.36003862,22.01505683],[-104.36758957,21.99742255],[-104.36986348,21.97478426],[-104.35714868,21.97210552],[-104.33592434,21.97982062],[-104.32686314,21.97536932],[-104.32490534,21.98413406],[-104.31505634,21.9908036],[-104.30813849,21.98861897],[-104.29407686,22.00276095],[-104.28937715,21.9984108],[-104.28138223,21.99965882],[-104.27544694,21.98062349],[-104.24600515,21.96693798],[-104.23390165,21.96919414],[-104.21274271,21.98288132],[-104.19331945,21.98542012],[-104.17365548,21.97088289],[-104.17369922,21.96339285],[-104.17871809,21.93901534],[-104.18843225,21.9282116],[-104.18880206,21.91899766],[-104.20024411,21.90946583],[-104.20104072,21.89147838],[-104.18638512,21.86801175],[-104.17223326,21.87131891],[-104.17958505,21.86008885],[-104.19700018,21.85077225],[-104.19071263,21.85106369],[-104.18719405,21.83788128],[-104.17661315,21.83223732],[-104.16174845,21.80984134],[-104.14653109,21.80643014],[-104.1303816,21.79045132],[-104.10945509,21.78732754],[-104.09843657,21.79281689],[-104.0932512,21.79124471],[-104.0933188,21.78456282],[-104.07985618,21.78240515],[-104.07623786,21.7897174],[-104.0522538,21.79476095],[-103.98914915,21.77985949],[-103.98464535,21.77269591],[-103.97775749,21.77133243],[-103.94451146,21.77681946],[-103.92348191,21.77180232],[-103.91612931,21.75576871],[-103.92011855,21.75085535],[-103.93170235,21.75132],[-103.93182786,21.74338051],[-103.90279062,21.716258],[-103.89591346,21.72774378],[-103.89657057,21.71273962],[-103.88772497,21.69781823],[-103.90330212,21.68582795],[-103.91240083,21.6689706],[-103.92133757,21.66837425],[-103.93024945,21.64191443],[-103.91183478,21.62982623],[-103.90769894,21.61867631],[-103.90982054,21.61483685],[-103.91908429,21.61624971],[-103.91236546,21.60804909],[-103.92319075,21.59056891],[-103.91923455,21.58198588],[-103.89257817,21.57414303],[-103.89183757,21.56247971],[-103.88164608,21.55214228],[-103.87075135,21.54873675],[-103.85627172,21.55236542],[-103.85400865,21.53322751],[-103.85992491,21.52474951],[-103.84929452,21.51453086],[-103.83212694,21.51339706],[-103.82371282,21.49304737],[-103.81401325,21.49448397],[-103.80042097,21.4871884],[-103.79298874,21.48869138],[-103.79107509,21.49774794],[-103.77412948,21.49838071],[-103.77819192,21.49208212],[-103.76912851,21.48302492],[-103.74936458,21.47448823],[-103.75293655,21.46608769],[-103.74203065,21.44155783],[-103.72837523,21.43567657],[-103.72101538,21.42597002],[-103.73127205,21.4158998],[-103.75130708,21.41751072],[-103.75644822,21.41005983],[-103.7644034,21.41030417],[-103.75690312,21.39986465],[-103.7673332,21.388433],[-103.74133251,21.37405511],[-103.7470772,21.3598322],[-103.74431974,21.35227674],[-103.75227195,21.34327408],[-103.74935182,21.33670848],[-103.75561074,21.33769451],[-103.75739912,21.32979132],[-103.77612295,21.32166986],[-103.78063628,21.30851303],[-103.80357294,21.30031195],[-103.80784711,21.2889196],[-103.82034563,21.28104138],[-103.82499598,21.27126495],[-103.81701228,21.25613603],[-103.81939111,21.24843503],[-103.84001943,21.23982046],[-103.86188954,21.24886837],[-103.87524869,21.23864306],[-103.88260914,21.24191032],[-103.89230552,21.23842666],[-103.89836275,21.22649002],[-103.90306295,21.23341915],[-103.91789871,21.23102777],[-103.91857837,21.24562694],[-103.93105689,21.26254712],[-103.93546185,21.25417618],[-103.92863506,21.24976022],[-103.92401998,21.23457174],[-103.94586723,21.23801785],[-103.95838771,21.25275451],[-103.97345403,21.25632828],[-103.97448235,21.25180111],[-104.0035676,21.23646268],[-104.00608792,21.22804355],[-104.01748885,21.22720185],[-104.016016,21.20745842],[-104.02232002,21.20510708],[-104.02498131,21.21293771],[-104.02941037,21.2086642],[-104.03287132,21.20268666],[-104.02639851,21.2004756],[-104.02796882,21.19467249],[-104.03529682,21.195953],[-104.03842371,21.20444222],[-104.04517857,21.19919931],[-104.05283852,21.20541311],[-104.0562754,21.19413994],[-104.06189418,21.20008246],[-104.06788755,21.1981998],[-104.0685864,21.18677328],[-104.08097788,21.18969114],[-104.08091018,21.20176415],[-104.08565926,21.20536111],[-104.08879969,21.19612915],[-104.10003709,21.20086745],[-104.10876282,21.1955666],[-104.11084485,21.18859571],[-104.12404578,21.19626737],[-104.12855586,21.19096826],[-104.14727223,21.19161951],[-104.15951351,21.18456029],[-104.16581425,21.1888806],[-104.20279366,21.19283243],[-104.21939798,21.17661058],[-104.22517055,21.15120875],[-104.22148731,21.14072266],[-104.21513817,21.13910763],[-104.21059872,21.13092769],[-104.21086032,21.11860142],[-104.22084308,21.10136338],[-104.21671857,21.0857912],[-104.22181045,21.07002462],[-104.2347934,21.06768148],[-104.23923554,21.05707158],[-104.23839483,21.05227314],[-104.225164,21.05052692],[-104.22655008,21.04429617],[-104.23579769,21.04012022],[-104.23595497,21.03154937],[-104.24271291,21.02733163],[-104.24073012,21.0217204],[-104.22959318,21.01626965],[-104.22319571,21.00126366],[-104.22497549,20.99611503],[-104.23387137,20.99833148],[-104.23847425,20.99215082],[-104.23312945,20.96874337],[-104.21855891,20.96027965],[-104.20130635,20.95924218],[-104.20797392,20.95105535],[-104.20658778,20.93637335],[-104.221072,20.94152566],[-104.22875342,20.93558175],[-104.24645165,20.92124506],[-104.24888583,20.90577788],[-104.26787955,20.88746108],[-104.29091612,20.88779574],[-104.2791108,20.86451866],[-104.29069297,20.86234063],[-104.29020883,20.84901522],[-104.29541589,20.84549606],[-104.3088154,20.84680731],[-104.31841737,20.83857265],[-104.33425758,20.84666229],[-104.36176849,20.84093102],[-104.35710475,20.81987386],[-104.36405938,20.81393298],[-104.35040234,20.81164397],[-104.37589215,20.78407297],[-104.37522037,20.77543945],[-104.35824938,20.7905326],[-104.34635405,20.79320769],[-104.33579478,20.7898842],[-104.32832232,20.79809768],[-104.2976174,20.7707952],[-104.29154732,20.7706348],[-104.28991054,20.78134095],[-104.28285625,20.78348058],[-104.28001998,20.7689284],[-104.27447497,20.76998705],[-104.25986114,20.73533117],[-104.24763266,20.72633672],[-104.24181569,20.71343352],[-104.24814938,20.69962826],[-104.24329762,20.69174569],[-104.2531598,20.68229638],[-104.23646074,20.6628972],[-104.25530708,20.653283],[-104.26038954,20.64283555],[-104.24692382,20.6314924],[-104.25376714,20.63060835],[-104.25363983,20.60341871],[-104.27445797,20.61660295],[-104.28201095,20.62899335],[-104.28057745,20.64635688],[-104.28795614,20.6604076],[-104.28456023,20.67061914],[-104.2884866,20.68915662],[-104.30564551,20.69416957],[-104.30903903,20.70365803],[-104.32411512,20.71754352],[-104.35079808,20.72533969],[-104.35336126,20.73594977],[-104.3637196,20.74441091],[-104.37754871,20.74237342],[-104.38420894,20.76647862],[-104.41412462,20.79377025],[-104.41914969,20.79622232],[-104.42726031,20.79102162],[-104.43573586,20.80576483],[-104.45840886,20.80651558],[-104.46296338,20.81082683],[-104.46002454,20.81310269],[-104.47693149,20.81964794],[-104.48528811,20.8332764],[-104.49993814,20.83818646],[-104.50639435,20.86084494],[-104.51060615,20.8596568],[-104.51949162,20.8691512],[-104.52444203,20.88576189],[-104.53462454,20.88403562],[-104.53571918,20.89585763],[-104.54474065,20.90114017],[-104.54285228,20.91193957],[-104.5557114,20.91811535],[-104.55692169,20.92415238],[-104.5834816,20.93443777],[-104.60098529,20.93143771],[-104.61356957,20.92303731],[-104.62853272,20.92386569],[-104.63809374,20.934125141],[-104.6563754,20.932391051],[-104.66144134,20.94397732],[-104.68099997,20.943840621],[-104.68105792,20.96066669],[-104.70571098,20.966851601],[-104.70889034,20.97441652],[-104.71615774,20.97492843],[-104.71582895,20.9804692],[-104.72936277,20.983154141],[-104.72514803,20.99940032],[-104.72847337,21.011404861],[-104.73924108,21.00614237],[-104.75249911,21.01227972],[-104.77171235,21.008601081],[-104.78246215,21.023359061],[-104.79018831,21.01502132],[-104.80319423,21.01651329],[-104.8101816,21.012012831],[-104.827725,21.01806849],[-104.83248668,21.01411674],[-104.83809891,21.020008581],[-104.84119048,21.006723451],[-104.853656,21.00495769],[-104.85129658,21.00016111],[-104.85793748,20.99435654],[-104.86686895,20.99520137],[-104.8735048,20.982358321],[-104.88081246,20.980910421],[-104.88274949,20.973658351],[-104.88954151,20.97375875],[-104.90062748,20.962747201],[-104.90052602,20.94634066],[-104.95316389,20.930134341],[-104.96724405,20.909508091],[-104.99037369,20.92156285],[-105.00339409,20.91085754],[-105.00633225,20.922536371],[-105.03161334,20.909171231],[-105.03907274,20.91311482],[-105.03634306,20.924887261],[-105.03967006,20.930244621],[-105.04743997,20.934385801],[-105.07280198,20.927995],[-105.08070122,20.93138018],[-105.08553265,20.923881001],[-105.09864148,20.91943411],[-105.09738897,20.91585931],[-105.11218152,20.90478289],[-105.11195708,20.90043032],[-105.1172212,20.90081258],[-105.12810951,20.88924178],[-105.14185662,20.88716725],[-105.14119405,20.87560582],[-105.15296566,20.86893992],[-105.15274985,20.86189277],[-105.16056331,20.85741523],[-105.15540537,20.85306471],[-105.1627878,20.84869],[-105.16163602,20.83114014],[-105.17407734,20.81334475],[-105.17276149,20.80603831],[-105.16755651,20.80374371],[-105.17097435,20.79610862],[-105.16227568,20.79251928],[-105.17339655,20.76771138],[-105.19696114,20.77717103],[-105.20582549,20.76414485],[-105.21140612,20.76592351],[-105.23991578,20.74735128],[-105.23693802,20.72753449],[-105.24564546,20.72411598],[-105.24257266,20.70424154],[-105.25594702,20.7027662],[-105.25654668,20.69456349],[-105.26268388,20.68919177],[-105.26125229,20.67981618],[-105.27840509,20.68198172],[-105.27633494,20.67199474],[-105.288276667,20.67336528],[-105.313019004,20.728552762],[-105.34767852,20.7596913],[-105.36373731,20.762159061],[-105.369458103,20.751854673],[-105.38034874,20.749905871],[-105.376719951,20.747592039],[-105.39897734,20.73464532],[-105.412067104,20.735067602],[-105.433422425,20.747451081],[-105.466441446,20.755697252],[-105.475895953,20.752187591],[-105.510613963,20.771816892],[-105.520015502,20.770902717],[-105.533108018,20.757422537],[-105.538313032,20.762229864],[-105.539574833,20.770694063],[-105.52703006,20.789230304],[-105.51948023,20.79221312],[-105.507249918,20.782623115],[-105.487845808,20.796418519],[-105.46548394,20.836618279],[-105.452909696,20.874390702],[-105.442769394,20.870426576],[-105.432915726,20.877129587],[-105.401755729,20.931617433],[-105.387878793,20.937092281],[-105.367145753,20.955462749],[-105.35970042,20.95488811],[-105.345116246,20.979336079],[-105.331880059,20.985671856],[-105.318726994,21.005306509],[-105.313504936,21.035150314],[-105.303501682,21.035497715],[-105.29538577,21.02585002],[-105.282019908,21.028430716],[-105.273194487,21.023498093],[-105.238147485,21.058102178],[-105.228667713,21.106172049],[-105.23898257,21.13229212],[-105.231482119,21.138687988],[-105.236097526,21.140016989],[-105.2359318,21.14516574],[-105.224016564,21.159432144],[-105.22620888,21.164797393],[-105.232367278,21.16494296],[-105.22852117,21.172058898],[-105.23325342,21.18068308],[-105.21638229,21.20500715],[-105.229454818,21.299853641],[-105.24467128,21.34699071],[-105.24818855,21.34729138],[-105.239665337,21.353063707],[-105.238806505,21.371402917],[-105.230379099,21.374714123],[-105.23069662,21.38640995],[-105.220387406,21.387495254],[-105.220126948,21.40470212],[-105.208403875,21.418514945],[-105.203360478,21.435782859],[-105.194492416,21.436506914],[-105.188945209,21.444364372],[-105.18786034,21.45829577],[-105.201893046,21.4812829],[-105.198281024,21.49165378],[-105.228879652,21.523592058],[-105.243032686,21.526594938],[-105.248179596,21.523520088],[-105.248172322,21.512418109],[-105.257123854,21.515573274],[-105.265499557,21.511851797],[-105.284299678,21.5276883],[-105.290597546,21.525581793],[-105.411354288,21.602098732],[-105.441299805,21.627856398],[-105.533716244,21.812259655],[-105.631509152,21.963109345],[-105.646949076,22.000634054],[-105.6542917,22.042856009],[-105.649193775,22.174296248],[-105.646552736,22.181251527],[-105.636513791,22.181474898],[-105.645752163,22.196957115],[-105.66316957,22.29459382],[-105.685416686,22.37467759],[-105.711325864,22.439572442],[-105.759619724,22.537573646],[-105.75021208,22.53933608],[-105.72701968,22.49101775],[-105.71411626,22.47494606],[-105.69247682,22.46717694],[-105.6770358,22.46813511],[-105.67110578,22.48156242],[-105.67715425,22.5129276],[-105.70013369,22.55703477],[-105.69882837,22.56787757],[-105.67104794,22.57634477],[-105.66056203,22.58636298],[-105.63921298,22.57698458],[-105.64215842,22.59388865],[-105.63094952,22.59298015],[-105.62203646,22.57142552],[-105.60047658,22.5588878],[-105.60165614,22.54219358],[-105.59734515,22.5363046],[-105.54167594,22.53653688],[-105.53359632,22.51503123],[-105.52193806,22.52099528],[-105.50956658,22.51696271],[-105.50317935,22.52768186],[-105.48379649,22.51771282],[-105.48159594,22.50876826],[-105.474060288,22.50290043],[-105.44172469,22.524268431],[-105.44422543,22.52942603],[-105.43661618,22.53752337],[-105.43462554,22.5499842],[-105.43693046,22.5819074],[-105.4390602,22.58788531],[-105.4559864,22.59873909],[-105.44811138,22.61012282],[-105.44957211,22.62459654],[-105.47268062,22.627185],[-105.4702132,22.64014177],[-105.46039094,22.64754994],[-105.46396311,22.65923831],[-105.49806385,22.65139075],[-105.52289346,22.7243348],[-105.51526283,22.73946989],[-105.51408223,22.75932845],[-105.5193682,22.75900226],[-105.52477223,22.77476989],[-105.51990558,22.772774],[-105.51912129,22.78389049],[-105.50916489,22.79223052],[-105.51118203,22.79691049],[-105.50645731,22.79774954],[-105.50240928,22.80977678],[-105.49496886,22.81051889],[-105.48719731,22.83911117],[-105.47917783,22.84199197],[-105.47458863,22.85141602],[-105.48420129,22.85870297],[-105.47121991,22.88328595],[-105.49865358,22.93356115],[-105.50126392,22.95856005],[-105.45331135,22.9774018],[-105.43259457,23.0239688],[-105.40895034,23.02364082],[-105.41316182,23.03705475],[-105.4098596,23.04435809],[-105.41299649,23.0740992],[-105.39224538,23.08408198]]]]}},{"type":"Feature","properties":{"state":"Nuevo León","official_state_name":"Nuevo León","state_code_inegi":"19","postal_range":"64-67","postal_codes":["64","65","66","67"],"question_count":4,"question_01":"64","question_02":"65","question_03":"66","question_04":"67"},"geometry":{"type":"Polygon","coordinates":[[[-100.18799748,27.79872197],[-99.99884483,27.6152794],[-99.93268683,27.67442074],[-99.84322258,27.76986282],[-99.83284505,27.76274529],[-99.82249431,27.76653517],[-99.81882962,27.77617291],[-99.81337097,27.77425135],[-99.7965034,27.73588217],[-99.78752343,27.73050003],[-99.76936068,27.73088788],[-99.73622986,27.69071022],[-99.72814674,27.67912622],[-99.92641828,27.549157],[-99.91915363,27.49151518],[-99.76037882,27.43695872],[-99.747670419,27.277247],[-99.67891875,27.10244829],[-99.65891166,27.08818908],[-99.65005283,27.06585789],[-99.73416812,26.92061286],[-99.77013149,26.92841822],[-99.76666889,26.88984191],[-99.74766137,26.90024382],[-99.74434632,26.91215637],[-99.73933225,26.90737435],[-99.72399668,26.90612595],[-99.72681875,26.89888526],[-99.72110229,26.89650374],[-99.7104426,26.8967524],[-99.71368152,26.90170445],[-99.70992998,26.905879],[-99.70347648,26.90547343],[-99.69788397,26.89856686],[-99.69402042,26.90929934],[-99.68553703,26.89903431],[-99.68722291,26.894547],[-99.66700934,26.89437322],[-99.66139052,26.90083852],[-99.64734915,26.89440754],[-99.64433349,26.88556765],[-99.63003012,26.89029042],[-99.63101368,26.88385352],[-99.62522622,26.88300191],[-99.62705257,26.87045783],[-99.62106409,26.86841474],[-99.61121905,26.87347585],[-99.59104663,26.86254805],[-99.59340657,26.85453654],[-99.58435603,26.8480958],[-99.58084282,26.83011255],[-99.58921411,26.81459745],[-99.59890569,26.81456842],[-99.59706028,26.80960723],[-99.60381151,26.8079238],[-99.60458522,26.80005098],[-99.612854,26.79163015],[-99.61117015,26.78248997],[-99.62285248,26.76922777],[-99.61614358,26.75436351],[-99.61858146,26.72647054],[-99.65719483,26.69511798],[-99.66319662,26.68291158],[-99.65916446,26.67036514],[-99.53833525,26.66459562],[-99.39682482,26.59656554],[-99.40983215,26.4428368],[-99.41424298,26.44480638],[-99.43094658,26.35130114],[-99.40123612,26.30479914],[-99.36415026,26.32927015],[-99.26000157,26.25284998],[-99.19783597,26.25868232],[-99.17100183,26.09449498],[-99.16007748,26.06122955],[-99.14337125,26.06113129],[-99.14093303,26.05296682],[-99.12631182,26.05402289],[-99.1239828,26.05666674],[-99.13233749,26.06472109],[-99.13090666,26.0688164],[-99.11989237,26.06651389],[-99.11473418,26.07596689],[-99.09766886,26.08074677],[-99.09333678,26.07847417],[-99.09641211,26.07275797],[-99.09333162,26.07050943],[-99.07654208,26.07186402],[-99.07452335,26.0787854],[-99.06253535,26.08013543],[-99.06253934,26.09071909],[-99.04499206,26.09870514],[-99.03725275,26.09347022],[-99.02503248,26.09342949],[-99.0238722,26.10410245],[-98.90075195,25.96832274],[-98.82322655,26.04764868],[-98.58512606,26.0179176],[-98.58175158,25.48936174],[-98.42157608,25.48935554],[-98.42313166,25.44749291],[-98.92902758,25.07727031],[-98.93371185,25.07607425],[-98.9342816,25.08016298],[-98.93416994,25.07276318],[-98.94117814,25.07085665],[-98.94620918,25.07655143],[-98.96834338,25.07040212],[-98.96812325,25.07330043],[-98.97080049,25.07401732],[-98.97635605,25.06877305],[-98.985167459,25.074402321],[-98.98944457,25.06736798],[-98.99773391,25.07132182],[-99.00016163,25.06735217],[-99.01905589,25.06992531],[-99.02241786,25.07331682],[-99.01418218,25.08060712],[-99.02175051,25.09370288],[-99.02952248,25.09639282],[-99.03374135,25.10706368],[-99.02880203,25.11035491],[-99.03501951,25.12003563],[-99.04793286,25.12028197],[-99.05246814,25.12713263],[-99.05999231,25.11769146],[-99.06773728,25.11613392],[-99.06727723,25.11069152],[-99.07296612,25.10815948],[-99.07059542,25.10226523],[-99.07786925,25.10143355],[-99.07145846,25.09611211],[-99.07876375,25.0921204],[-99.07502578,25.08793315],[-99.08194445,25.0737118],[-99.09769522,25.07803634],[-99.09419171,25.07447329],[-99.10146443,25.06936448],[-99.09577188,25.0670046],[-99.09761311,25.06312112],[-99.1350928,25.05038002],[-99.16059194,25.05527731],[-99.16114642,25.04840738],[-99.16697758,25.04628946],[-99.15651651,25.02784783],[-99.16490475,25.0295114],[-99.18094954,25.01154155],[-99.15894291,24.91598817],[-99.20743335,24.86139215],[-99.18197126,24.77604106],[-99.18865312,24.7806796],[-99.21288548,24.77167485],[-99.29492849,24.80414371],[-99.29719562,24.79411691],[-99.31069386,24.78727611],[-99.31786777,24.78983057],[-99.33166529,24.77624311],[-99.36437669,24.77175546],[-99.3763732,24.7614434],[-99.38941243,24.73979257],[-99.40660458,24.73450626],[-99.42294382,24.73675037],[-99.43072802,24.72575834],[-99.44259623,24.72683631],[-99.44807655,24.73220643],[-99.47773549,24.71262097],[-99.49193615,24.69769848],[-99.50072606,24.67917126],[-99.49602963,24.65103866],[-99.49945228,24.64125795],[-99.52820063,24.63164465],[-99.53793569,24.62242882],[-99.54506302,24.6265166],[-99.54622052,24.61307477],[-99.55720611,24.6087148],[-99.57607631,24.62359712],[-99.58578258,24.62435517],[-99.59262843,24.61937278],[-99.60944858,24.62249008],[-99.70468568,24.57586917],[-99.73297777,24.55399078],[-99.71980386,24.48371043],[-99.63637932,24.50667025],[-99.58993111,24.39614237],[-99.58934082,24.3508206],[-99.59428974,24.33091322],[-99.64781783,24.21809505],[-99.65708063,24.11799658],[-99.57090171,24.03936691],[-99.54189271,24.03364917],[-99.54091206,23.99727163],[-99.52002486,23.99057814],[-99.48693986,23.96050062],[-99.456870719,23.86606305],[-99.49379108,23.87869298],[-99.57668085,23.77546206],[-99.60216748,23.76287088],[-99.61948632,23.7596624],[-99.68337774,23.7766482],[-99.76901389,23.78448812],[-99.80551891,23.78429792],[-99.86065998,23.77446249],[-99.89111957,23.70380658],[-99.91580026,23.66507834],[-99.96118763,23.55688977],[-99.9212534,23.37919134],[-99.98250248,23.39236726],[-100.08026143,23.3957482],[-100.14495022,23.33951518],[-100.07804112,23.30598391],[-100.10189529,23.231080401],[-100.22823651,23.25047615],[-100.20636423,23.30710886],[-100.21823772,23.31013435],[-100.22016645,23.29793172],[-100.27843498,23.3103684],[-100.30625694,23.26094212],[-100.32581223,23.26309266],[-100.33169254,23.25909237],[-100.37431657,23.26532382],[-100.36376431,23.18900538],[-100.3235152,23.19562745],[-100.33175794,23.16268318],[-100.47984968,23.19436535],[-100.48386909,23.20883202],[-100.45708325,23.3664096],[-100.51721132,23.42104285],[-100.49761692,23.49402702],[-100.49416868,23.5284064],[-100.45917611,23.51156611],[-100.45914749,23.53316377],[-100.46751625,23.5435664],[-100.46954495,23.56678311],[-100.49163689,23.56861251],[-100.48865346,23.60504705],[-100.47737863,23.63381869],[-100.46335054,23.6531402],[-100.45435512,23.64990455],[-100.4498446,23.65600894],[-100.45832845,23.66011255],[-100.44572012,23.67733152],[-100.44710043,23.69653452],[-100.46203818,23.69462735],[-100.46186189,23.68906469],[-100.46648328,23.68894103],[-100.46793257,23.700087],[-100.49030234,23.73960088],[-100.49770628,23.73630971],[-100.49760172,23.79871269],[-100.52879143,23.81635263],[-100.52552995,23.83952591],[-100.55029869,23.84220258],[-100.53984562,23.88839306],[-100.54943431,23.8893146],[-100.5467678,23.91743662],[-100.56240162,23.91964108],[-100.54128266,24.02574762],[-100.523759,24.07145495],[-100.53868326,24.11851603],[-100.51958002,24.11838234],[-100.51682749,24.13989668],[-100.54877112,24.14603057],[-100.61339989,24.17394418],[-100.59351254,24.17820025],[-100.58509291,24.22392543],[-100.63306648,24.22598025],[-100.59993552,24.34879105],[-100.60353334,24.40130006],[-100.71121009,24.49152183],[-100.74232429,24.46043546],[-100.79993412,24.55618608],[-100.80547294,24.596340121],[-100.796978249,24.750806911],[-100.827413489,24.824207891],[-100.82613242,24.83500457],[-100.727495489,24.91871655],[-100.791463,24.97405068],[-100.792063089,24.979148181],[-100.821505599,24.996710831],[-100.80313045,25.16525846],[-100.70888778,25.23645757],[-100.59196242,25.255050021],[-100.472517379,25.231195661],[-100.33200742,25.18628522],[-100.32555012,25.222258751],[-100.305283619,25.21341723],[-100.261383509,25.207070571],[-100.229575599,25.217916511],[-100.247195369,25.23017449],[-100.234420509,25.23549643],[-100.26251012,25.2540228],[-100.2539416,25.265567651],[-100.243141909,25.267443351],[-100.25413843,25.306908771],[-100.263974509,25.3052934],[-100.313023449,25.33636722],[-100.32680371,25.34035648],[-100.41456068,25.326998111],[-100.470098819,25.337789851],[-100.451878369,25.41081072],[-100.49355143,25.430840741],[-100.52270309,25.43432472],[-100.51746378,25.4490366],[-100.52541309,25.449753851],[-100.53088315,25.46346765],[-100.584889089,25.470813051],[-100.579510309,25.49454398],[-100.61909058,25.505691081],[-100.599750339,25.519959521],[-100.52969932,25.514392881],[-100.538435909,25.531853921],[-100.594298449,25.54437415],[-100.614732539,25.542346911],[-100.611959769,25.55139937],[-100.632901849,25.57129935],[-100.69028634,25.56710078],[-100.71991648,25.60306695],[-100.729772889,25.63389566],[-100.783420248,25.63967843],[-100.780409828,25.64572943],[-100.787775279,25.683597221],[-100.803698709,25.70875538],[-100.80561395,25.7243018],[-100.8619014,25.818478621],[-100.84706871,25.857885721],[-100.835765569,25.86659431],[-100.822668939,25.916884541],[-100.83442488,25.94504291],[-100.87687866,25.94721917],[-100.90553165,25.95694571],[-100.904606089,26.00870223],[-100.91641566,26.075610551],[-100.942898019,26.08678906],[-100.98274205,26.1394772],[-101.047398179,26.16984602],[-101.068574659,26.189031031],[-101.09761969,26.25291042],[-101.20676271,26.3697782],[-100.90509117,26.60863811],[-100.75303545,26.7352078],[-100.69122889,26.61378942],[-100.6144002,26.68563889],[-100.60130712,26.73707708],[-100.59013583,26.75952066],[-100.53815575,26.8085582],[-100.55135866,26.85872974],[-100.5406658,26.88096998],[-100.5384298,26.90611971],[-100.54492629,26.92534882],[-100.5382394,26.93971985],[-100.54525388,26.97835578],[-100.53973697,26.98625022],[-100.54081834,27.01382338],[-100.53570172,27.02700492],[-100.53880923,27.03867569],[-100.53399785,27.04558443],[-100.65370423,27.07572969],[-100.66248578,27.08651465],[-100.67424249,27.08460497],[-100.67679126,27.10687738],[-100.68271871,27.11139458],[-100.69745285,27.10875274],[-100.70810648,27.09985189],[-100.71965962,27.07920338],[-100.72613008,27.0778822],[-100.73771014,27.08472977],[-100.74862098,27.08125282],[-100.74618302,27.06235529],[-100.73583582,27.04757972],[-100.74771354,27.03625678],[-100.74853083,27.04915269],[-100.765864,27.06332515],[-100.78423,27.05892229],[-100.79943612,27.04583075],[-100.80926852,27.05648248],[-100.80960683,27.06836783],[-100.8305614,27.07388548],[-100.83412342,27.19517397],[-100.67800622,27.33479731],[-100.41769955,27.393632751],[-100.35060985,27.68459855],[-100.18799748,27.79872197]]]}},{"type":"Feature","properties":{"state":"Oaxaca","official_state_name":"Oaxaca","state_code_inegi":"20","postal_range":"68-71","postal_codes":["68","69","70","71"],"question_count":4,"question_01":"68","question_02":"69","question_03":"70","question_04":"71"},"geometry":{"type":"MultiPolygon","coordinates":[[[[-96.231332291,15.687225903],[-96.227118622,15.687061564],[-96.228251285,15.685270021],[-96.231332291,15.687225903]]],[[[-96.222104554,15.690943098],[-96.223573195,15.690207514],[-96.223325727,15.690839964],[-96.222104554,15.690943098]]],[[[-96.163999349,15.718176604],[-96.160218297,15.718180039],[-96.16145549,15.716388195],[-96.163999349,15.718176604]]],[[[-96.119760361,15.747458562],[-96.11804207,15.747569119],[-96.118596131,15.747043903],[-96.119760361,15.747458562]]],[[[-96.117252608,15.748241091],[-96.117065831,15.747778191],[-96.117604322,15.748002734],[-96.117252608,15.748241091]]],[[[-96.116083311,15.748915825],[-96.115840195,15.748610485],[-96.115973998,15.748532348],[-96.116083311,15.748915825]]],[[[-96.116526294,15.749152806],[-96.116243729,15.749139189],[-96.116427591,15.748867514],[-96.116526294,15.749152806]]],[[[-96.085098886,15.763720158],[-96.082760379,15.764040637],[-96.083819579,15.762527942],[-96.085098886,15.763720158]]],[[[-96.094731552,15.771962671],[-96.095036424,15.771626681],[-96.095113223,15.771789513],[-96.094731552,15.771962671]]],[[[-97.352965294,15.937609913],[-97.351882813,15.936374073],[-97.352791518,15.936617198],[-97.352965294,15.937609913]]],[[[-95.576365587,15.941864563],[-95.574275526,15.940351941],[-95.576885206,15.941400378],[-95.576365587,15.941864563]]],[[[-96.68214488,18.66884172],[-96.64580917,18.64039052],[-96.63165318,18.63566723],[-96.61668197,18.61907406],[-96.59537445,18.61147685],[-96.56094709,18.58769862],[-96.5413238,18.58825314],[-96.53730495,18.58395094],[-96.525475,18.5877736],[-96.51750511,18.58157317],[-96.50876122,18.58946057],[-96.49974932,18.58950242],[-96.48874432,18.58124866],[-96.47734829,18.5799418],[-96.47326902,18.57331218],[-96.45730883,18.57043742],[-96.45110672,18.55713018],[-96.45502878,18.54928532],[-96.42076198,18.5104578],[-96.4234816,18.50180409],[-96.41656025,18.49927412],[-96.41118551,18.47692106],[-96.41817718,18.47605612],[-96.41802257,18.47048208],[-96.41240006,18.46475814],[-96.40459711,18.46777797],[-96.40359605,18.44634942],[-96.40010152,18.44417468],[-96.40298454,18.4399194],[-96.39331311,18.43706175],[-96.38933731,18.44048075],[-96.38924808,18.42837652],[-96.37619577,18.42464855],[-96.3741616,18.41739926],[-96.36779248,18.41736682],[-96.36173146,18.40707568],[-96.35258777,18.41024734],[-96.34455405,18.39850766],[-96.34902326,18.38844057],[-96.3453428,18.37969546],[-96.33931754,18.37563249],[-96.33106809,18.37922838],[-96.33505331,18.37251734],[-96.31732791,18.36453725],[-96.3206656,18.36021455],[-96.31353846,18.34590923],[-96.31752526,18.34009803],[-96.31499275,18.33138938],[-96.31269731,18.32759688],[-96.30560992,18.32902983],[-96.30994786,18.32235334],[-96.286906149,18.311276581],[-96.285491599,18.301687401],[-96.270763749,18.29782335],[-96.27741752,18.29401502],[-96.273888539,18.28591589],[-96.278576149,18.2838184],[-96.26916392,18.27398418],[-96.277269829,18.27140308],[-96.276027879,18.265809891],[-96.283128909,18.26890095],[-96.288236709,18.259761421],[-96.281312819,18.259134751],[-96.266818059,18.245662061],[-96.267993549,18.22445163],[-96.243588689,18.197103771],[-96.23100305,18.18972678],[-96.217478089,18.161967401],[-96.20313298,18.174875231],[-96.17069103,18.186383981],[-96.170235279,18.169802451],[-96.18719568,18.166748891],[-96.18281,18.15781768],[-96.18828205,18.151302941],[-96.179666049,18.140566051],[-96.154225939,18.13180489],[-96.14856812,18.132190121],[-96.143625519,18.140148971],[-96.136715079,18.13403563],[-96.124128219,18.140377521],[-96.12304605,18.15422898],[-96.11715182,18.15516872],[-96.11431648,18.16407132],[-96.0991836,18.16684331],[-96.084226399,18.162534321],[-96.066383089,18.131588581],[-96.05697882,18.134019971],[-96.051389,18.126738251],[-96.046873709,18.13656454],[-96.025689979,18.13346098],[-95.99106746,18.151938881],[-95.98153737,18.14295322],[-95.96716508,18.15422372],[-95.95842348,18.15298534],[-95.95345946,18.15986512],[-95.93725483,18.15663274],[-95.93236883,18.1513546],[-95.93643451,18.14682552],[-95.93334172,18.14166754],[-95.92573765,18.14643078],[-95.92219531,18.14105695],[-95.92213202,18.15080397],[-95.9146468,18.15220048],[-95.91348811,18.13858352],[-95.90716146,18.13564449],[-95.83316694,18.12902683],[-95.79992472,17.95001257],[-95.85020465,17.84453432],[-95.85881557,17.84478349],[-95.84933642,17.82584792],[-95.85578566,17.8055568],[-95.86895563,17.79662494],[-95.8663904,17.77435283],[-95.8847792,17.77182449],[-95.892924309,17.765141321],[-95.902773649,17.73265268],[-95.892107619,17.7206068],[-95.885604379,17.726752741],[-95.872809719,17.727409051],[-95.873396289,17.717133831],[-95.894020429,17.712319981],[-95.89529329,17.70449395],[-95.87101835,17.70216892],[-95.86751163,17.68483934],[-95.84404154,17.67312065],[-95.83063354,17.65262503],[-95.80800632,17.64680048],[-95.80964803,17.63817157],[-95.8033056,17.62936575],[-95.79911043,17.62762843],[-95.78111434,17.63887688],[-95.78249982,17.62577322],[-95.77274098,17.62153878],[-95.77365846,17.6058504],[-95.77722903,17.60430563],[-95.78037722,17.61111726],[-95.78905202,17.61086234],[-95.79470255,17.60351758],[-95.80348578,17.60710029],[-95.80754957,17.59184158],[-95.79185258,17.58636329],[-95.78943037,17.59492478],[-95.79298385,17.60143438],[-95.78175125,17.60302826],[-95.77148038,17.59969805],[-95.77155557,17.58868645],[-95.74490126,17.58599215],[-95.73379728,17.57548145],[-95.72689688,17.57802905],[-95.72955812,17.5710562],[-95.72403717,17.55728671],[-95.72809345,17.55198112],[-95.72048417,17.54352588],[-95.72514937,17.53622608],[-95.70657565,17.53401937],[-95.70223606,17.51853418],[-95.69104078,17.52494778],[-95.69216148,17.53090126],[-95.68515422,17.53753174],[-95.67395512,17.53383734],[-95.6484708,17.53988909],[-95.65410435,17.5603928],[-95.64702551,17.55568872],[-95.64449208,17.54654432],[-95.62714675,17.54797834],[-95.61996932,17.5409966],[-95.60708948,17.53981815],[-95.60511978,17.54901266],[-95.59930705,17.54367385],[-95.59875226,17.53461497],[-95.57956698,17.53757642],[-95.57843329,17.54464852],[-95.56881512,17.55123903],[-95.55987749,17.546773001],[-95.55554714,17.55864154],[-95.55106222,17.55338594],[-95.5396748,17.560574521],[-95.53199629,17.55583403],[-95.52510192,17.56210954],[-95.53110566,17.57061106],[-95.52479322,17.576024221],[-95.51740231,17.569618],[-95.52114505,17.57739185],[-95.51470314,17.57970731],[-95.51402123,17.58545383],[-95.50276725,17.58439502],[-95.50631723,17.59077055],[-95.48417995,17.601899481],[-95.47809511,17.59488322],[-95.47934414,17.5878294],[-95.46301645,17.59639391],[-95.47314134,17.60911302],[-95.45445892,17.61110272],[-95.4560778,17.62308777],[-95.44610738,17.621759801],[-95.434227379,17.63513086],[-95.4268278,17.63657035],[-95.42548995,17.64747249],[-95.41850165,17.64404405],[-95.41303351,17.65186109],[-95.40716217,17.64333209],[-95.40296023,17.65204962],[-95.39532325,17.6517812],[-95.38680769,17.66385729],[-95.3696554,17.66906438],[-95.36789074,17.67365625],[-95.35174245,17.67184032],[-95.35160162,17.67971542],[-95.34375875,17.683659831],[-95.34006145,17.67439809],[-95.33441917,17.67480131],[-95.32874732,17.68578278],[-95.32134977,17.68564423],[-95.31664798,17.6975778],[-95.30661078,17.69715563],[-95.30997051,17.708555151],[-95.30259154,17.71101408],[-95.29780852,17.72214142],[-95.29224418,17.712422251],[-95.27999391,17.71573971],[-95.27919548,17.72189402],[-95.26717658,17.71671282],[-95.26307028,17.7248788],[-95.26902605,17.74093406],[-95.26274422,17.73873912],[-95.258673,17.72854323],[-95.238913,17.73926412],[-95.19028962,17.69203675],[-95.18243535,17.69106263],[-95.18146974,17.68581718],[-95.18770094,17.68063889],[-95.1881316,17.65070146],[-95.19512317,17.65485352],[-95.20120309,17.647411971],[-95.20708,17.6543498],[-95.21844762,17.63932825],[-95.24193342,17.634958],[-95.24290531,17.643676481],[-95.24822563,17.64597806],[-95.25900111,17.62901075],[-95.24841123,17.62558228],[-95.25554931,17.62156946],[-95.27125805,17.6247346],[-95.27021962,17.61573808],[-95.2788454,17.6132428],[-95.26764748,17.60827517],[-95.26475325,17.601563351],[-95.25304798,17.60780632],[-95.25362191,17.60201394],[-95.0765674,17.37293371],[-94.97119215,17.33096958],[-94.96650918,17.33436766],[-94.95097968,17.31564943],[-94.93307737,17.31898354],[-94.92715808,17.3251412],[-94.91148877,17.31429505],[-94.90095297,17.31706049],[-94.89078155,17.311056],[-94.88900377,17.30007838],[-94.91476582,17.29257706],[-94.91309106,17.28623478],[-94.90134869,17.28745275],[-94.90965472,17.26797692],[-94.89542903,17.2563784],[-94.90956766,17.24278148],[-94.90529517,17.23690811],[-94.91121411,17.21370558],[-94.91540686,17.20622137],[-94.92301672,17.20413023],[-94.92281478,17.19378843],[-93.867426771,17.136964913],[-94.139156,16.46178643],[-94.05066485,16.32971392],[-94.032961,16.27594497],[-94.04353437,16.25568692],[-94.03513898,16.24827892],[-94.03519555,16.23955368],[-94.04846992,16.21617148],[-94.1095676,16.17910125],[-94.10276369,16.14251592],[-94.03600811,16.02209472],[-94.00021668,16.00658526],[-94.00021883,16.00308872],[-94.17701932,16.08575946],[-94.27327703,16.12326762],[-94.42736023,16.16984495],[-94.540762217,16.191965194],[-94.6997616,16.20991034],[-94.74368805,16.20814257],[-94.83184505,16.21453678],[-94.9043186,16.21024631],[-95.07013078,16.18336486],[-95.14234202,16.18865075],[-95.15713486,16.179388896],[-95.151458952,16.167748103],[-95.16881135,16.16447535],[-95.188388198,16.168418635],[-95.194538659,16.160981435],[-95.193370455,16.168627612],[-95.197441603,16.168852684],[-95.194010237,16.1727743],[-95.202900224,16.170608125],[-95.197911421,16.168662762],[-95.200744432,16.166232296],[-95.196944405,16.160728991],[-95.197919984,16.150311711],[-95.202531379,16.145650347],[-95.19828691,16.15990942],[-95.20892257,16.15987692],[-95.20963482,16.15448202],[-95.21223131,16.15936614],[-95.213053356,16.152091548],[-95.215102072,16.156912336],[-95.234865875,16.156222292],[-95.248108913,16.146941513],[-95.24749232,16.13334214],[-95.266016617,16.130347645],[-95.280052077,16.12113062],[-95.27565897,16.10740325],[-95.35040917,16.08164092],[-95.378038,16.04634972],[-95.368177183,16.020685433],[-95.42413275,15.9997124],[-95.435568674,15.97581098],[-95.485324264,15.975762437],[-95.493738763,15.973256629],[-95.497695806,15.965609041],[-95.568532165,15.957789199],[-95.58441969,15.94447588],[-95.60557223,15.94245658],[-95.61350574,15.93076277],[-95.64532411,15.92338132],[-95.662643393,15.912354299],[-95.70620628,15.90883289],[-95.77002366,15.89460209],[-95.78003358,15.8847544],[-95.776622716,15.871291347],[-95.83362142,15.86371874],[-95.87947306,15.85113437],[-95.889988231,15.842788741],[-95.9540294,15.82963643],[-95.98066711,15.812303087],[-96.00505285,15.80773625],[-96.03102172,15.79197657],[-96.05344222,15.78725588],[-96.063004987,15.776175631],[-96.06663052,15.78093285],[-96.075109053,15.774979845],[-96.076068823,15.766061137],[-96.094476333,15.77355644],[-96.099859229,15.766815511],[-96.095751725,15.762161201],[-96.107025611,15.75558675],[-96.11172691,15.76320051],[-96.120352972,15.760683556],[-96.118623104,15.766142039],[-96.119148965,15.767115239],[-96.120475709,15.762607711],[-96.12295863,15.76485078],[-96.122730648,15.749837972],[-96.131452563,15.752607665],[-96.129227767,15.743946427],[-96.123913984,15.742095107],[-96.127204779,15.737850149],[-96.141599923,15.734188753],[-96.145606389,15.737747868],[-96.152021994,15.731396535],[-96.143746863,15.727694093],[-96.166161068,15.722837614],[-96.172194112,15.714092777],[-96.17803082,15.71655252],[-96.192816901,15.704590994],[-96.202965302,15.711925683],[-96.20515503,15.70158663],[-96.225811456,15.697631557],[-96.22436417,15.69171782],[-96.235248594,15.691558135],[-96.23736279,15.682467361],[-96.280924674,15.686184376],[-96.307784019,15.682909992],[-96.329111932,15.688087787],[-96.344683124,15.684835063],[-96.35159183,15.690172194],[-96.364703314,15.681842891],[-96.374533657,15.688256971],[-96.426455681,15.696030427],[-96.440301765,15.691733121],[-96.442436141,15.685931995],[-96.453043779,15.681163555],[-96.46459005,15.683231],[-96.46702175,15.67530791],[-96.477396522,15.673973992],[-96.481624674,15.663316408],[-96.495119338,15.665577514],[-96.494871134,15.658019728],[-96.54515798,15.66527812],[-96.55454506,15.6639578],[-96.55454674,15.65819132],[-96.557785154,15.656865273],[-96.571656222,15.666295077],[-96.614226077,15.679325966],[-96.701728897,15.716936337],[-96.808132736,15.73397595],[-96.836030351,15.732356225],[-96.860920227,15.739064639],[-96.86057461,15.742353649],[-96.935209557,15.783127148],[-97.024303725,15.80979043],[-97.049466556,15.827984582],[-97.046537695,15.835592574],[-97.061875445,15.860078752],[-97.070584272,15.855622021],[-97.083785522,15.858608245],[-97.14247562,15.896983362],[-97.212884369,15.923366704],[-97.273755601,15.938184857],[-97.334306935,15.945739645],[-97.358691273,15.944431024],[-97.367943026,15.936646158],[-97.410115507,15.943952827],[-97.422096584,15.941444936],[-97.531381698,15.969210113],[-97.564908427,15.962945621],[-97.618606056,15.975364867],[-97.65575691,15.97779694],[-97.6708614,15.97384796],[-97.67964633,15.962102148],[-97.785623375,15.98074778],[-97.803828139,15.996821062],[-97.854613071,16.025255176],[-97.962845234,16.101198054],[-98.107418492,16.17927963],[-98.18623197,16.21223803],[-98.20427285,16.2285446],[-98.296400946,16.252713852],[-98.420497253,16.26947773],[-98.55263245,16.31595258],[-98.54735255,16.32119968],[-98.54990511,16.32614197],[-98.54220902,16.332704],[-98.54294163,16.34311083],[-98.53339845,16.35158263],[-98.52073322,16.36005405],[-98.5056728,16.36048363],[-98.49499111,16.36864437],[-98.48548312,16.36880442],[-98.48393994,16.37415242],[-98.47943222,16.37310297],[-98.47085537,16.38115514],[-98.45595483,16.38042054],[-98.45418094,16.38579345],[-98.39915783,16.38051262],[-98.34993763,16.44444886],[-98.35987792,16.47170514],[-98.35253228,16.48943145],[-98.36883835,16.49117846],[-98.36833166,16.50085177],[-98.38733294,16.49778632],[-98.38332397,16.51265614],[-98.39250594,16.52737775],[-98.3951394,16.54683643],[-98.38365237,16.54520415],[-98.38341818,16.54964074],[-98.37608889,16.55229371],[-98.34027983,16.5581692],[-98.32997,16.57274826],[-98.29170326,16.57006552],[-98.29282949,16.55778058],[-98.26942657,16.55845548],[-98.24150383,16.56777388],[-98.24097949,16.5727634],[-98.22926877,16.58089103],[-98.20731718,16.58988946],[-98.20846645,16.58464426],[-98.203364219,16.58718042],[-98.19377578,16.621462691],[-98.21420638,16.618795401],[-98.228458779,16.639503711],[-98.234326149,16.65636892],[-98.23306668,16.670633401],[-98.246311999,16.67236675],[-98.24344229,16.696700081],[-98.234892,16.707051781],[-98.23353455,16.71736632],[-98.22134678,16.70854794],[-98.201544619,16.712671821],[-98.20551695,16.69801623],[-98.20027106,16.697235091],[-98.192129139,16.706409951],[-98.18439311,16.70514638],[-98.17521077,16.718003571],[-98.159821949,16.719497151],[-98.153715779,16.725282691],[-98.138994,16.723783801],[-98.136531889,16.731893691],[-98.12569962,16.73908232],[-98.12801929,16.745239281],[-98.12423671,16.749640651],[-98.13474598,16.751505741],[-98.13517783,16.75839311],[-98.12872702,16.76116323],[-98.12050374,16.75472966],[-98.10815703,16.76095138],[-98.10456657,16.78522063],[-98.09787629,16.79292629],[-98.1000504,16.79925511],[-98.09275772,16.80646128],[-98.09381955,16.81199605],[-98.08637605,16.81630815],[-98.081094,16.83340129],[-98.08400206,16.84093412],[-98.07647062,16.84914574],[-98.07233389,16.87424955],[-98.08030948,16.88203743],[-98.08710906,16.91396009],[-98.09563618,16.92373592],[-98.10049498,16.9406674],[-98.10745637,16.9420336],[-98.1064784,16.95672026],[-98.11126131,16.9588684],[-98.09711368,16.9688848],[-98.07523137,17.00722017],[-98.057494399,17.02377646],[-98.03515868,17.02112026],[-98.03015774,17.015757061],[-98.0072764,17.04013734],[-98.04571472,17.05726215],[-98.08091397,17.0665812],[-98.11801074,17.09551529],[-98.15000878,17.10243135],[-98.15342389,17.11040294],[-98.19025945,17.11960482],[-98.19642008,17.11609258],[-98.21265589,17.11871888],[-98.21532774,17.12452752],[-98.22259954,17.12214968],[-98.21990072,17.14504657],[-98.22504598,17.15227992],[-98.21860534,17.16028851],[-98.21443372,17.18450932],[-98.21768114,17.18686432],[-98.20511723,17.19102423],[-98.20040005,17.20381197],[-98.20313623,17.21628742],[-98.22619463,17.24188945],[-98.24434242,17.25146689],[-98.26480908,17.24636089],[-98.27719212,17.25007643],[-98.28848332,17.2382204],[-98.30214285,17.2462858],[-98.32349522,17.27594415],[-98.31783738,17.30238717],[-98.30481052,17.32751983],[-98.28737318,17.32901115],[-98.30491478,17.39430377],[-98.33585075,17.45630463],[-98.32901351,17.47872789],[-98.31188428,17.47749222],[-98.32029762,17.50688208],[-98.33082729,17.51176328],[-98.33364446,17.5255098],[-98.32945183,17.53298095],[-98.34115968,17.54191778],[-98.34530492,17.56258755],[-98.35348085,17.56486074],[-98.35459312,17.57897665],[-98.36140431,17.57927651],[-98.35918932,17.58409952],[-98.36473111,17.58262046],[-98.37697158,17.60534906],[-98.41015194,17.59976874],[-98.43310792,17.62299535],[-98.45050465,17.63334518],[-98.46104474,17.63035886],[-98.47070455,17.67809598],[-98.48617251,17.68099222],[-98.48965563,17.70343889],[-98.48636054,17.70510505],[-98.486699,17.73373155],[-98.49634268,17.76880945],[-98.47067309,17.78909343],[-98.42495698,17.83959451],[-98.42489178,17.86598977],[-98.39875538,17.86091192],[-98.38260395,17.88366974],[-98.36286171,17.8816338],[-98.34907343,17.8931728],[-98.32882491,17.87892646],[-98.32016808,17.88786845],[-98.3020746,17.89310805],[-98.30083092,17.90786148],[-98.29041078,17.914649],[-98.29195405,17.91971748],[-98.28231015,17.93515032],[-98.27332302,17.92236537],[-98.26223032,17.92687692],[-98.26124995,17.92233474],[-98.27019662,17.91559871],[-98.25848417,17.90329708],[-98.25477489,17.88362654],[-98.24754672,17.88322822],[-98.2465376,17.87844263],[-98.2097464,17.87975814],[-98.20275758,17.89240386],[-98.17091111,17.90205837],[-98.16757463,17.90987326],[-98.1708278,17.91407643],[-98.16510485,17.91778786],[-98.17253203,17.92537354],[-98.16960986,17.95283395],[-98.15034894,17.97083786],[-98.12992077,17.97797542],[-98.13039437,17.98808417],[-98.11302615,17.97842523],[-98.09499762,17.98527449],[-98.07520394,17.98062391],[-98.06411783,17.98557657],[-98.04756515,17.98106558],[-98.04671375,17.976205801],[-98.02978685,17.991836451],[-98.02544052,17.98561595],[-97.99958532,17.97552583],[-97.98646906,17.97859989],[-97.97937669,17.96444165],[-97.96756288,17.97070165],[-97.93738032,17.96790085],[-97.93495808,17.96101877],[-97.94884914,17.94815608],[-97.9379948,17.94066917],[-97.93630192,17.917179121],[-97.92075666,17.91734183],[-97.90310486,17.90915697],[-97.87911163,17.91790922],[-97.83235577,17.90853234],[-97.83083989,17.91370082],[-97.81928674,17.91473822],[-97.811213649,17.93812697],[-97.812758229,17.94645692],[-97.803463799,17.953775381],[-97.80337465,17.96045857],[-97.789557219,17.9617966],[-97.772658019,17.970582981],[-97.77398625,17.97700666],[-97.76794109,17.97665289],[-97.766381,18.00591488],[-97.75353063,18.00470778],[-97.72853815,18.0122256],[-97.71874846,18.00382382],[-97.69974223,18.00163652],[-97.69777485,18.01881646],[-97.72992615,18.03732292],[-97.74909523,18.06064029],[-97.77167109,18.06836755],[-97.79854394,18.03580211],[-97.796752779,18.01621485],[-97.78905995,18.01116954],[-97.790920969,18.00415809],[-97.816569679,17.99347669],[-97.82627191,17.97267715],[-97.842604449,17.99608174],[-97.84273349,18.01893062],[-97.83478215,18.04979852],[-97.81067032,18.06771717],[-97.84945998,18.08374068],[-97.86722086,18.11489532],[-97.86748294,18.14457129],[-97.85734382,18.15558091],[-97.85362668,18.167925],[-97.84790231,18.17248285],[-97.83946226,18.17123115],[-97.85052102,18.18305708],[-97.84991145,18.18950614],[-97.85922662,18.19228915],[-97.84410308,18.21615115],[-97.8229606,18.223404],[-97.82762022,18.23693512],[-97.81545511,18.26204668],[-97.79729702,18.28317486],[-97.78319462,18.28628188],[-97.74974723,18.27576395],[-97.72127383,18.27604818],[-97.69970631,18.28822906],[-97.65471371,18.29309255],[-97.64398205,18.27941762],[-97.63402365,18.20006806],[-97.65317592,18.17528872],[-97.61643829,18.15274543],[-97.60929786,18.15368297],[-97.604394,18.13738806],[-97.60815351,18.13101066],[-97.56961978,18.10338737],[-97.561743,18.07296048],[-97.56379169,18.06258058],[-97.55763074,18.04688137],[-97.54390546,18.03344457],[-97.53404566,18.04633835],[-97.52237451,18.04464771],[-97.50591511,18.0278216],[-97.48924458,18.02559157],[-97.46520503,18.02840606],[-97.46874052,18.03070746],[-97.46262169,18.03783262],[-97.45947152,18.03576774],[-97.45322497,18.04374938],[-97.45492632,18.04832592],[-97.44749135,18.05347452],[-97.44814914,18.06598355],[-97.44445762,18.06395206],[-97.441363,18.07194318],[-97.42555918,18.06927597],[-97.41124008,18.10239285],[-97.40547638,18.10194409],[-97.40290425,18.10748935],[-97.37655305,18.09451223],[-97.37447985,18.10129202],[-97.36664468,18.10090989],[-97.36901946,18.10327398],[-97.35485788,18.12180112],[-97.33967245,18.13018986],[-97.3321936,18.14540982],[-97.31844177,18.14578069],[-97.30340868,18.15907855],[-97.266266399,18.15854532],[-97.228666649,18.174591821],[-97.21434846,18.16366763],[-97.205223489,18.17148014],[-97.18722194,18.1751572],[-97.192353179,18.19237498],[-97.18339377,18.199009151],[-97.16736802,18.20090328],[-97.16717828,18.19417311],[-97.14415931,18.16913352],[-97.14403477,18.16342858],[-97.14050665,18.17333091],[-97.13381846,18.17413428],[-97.13864043,18.16710065],[-97.13388522,18.15772032],[-97.12390311,18.16246415],[-97.11375803,18.14946845],[-97.04209414,18.15656942],[-97.04020449,18.17481925],[-97.00294975,18.21272809],[-96.99878494,18.22734132],[-96.99147943,18.23073943],[-96.97414055,18.23243732],[-96.93683531,18.21603198],[-96.93024943,18.23290291],[-96.92187583,18.24061938],[-96.9161542,18.23064185],[-96.91305289,18.23853769],[-96.89675315,18.23766137],[-96.88525848,18.24396349],[-96.85476077,18.24122837],[-96.84171222,18.25645262],[-96.84265669,18.26503115],[-96.83866938,18.26765582],[-96.84323078,18.27107163],[-96.83726068,18.27191998],[-96.82567238,18.29640489],[-96.817574,18.30078622],[-96.8218228,18.32068355],[-96.78421326,18.33832817],[-96.78600168,18.35345209],[-96.78042912,18.36353255],[-96.76349574,18.37500683],[-96.76276394,18.38322983],[-96.74984623,18.38161123],[-96.75463777,18.39215863],[-96.72983637,18.39769512],[-96.74149722,18.38385654],[-96.73305663,18.37412115],[-96.70017775,18.38292905],[-96.69623994,18.37982772],[-96.69624991,18.36475448],[-96.69259752,18.36623714],[-96.69183122,18.38084978],[-96.68161515,18.37558408],[-96.67456332,18.38139542],[-96.68143971,18.38565703],[-96.68103725,18.41220443],[-96.70591295,18.42289437],[-96.70970712,18.42995417],[-96.70499949,18.43201034],[-96.70904295,18.43241903],[-96.70526608,18.43545162],[-96.70532345,18.45671057],[-96.69288328,18.45754932],[-96.6927498,18.46235969],[-96.68818672,18.46273545],[-96.69024537,18.46897334],[-96.68254191,18.47506217],[-96.68565654,18.4896058],[-96.69107842,18.48982792],[-96.68251066,18.49900115],[-96.68227522,18.50711815],[-96.68840452,18.51272794],[-96.70286772,18.51026902],[-96.70616883,18.52633669],[-96.71414734,18.52755811],[-96.7190278,18.52212768],[-96.72689948,18.529829],[-96.71182669,18.54805548],[-96.72422172,18.55898754],[-96.71560478,18.57324149],[-96.69963072,18.55334289],[-96.69094058,18.56797438],[-96.70214898,18.58122671],[-96.68875872,18.58121574],[-96.693828309,18.59120885],[-96.67901263,18.60778057],[-96.67246352,18.60757412],[-96.6749682,18.62434117],[-96.68869697,18.63879283],[-96.68109629,18.64794902],[-96.68214488,18.66884172]]]]}},{"type":"Feature","properties":{"state":"Puebla","official_state_name":"Puebla","state_code_inegi":"21","postal_range":"72-75","postal_codes":["72","73","74","75"],"question_count":4,"question_01":"72","question_02":"73","question_03":"74","question_04":"75"},"geometry":{"type":"Polygon","coordinates":[[[-97.84226937,20.83990637],[-97.83892017,20.83649649],[-97.85011843,20.81692383],[-97.83092863,20.8126796],[-97.83069814,20.80799686],[-97.81376731,20.82006608],[-97.79717875,20.82116369],[-97.79039528,20.81683288],[-97.77387891,20.82301443],[-97.77300168,20.82720138],[-97.75034854,20.81478845],[-97.73891494,20.80153463],[-97.69517932,20.80003885],[-97.70134563,20.79360369],[-97.71314428,20.79983429],[-97.72598297,20.79165365],[-97.72515923,20.77771435],[-97.71918449,20.77550066],[-97.72088514,20.77041229],[-97.72650998,20.77116146],[-97.71895505,20.76295438],[-97.72635372,20.75997732],[-97.72281992,20.74998854],[-97.72846148,20.74126685],[-97.75296791,20.73236991],[-97.75063872,20.70733008],[-97.75685971,20.68949229],[-97.7477098,20.68626005],[-97.74070163,20.68972791],[-97.73706737,20.67965531],[-97.74061969,20.67404238],[-97.73807885,20.66303025],[-97.75210182,20.6576674],[-97.74951122,20.64332046],[-97.7373262,20.64643128],[-97.73120271,20.63779017],[-97.71449697,20.63686045],[-97.70446817,20.62922425],[-97.71539398,20.6090848],[-97.7048374,20.60166471],[-97.69341908,20.60268068],[-97.70190315,20.57186632],[-97.68405645,20.57251017],[-97.68046142,20.56714831],[-97.68477191,20.5542612],[-97.67632346,20.55545886],[-97.65729432,20.54506875],[-97.65774777,20.55547198],[-97.64819649,20.5663122],[-97.63666451,20.55371172],[-97.62543602,20.55843508],[-97.62543566,20.56357694],[-97.61007578,20.56390703],[-97.58995277,20.55614968],[-97.59003917,20.55967306],[-97.58923192,20.56087945],[-97.58795302,20.56107026],[-97.58353086,20.54829829],[-97.57499228,20.54334322],[-97.57832031,20.53743095],[-97.54104334,20.48971162],[-97.54331152,20.48474271],[-97.55605712,20.48469003],[-97.56207112,20.49009017],[-97.57604555,20.49090017],[-97.59588391,20.46399155],[-97.61659334,20.45534883],[-97.62388282,20.45773518],[-97.62776891,20.45034015],[-97.63536508,20.45218555],[-97.64072374,20.44227166],[-97.63546817,20.43235409],[-97.63755411,20.41790555],[-97.64541072,20.40832363],[-97.66099562,20.41295394],[-97.6720752,20.4085294],[-97.67305138,20.41885537],[-97.69772372,20.43251266],[-97.69955529,20.44335574],[-97.70767648,20.44812532],[-97.70918749,20.45510937],[-97.72078795,20.45353831],[-97.72583025,20.45822892],[-97.73459932,20.45130634],[-97.73482789,20.44187629],[-97.750952459,20.41456491],[-97.75584491,20.412955121],[-97.757311689,20.39980952],[-97.76259108,20.397865571],[-97.765641739,20.38122835],[-97.74444995,20.38011015],[-97.74804115,20.37412685],[-97.74374817,20.36873785],[-97.74287652,20.35119677],[-97.70250902,20.32554012],[-97.70068949,20.31991903],[-97.69655315,20.31988809],[-97.69462477,20.33516242],[-97.69008892,20.33360931],[-97.67934494,20.34991788],[-97.67440129,20.34723649],[-97.67689866,20.33919123],[-97.67312512,20.33660729],[-97.68407492,20.32150088],[-97.68985792,20.32008731],[-97.67730817,20.31297869],[-97.68139762,20.30243242],[-97.70427425,20.30324418],[-97.70840565,20.28529323],[-97.72411829,20.28361642],[-97.74089498,20.27457272],[-97.75729751,20.279079],[-97.75124118,20.26012085],[-97.74738718,20.2632056],[-97.73511192,20.24239194],[-97.73730225,20.22816395],[-97.73295351,20.22750558],[-97.73070089,20.20519982],[-97.73859666,20.20209891],[-97.74147442,20.19241449],[-97.7314612,20.18134845],[-97.72022974,20.18916792],[-97.70756192,20.181581],[-97.69871838,20.18237842],[-97.6914686,20.16749677],[-97.68057569,20.16514791],[-97.66311029,20.16948608],[-97.65302546,20.16343295],[-97.64558978,20.1686958],[-97.644392919,20.178006461],[-97.63856394,20.17655148],[-97.6387134,20.18263735],[-97.63232015,20.18322322],[-97.61639134,20.16899718],[-97.60448911,20.16687362],[-97.60838191,20.15164049],[-97.60532328,20.14182955],[-97.6009806,20.14129371],[-97.60506125,20.13172197],[-97.60273531,20.11931382],[-97.58207682,20.10904494],[-97.57865135,20.10251988],[-97.58029308,20.09669106],[-97.594369,20.097464],[-97.59609066,20.0929842],[-97.59123592,20.08171317],[-97.5802576,20.07900789],[-97.57686869,20.08462606],[-97.57085386,20.08191695],[-97.56129569,20.08602191],[-97.55805129,20.10691089],[-97.54815609,20.10119483],[-97.53959257,20.11600925],[-97.52739417,20.11487894],[-97.49483846,20.13734828],[-97.49979866,20.14272183],[-97.49478815,20.14619346],[-97.50433755,20.14898343],[-97.50538408,20.15393815],[-97.48760726,20.16488328],[-97.48479823,20.17388134],[-97.4650594,20.1802184],[-97.46429385,20.22422723],[-97.44527609,20.24616066],[-97.43593617,20.24045785],[-97.42080589,20.24242311],[-97.40816878,20.23209206],[-97.38060506,20.24988162],[-97.37421132,20.24300634],[-97.37772311,20.22289988],[-97.365512398,20.215751201],[-97.28528174,20.19073071],[-97.28319126,20.18111206],[-97.27054392,20.18751898],[-97.26193108,20.17754897],[-97.24404115,20.1822786],[-97.24239263,20.17447751],[-97.16441343,20.15183155],[-97.16100843,20.16071705],[-97.1499912,20.16061426],[-97.15752923,20.14957545],[-97.15198617,20.14612517],[-97.15136389,20.13754034],[-97.12240882,20.13672148],[-97.17402522,20.09217414],[-97.18364002,20.08003855],[-97.17556771,20.0766706],[-97.182037,20.07275298],[-97.18549822,20.06234028],[-97.19542628,20.05434142],[-97.20615191,20.05635492],[-97.21110129,20.04255189],[-97.20358514,20.0253152],[-97.20692723,20.01466782],[-97.22509963,20.00946025],[-97.22529215,20.00205269],[-97.23468738,19.99672722],[-97.23816809,19.98871117],[-97.26066906,19.97725443],[-97.26924909,19.94702728],[-97.25580865,19.93246009],[-97.29182251,19.90025598],[-97.29526598,19.89337031],[-97.29047463,19.88681211],[-97.29992946,19.88150489],[-97.30455903,19.87069469],[-97.3095746,19.85578778],[-97.30824625,19.83444471],[-97.3150416,19.8277554],[-97.31668591,19.817832751],[-97.31312265,19.7904706],[-97.32000335,19.76982614],[-97.32193997,19.73477818],[-97.3137838,19.7351354],[-97.32220482,19.72238723],[-97.3331404,19.71677982],[-97.32827275,19.71178474],[-97.33114158,19.70756749],[-97.32469035,19.70709678],[-97.30742386,19.68453738],[-97.30393002,19.67115554],[-97.32640262,19.67891826],[-97.34116157,19.67575175],[-97.34736422,19.66337534],[-97.40274729,19.61534302],[-97.41846728,19.62721655],[-97.42804665,19.61589718],[-97.42802335,19.60170011],[-97.43427852,19.58884846],[-97.42688129,19.56915968],[-97.42664686,19.54167602],[-97.42237085,19.54405677],[-97.40958968,19.53732934],[-97.40752266,19.52186932],[-97.40210955,19.51538485],[-97.40455588,19.49586629],[-97.39492363,19.49242103],[-97.37067062,19.49499492],[-97.36074611,19.48849345],[-97.35572985,19.49291025],[-97.34825852,19.48462697],[-97.346893,19.45099863],[-97.35388891,19.44722991],[-97.35727628,19.43237672],[-97.38154326,19.43236683],[-97.38993337,19.42892362],[-97.3924058,19.417846],[-97.397356539,19.41906423],[-97.39410235,19.40729557],[-97.37169988,19.40305914],[-97.36045311,19.37602932],[-97.34862009,19.37849371],[-97.33775011,19.39253072],[-97.2849682,19.39163674],[-97.27836323,19.38513831],[-97.25479672,19.38178943],[-97.23362182,19.37121558],[-97.22386906,19.35695871],[-97.21020605,19.35944165],[-97.20670132,19.34898649],[-97.21008826,19.3378778],[-97.20472112,19.32996202],[-97.21560526,19.32331972],[-97.20798894,19.31519112],[-97.20084034,19.31628845],[-97.20027346,19.30926475],[-97.18880005,19.32136758],[-97.17020569,19.32902235],[-97.14845492,19.32025005],[-97.13675151,19.32270397],[-97.12935971,19.30889668],[-97.10199869,19.30361545],[-97.09142535,19.31098512],[-97.08276628,19.31056066],[-97.07118105,19.32151662],[-97.06750822,19.31522975],[-97.05569168,19.31197135],[-97.04551137,19.32128262],[-97.03099058,19.29732677],[-97.01935566,19.296867979],[-97.01475526,19.29007517],[-97.01081506,19.29630702],[-97.00345997,19.296380029],[-96.98556011,19.27939682],[-96.99142194,19.27621468],[-96.99456392,19.2638634],[-97.00440989,19.25690105],[-97.00123451,19.23654602],[-97.00772285,19.23098532],[-97.0148658,19.23194598],[-97.02728892,19.21743477],[-97.05155962,19.20681294],[-97.05615475,19.19766658],[-97.04138562,19.17441722],[-97.04303608,19.16500494],[-97.03830629,19.15767405],[-97.04213609,19.151387],[-97.02943295,19.14293823],[-97.0270518,19.1332362],[-97.03445602,19.13766826],[-97.04583988,19.12802894],[-97.05563308,19.13400217],[-97.067980199,19.148459],[-97.06669271,19.159455321],[-97.09432858,19.16126671],[-97.10872346,19.16840788],[-97.11284637,19.164587751],[-97.13073162,19.16768425],[-97.13652548,19.16011032],[-97.14850862,19.16504811],[-97.17043135,19.1638644],[-97.18063372,19.16932957],[-97.18368202,19.16273822],[-97.19458906,19.17181258],[-97.20963297,19.15985089],[-97.19719794,19.14655911],[-97.21956818,19.13613197],[-97.22232171,19.12342803],[-97.26139946,19.09662726],[-97.26965286,19.06307218],[-97.26662571,19.0303132],[-97.28512577,18.99943085],[-97.25825892,18.97771422],[-97.25334611,18.92875465],[-97.2418156,18.90214271],[-97.24580249,18.89330063],[-97.27137371,18.89081443],[-97.29731158,18.86731029],[-97.29650842,18.8612632],[-97.30796231,18.84815722],[-97.30609182,18.84342485],[-97.32266708,18.83507192],[-97.32038878,18.82190757],[-97.32626358,18.81967666],[-97.3263456,18.81024648],[-97.35303111,18.79128491],[-97.35285031,18.77436128],[-97.34018568,18.77839937],[-97.33701275,18.76837729],[-97.330059,18.7659744],[-97.34035268,18.75865372],[-97.34423829,18.74944392],[-97.33950575,18.74240958],[-97.34719437,18.72743694],[-97.34214949,18.72581592],[-97.35002537,18.71714311],[-97.34219526,18.70589657],[-97.34397458,18.685759],[-97.33726109,18.67859078],[-97.33102582,18.68311902],[-97.3304014,18.67314403],[-97.32317806,18.66430852],[-97.30320266,18.67428562],[-97.29121237,18.65545748],[-97.28186551,18.65249329],[-97.27185192,18.62777915],[-97.25227174,18.6267264],[-97.24524326,18.64021865],[-97.23542915,18.64356948],[-97.21524117,18.62555363],[-97.19691875,18.62958115],[-97.18406823,18.61668703],[-97.17596034,18.61671988],[-97.17440565,18.60666222],[-97.14144277,18.59641791],[-97.14456308,18.57092786],[-97.08347138,18.48394275],[-97.07996752,18.45450778],[-97.07607377,18.46600125],[-97.05196598,18.48573808],[-97.04637815,18.49956022],[-97.02576458,18.5170718],[-97.02104418,18.51242662],[-96.99891734,18.53191646],[-96.99624049,18.52851197],[-96.98481858,18.53120194],[-96.97378755,18.53676352],[-96.97680595,18.5430754],[-96.96520631,18.54166183],[-96.96445972,18.54703223],[-96.95433414,18.55382937],[-96.92594478,18.53492554],[-96.90961755,18.53980983],[-96.90672383,18.54684608],[-96.89925098,18.54864795],[-96.88588275,18.53344362],[-96.87592746,18.53508885],[-96.87351326,18.52323168],[-96.86653317,18.52669203],[-96.86325022,18.51612734],[-96.86730092,18.51459702],[-96.84632769,18.50537832],[-96.84235751,18.49338878],[-96.82509505,18.49811475],[-96.82403863,18.51111058],[-96.81344615,18.51761791],[-96.79701183,18.51193518],[-96.79416428,18.50213165],[-96.79783603,18.49695372],[-96.79296003,18.49191177],[-96.79579549,18.48022328],[-96.78920675,18.46713982],[-96.78094162,18.46592515],[-96.7861728,18.45792589],[-96.77542369,18.44809323],[-96.78481806,18.44419626],[-96.77755278,18.43432003],[-96.78101195,18.42906951],[-96.76318571,18.42705068],[-96.77089886,18.42297782],[-96.75908505,18.40826366],[-96.75366731,18.41171831],[-96.72468303,18.40738774],[-96.73126112,18.40135691],[-96.72821071,18.39730014],[-96.72865,18.39573688],[-96.75393315,18.39262135],[-96.74984623,18.38161123],[-96.76276394,18.38322983],[-96.76349574,18.37500683],[-96.78042912,18.36353255],[-96.78600168,18.35345209],[-96.78421326,18.33832817],[-96.8218228,18.32068355],[-96.817574,18.30078622],[-96.82567238,18.29640489],[-96.83726068,18.27191998],[-96.84323078,18.27107163],[-96.83866938,18.26765582],[-96.84265669,18.26503115],[-96.84171222,18.25645262],[-96.85476077,18.24122837],[-96.88525848,18.24396349],[-96.89675315,18.23766137],[-96.91305289,18.23853769],[-96.9161542,18.23064185],[-96.92187583,18.24061938],[-96.93024943,18.23290291],[-96.93683531,18.21603198],[-96.97414055,18.23243732],[-96.99147943,18.23073943],[-96.99878494,18.22734132],[-97.00294975,18.21272809],[-97.04020449,18.17481925],[-97.04209414,18.15656942],[-97.11375803,18.14946845],[-97.12390311,18.16246415],[-97.13388522,18.15772032],[-97.13864043,18.16710065],[-97.13381846,18.17413428],[-97.14050665,18.17333091],[-97.14403477,18.16342858],[-97.14415931,18.16913352],[-97.16717828,18.19417311],[-97.16736802,18.20090328],[-97.18339377,18.199009151],[-97.192353179,18.19237498],[-97.18722194,18.1751572],[-97.205223489,18.17148014],[-97.21434846,18.16366763],[-97.228666649,18.174591821],[-97.266266399,18.15854532],[-97.30340868,18.15907855],[-97.31844177,18.14578069],[-97.3321936,18.14540982],[-97.33967245,18.13018986],[-97.35485788,18.12180112],[-97.36901946,18.10327398],[-97.36664468,18.10090989],[-97.37447985,18.10129202],[-97.37655305,18.09451223],[-97.40290425,18.10748935],[-97.40547638,18.10194409],[-97.41124008,18.10239285],[-97.42555918,18.06927597],[-97.441363,18.07194318],[-97.44445762,18.06395206],[-97.44814914,18.06598355],[-97.44749135,18.05347452],[-97.45492632,18.04832592],[-97.45322497,18.04374938],[-97.45947152,18.03576774],[-97.46262169,18.03783262],[-97.46874052,18.03070746],[-97.4669182,18.02695131],[-97.50591511,18.0278216],[-97.52237451,18.04464771],[-97.53404566,18.04633835],[-97.54390546,18.03344457],[-97.55763074,18.04688137],[-97.56379169,18.06258058],[-97.561743,18.07296048],[-97.56961978,18.10338737],[-97.60815351,18.13101066],[-97.604394,18.13738806],[-97.60929786,18.15368297],[-97.61643829,18.15274543],[-97.65317592,18.17528872],[-97.63402365,18.20006806],[-97.64398205,18.27941762],[-97.65471371,18.29309255],[-97.69970631,18.28822906],[-97.72127383,18.27604818],[-97.74974723,18.27576395],[-97.78319462,18.28628188],[-97.79729702,18.28317486],[-97.81545511,18.26204668],[-97.82762022,18.23693512],[-97.8229606,18.223404],[-97.84410308,18.21615115],[-97.85922662,18.19228915],[-97.84991145,18.18950614],[-97.85052102,18.18305708],[-97.83946226,18.17123115],[-97.84790231,18.17248285],[-97.85362668,18.167925],[-97.85734382,18.15558091],[-97.86748294,18.14457129],[-97.86722086,18.11489532],[-97.84945998,18.08374068],[-97.81067032,18.06771717],[-97.83478215,18.04979852],[-97.84273349,18.01893062],[-97.842604449,17.99608174],[-97.82627191,17.97267715],[-97.816569679,17.99347669],[-97.790920969,18.00415809],[-97.78905995,18.01116954],[-97.796752779,18.01621485],[-97.79854394,18.03580211],[-97.77167109,18.06836755],[-97.74909523,18.06064029],[-97.72992615,18.03732292],[-97.69777485,18.01881646],[-97.69974223,18.00163652],[-97.71874846,18.00382382],[-97.72853815,18.0122256],[-97.75353063,18.00470778],[-97.766381,18.00591488],[-97.76794109,17.97665289],[-97.77398625,17.97700666],[-97.772658019,17.970582981],[-97.789557219,17.9617966],[-97.80337465,17.96045857],[-97.803463799,17.953775381],[-97.812758229,17.94645692],[-97.811213649,17.93812697],[-97.81928674,17.91473822],[-97.83083989,17.91370082],[-97.83235577,17.90853234],[-97.87911163,17.91790922],[-97.90310486,17.90915697],[-97.92075666,17.91734183],[-97.93630192,17.917179121],[-97.9379948,17.94066917],[-97.94884914,17.94815608],[-97.93495808,17.96101877],[-97.93738032,17.96790085],[-97.96756288,17.97070165],[-97.97937669,17.96444165],[-97.98646906,17.97859989],[-97.99958532,17.97552583],[-98.02544052,17.98561595],[-98.02978685,17.991836451],[-98.04671375,17.976205801],[-98.04756515,17.98106558],[-98.06411783,17.98557657],[-98.07520394,17.98062391],[-98.09499762,17.98527449],[-98.11302615,17.97842523],[-98.13039437,17.98808417],[-98.12992077,17.97797542],[-98.15034894,17.97083786],[-98.16960986,17.95283395],[-98.17253203,17.92537354],[-98.16510485,17.91778786],[-98.1708278,17.91407643],[-98.16757463,17.90987326],[-98.17091111,17.90205837],[-98.20275758,17.89240386],[-98.2097464,17.87975814],[-98.2465376,17.87844263],[-98.24754672,17.88322822],[-98.25477489,17.88362654],[-98.25848417,17.90329708],[-98.27019662,17.91559871],[-98.26124995,17.92233474],[-98.26223032,17.92687692],[-98.27332302,17.92236537],[-98.28231015,17.93515032],[-98.29195405,17.91971748],[-98.29041078,17.914649],[-98.30083092,17.90786148],[-98.3020746,17.89310805],[-98.32016808,17.88786845],[-98.32882491,17.87892646],[-98.34907343,17.8931728],[-98.36286171,17.8816338],[-98.38260395,17.88366974],[-98.39875538,17.86091192],[-98.42076697,17.86369422],[-98.42498011,17.86603117],[-98.42422585,17.89223777],[-98.43551792,17.89141137],[-98.43443822,17.90837231],[-98.44499795,17.92229706],[-98.43246577,17.92610374],[-98.42416506,17.93823835],[-98.4229764,17.94932771],[-98.43273263,17.97199889],[-98.43190648,17.97694123],[-98.42509434,17.97693354],[-98.4327592,17.98390325],[-98.44018758,17.98198154],[-98.44814048,17.99071109],[-98.47146577,17.99178465],[-98.47638666,17.98104362],[-98.50049177,17.99557894],[-98.51451377,17.99255686],[-98.52672482,17.99628885],[-98.52962826,17.97582252],[-98.53606168,17.97568498],[-98.53843292,17.9838042],[-98.54377691,17.97335338],[-98.55394742,17.97877314],[-98.55539032,17.97284011],[-98.58552349,17.97494103],[-98.59518892,17.96562631],[-98.59321226,17.96036222],[-98.59775697,17.96322317],[-98.61048352,17.9580628],[-98.62205422,17.94171235],[-98.63297923,17.94353235],[-98.64033109,17.93532395],[-98.65053817,17.93316105],[-98.66201143,17.94321246],[-98.67295475,17.94326871],[-98.67310283,17.95030275],[-98.68810202,17.96193817],[-98.70012265,17.95448143],[-98.70594806,17.95561445],[-98.70884006,17.9675406],[-98.71344935,17.96662825],[-98.73182748,17.98255302],[-98.74977098,17.9835032],[-98.75463703,17.99072945],[-98.7669468,17.98926566],[-98.80169471,18.00300192],[-98.81493843,18.00169671],[-98.81587598,18.00789114],[-98.80125962,18.02205243],[-98.76709711,18.01961117],[-98.76425762,18.02523922],[-98.7441448,18.033335],[-98.73509786,18.04509512],[-98.75913808,18.04467602],[-98.79707011,18.06264648],[-98.80033665,18.05307782],[-98.81129715,18.05063272],[-98.81299974,18.06487535],[-98.86981182,18.05721666],[-98.852369769,18.117600941],[-98.881876889,18.166162091],[-98.95721909,18.18869751],[-99.00006632,18.19020491],[-98.99406226,18.21285895],[-98.99500391,18.237392],[-98.98905618,18.24935451],[-99.01932995,18.24541105],[-99.023593,18.24918632],[-99.0147074,18.26326586],[-99.03170551,18.27231452],[-99.05577145,18.25017397],[-99.06370989,18.25148303],[-99.06382045,18.26250154],[-99.05322812,18.26415637],[-99.05483272,18.27135431],[-99.06153595,18.2714618],[-99.06936388,18.28323468],[-99.06083952,18.28196069],[-99.05177255,18.28981525],[-99.06009311,18.29666528],[-99.06241503,18.31952974],[-99.06727682,18.31902557],[-99.07049428,18.32683971],[-99.05768918,18.33845769],[-99.05877252,18.34885552],[-99.04852625,18.35124177],[-99.04353958,18.35944871],[-99.03836783,18.35878572],[-99.03562543,18.36547966],[-99.02361014,18.37245388],[-99.01817508,18.38778437],[-99.00093492,18.38825715],[-98.98793868,18.39706377],[-98.98350855,18.40542166],[-98.98769483,18.41185063],[-98.98398009,18.41375535],[-98.98537245,18.42115398],[-98.97798898,18.42398863],[-98.97397037,18.41713905],[-98.95143382,18.41763342],[-98.94940315,18.42260865],[-98.93515195,18.42290385],[-98.91931732,18.43196485],[-98.91517229,18.45782125],[-98.90540577,18.45973971],[-98.91222062,18.46212163],[-98.87057955,18.47920232],[-98.8504086,18.47803466],[-98.84436014,18.49026089],[-98.83645028,18.49457591],[-98.8434138,18.50588428],[-98.83850782,18.50690949],[-98.84034406,18.51277162],[-98.827766259,18.523885543],[-98.81055894,18.51931283],[-98.80381515,18.50243198],[-98.78336131,18.48780249],[-98.78677325,18.48462718],[-98.76100083,18.47544563],[-98.75219135,18.4539242],[-98.74759355,18.45143432],[-98.73808318,18.45573792],[-98.73462482,18.44397495],[-98.72695277,18.43953312],[-98.70669912,18.445112231],[-98.711623689,18.45216157],[-98.70587106,18.455900201],[-98.710283059,18.457420881],[-98.710251769,18.463015421],[-98.706044429,18.463936451],[-98.710415569,18.46806682],[-98.70446205,18.471827861],[-98.707665569,18.478741111],[-98.702462799,18.47992494],[-98.69897388,18.494980491],[-98.707330089,18.492850851],[-98.706672279,18.511367881],[-98.70193994,18.51218595],[-98.70934965,18.513575061],[-98.71336158,18.52056474],[-98.706985999,18.524467721],[-98.70275108,18.53878698],[-98.70688974,18.543777551],[-98.705291309,18.55177983],[-98.71667357,18.56591998],[-98.711814749,18.56998874],[-98.715806749,18.568482251],[-98.716769,18.57311268],[-98.71171749,18.57367931],[-98.71256629,18.5879576],[-98.71983997,18.600709],[-98.71142631,18.61645475],[-98.72086935,18.63890317],[-98.71989608,18.65595337],[-98.73271734,18.67377222],[-98.74188228,18.70217717],[-98.74130648,18.70786112],[-98.72398546,18.71906742],[-98.71590709,18.73918951],[-98.72893937,18.74523646],[-98.73866954,18.73716537],[-98.75349392,18.74296938],[-98.73385823,18.77808286],[-98.72794571,18.805509],[-98.70714625,18.82180097],[-98.70271028,18.83945248],[-98.68407898,18.8629626],[-98.68197717,18.87596137],[-98.67210229,18.8794484],[-98.66131526,18.89780902],[-98.67291475,18.90944086],[-98.68141455,18.90716732],[-98.68796226,18.89845997],[-98.70031366,18.89379571],[-98.70218554,18.881912781],[-98.69775995,18.87695252],[-98.71347151,18.86724362],[-98.71379691,18.87682455],[-98.70568062,18.89078962],[-98.70734323,18.90285551],[-98.67809191,18.92371748],[-98.67391152,18.95105505],[-98.66332078,18.96251248],[-98.64961171,18.9995774],[-98.62927386,19.01708678],[-98.61987463,19.03505957],[-98.62978822,19.04360298],[-98.62696912,19.04982878],[-98.63110262,19.05964654],[-98.62347052,19.06638177],[-98.63929817,19.07744049],[-98.62589249,19.08937646],[-98.63255932,19.10060691],[-98.62548935,19.11957198],[-98.626968,19.12476348],[-98.64065706,19.12545574],[-98.63891618,19.15059915],[-98.63533871,19.14703234],[-98.64702238,19.18482789],[-98.6435712,19.23872986],[-98.62752488,19.25775917],[-98.66347589,19.32479238],[-98.66058797,19.35173638],[-98.64447926,19.35199998],[-98.64430568,19.35823146],[-98.63807978,19.358911],[-98.64039592,19.36471623],[-98.65004968,19.36441545],[-98.65405925,19.36940269],[-98.65713703,19.3970782],[-98.66284795,19.40299825],[-98.65634849,19.42209257],[-98.66017837,19.43209357],[-98.64875749,19.43159315],[-98.65020317,19.43463885],[-98.63738612,19.42598795],[-98.63469711,19.42954809],[-98.6614352,19.45809035],[-98.65322655,19.46598623],[-98.64053589,19.46330406],[-98.63411472,19.46784817],[-98.62940658,19.45701795],[-98.59127565,19.4492142],[-98.57027614,19.46676935],[-98.54375285,19.46039782],[-98.52319214,19.46086868],[-98.51627989,19.43917594],[-98.49051572,19.40407294],[-98.48679814,19.38904232],[-98.47027771,19.36083091],[-98.45305795,19.34480057],[-98.441273,19.32525114],[-98.42835278,19.3275794],[-98.40772137,19.31593171],[-98.41009083,19.291339261],[-98.401763193,19.287880174],[-98.401328622,19.282398181],[-98.380403458,19.261715621],[-98.377267564,19.247464719],[-98.36454634,19.23312525],[-98.36891505,19.226122],[-98.35441398,19.2208596],[-98.3441568,19.20530112],[-98.33068097,19.20015005],[-98.34271029,19.17793974],[-98.32392929,19.16866188],[-98.31217269,19.19039882],[-98.307155939,19.189203941],[-98.269702799,19.16238988],[-98.23024123,19.156728621],[-98.223038889,19.1366376],[-98.20804022,19.13269948],[-98.190706689,19.13998574],[-98.18818397,19.135516551],[-98.197142629,19.127497081],[-98.191638658,19.12193697],[-98.20434782,19.11492892],[-98.184854579,19.115515681],[-98.166175774,19.10507186],[-98.149531459,19.12088395],[-98.144758719,19.121268821],[-98.14969903,19.113866401],[-98.110159317,19.143212051],[-98.100318739,19.163366659],[-98.07757034,19.17685923],[-98.05932663,19.20122642],[-98.0415306,19.21023172],[-98.03168626,19.23093838],[-97.99862342,19.19832474],[-97.966718621,19.187468831],[-97.92820265,19.16421342],[-97.91137425,19.17960926],[-97.90460588,19.1775864],[-97.88983906,19.18695674],[-97.89420758,19.19115398],[-97.89322103,19.20030731],[-97.85098829,19.22293423],[-97.86038337,19.24407737],[-97.87049471,19.24006097],[-97.86513558,19.25394938],[-97.854051819,19.257328291],[-97.870287049,19.27058598],[-97.85971698,19.28719952],[-97.83842866,19.2872644],[-97.83927043,19.30137617],[-97.82085689,19.304731],[-97.80047143,19.30158338],[-97.77138552,19.28375265],[-97.75705409,19.29976798],[-97.74509182,19.30525994],[-97.7370268,19.29669031],[-97.73833274,19.28709963],[-97.71964295,19.30475323],[-97.71574955,19.29784911],[-97.70124802,19.29569122],[-97.69093325,19.28588812],[-97.6695202,19.29213422],[-97.658044689,19.31066452],[-97.64608888,19.30640932],[-97.638948745,19.319050001],[-97.633122289,19.316157981],[-97.626355569,19.32393397],[-97.627009079,19.33366772],[-97.63871172,19.338263121],[-97.63144615,19.35539543],[-97.64029032,19.36075146],[-97.65363115,19.35379997],[-97.65797942,19.36367406],[-97.67385882,19.36747146],[-97.68130172,19.38830335],[-97.6938104,19.38916338],[-97.69817306,19.39561498],[-97.70545485,19.39364137],[-97.70659795,19.40314558],[-97.72113943,19.41857502],[-97.72452512,19.43163695],[-97.74727874,19.43633397],[-97.74469415,19.44504163],[-97.74785875,19.45122726],[-97.75665295,19.45250358],[-97.75480145,19.45754288],[-97.77071123,19.4566142],[-97.77804575,19.4728774],[-97.79685926,19.47244285],[-97.79453868,19.4983746],[-97.81474803,19.48252126],[-97.84611146,19.46882855],[-97.85942248,19.45434594],[-97.86227149,19.45617552],[-97.84735322,19.47400309],[-97.84873909,19.48278191],[-97.87398748,19.5029266],[-97.88148842,19.49980271],[-97.88974826,19.50457909],[-97.88751522,19.51763543],[-97.87168098,19.53215217],[-97.868184764,19.553345377],[-97.87181259,19.561767647],[-97.881534608,19.571721436],[-97.907924557,19.579355891],[-97.916147573,19.594016028],[-97.946706391,19.585630223],[-97.950532751,19.602838176],[-97.958089812,19.603069755],[-97.980678259,19.628541632],[-98.04221202,19.64022471],[-98.03788388,19.64847472],[-98.03643691,19.68584351],[-98.04006688,19.69959262],[-98.06080845,19.72891743],[-98.06692926,19.72519178],[-98.06461283,19.70865522],[-98.07428795,19.70069243],[-98.0828074,19.7007558],[-98.09270175,19.68329795],[-98.09091551,19.67761803],[-98.10100792,19.66804989],[-98.10651302,19.68178122],[-98.11773588,19.68826334],[-98.14373049,19.68364883],[-98.16556431,19.66747586],[-98.18736852,19.6797324],[-98.18981994,19.67101249],[-98.20958143,19.67717418],[-98.22802429,19.67445131],[-98.22808152,19.68041945],[-98.24106728,19.67583615],[-98.25241131,19.6931258],[-98.25531892,19.71882902],[-98.23626309,19.72333395],[-98.21510934,19.74131445],[-98.20934211,19.73835185],[-98.1956988,19.74161966],[-98.19866702,19.75823654],[-98.19437594,19.76537189],[-98.21071578,19.77426615],[-98.22142425,19.77357635],[-98.21615555,19.77841697],[-98.23481545,19.77704551],[-98.25102748,19.79506448],[-98.25085805,19.81275798],[-98.26458218,19.82299929],[-98.26922977,19.84494675],[-98.28674989,19.84909762],[-98.30529209,19.84587052],[-98.301745,19.84737708],[-98.31500434,19.855115601],[-98.30447291,19.87011588],[-98.29107488,19.875812401],[-98.287918339,19.884995481],[-98.291052599,19.888550201],[-98.29093342,19.888877051],[-98.26935185,19.895709141],[-98.2678202,19.91611392],[-98.24807295,19.91753072],[-98.24530906,19.923998081],[-98.25626445,19.92930502],[-98.242192749,19.94114946],[-98.253846489,19.946070221],[-98.251603779,19.948149771],[-98.222081689,19.94693206],[-98.226746489,19.95622217],[-98.21594135,19.96852114],[-98.19782505,19.959793001],[-98.180697649,19.959751571],[-98.160427979,19.978129571],[-98.174263889,19.997739401],[-98.163961139,20.02245782],[-98.17499657,20.02960058],[-98.180902849,20.04698554],[-98.168146459,20.057229711],[-98.165546979,20.07402852],[-98.1571908,20.08486745],[-98.159704738,20.092569971],[-98.12827266,20.10720265],[-98.124607059,20.124069891],[-98.10846246,20.120803401],[-98.09787945,20.145389661],[-98.105079429,20.14227951],[-98.139582649,20.150141621],[-98.139808689,20.154790951],[-98.132608289,20.155032421],[-98.12972682,20.161483111],[-98.1331552,20.1662018],[-98.12795855,20.18594137],[-98.13889655,20.199828881],[-98.153922219,20.208580681],[-98.15506245,20.217432971],[-98.14700522,20.22061403],[-98.147726309,20.226385401],[-98.175924939,20.25422954],[-98.192395679,20.258217751],[-98.20937009,20.243944112],[-98.21296386,20.234291061],[-98.216768199,20.238125492],[-98.229138719,20.236613221],[-98.243812459,20.217943221],[-98.270546169,20.215806281],[-98.278924779,20.225272891],[-98.28444354,20.26278885],[-98.26603712,20.273611091],[-98.25619817,20.286293652],[-98.257571119,20.298130511],[-98.254029649,20.301341882],[-98.236476479,20.304347482],[-98.2305076,20.295284551],[-98.21594823,20.291456582],[-98.206499889,20.296238832],[-98.19448334,20.290837371],[-98.17907757,20.29380837],[-98.18130811,20.33654308],[-98.16325355,20.3278486],[-98.15761343,20.33245177],[-98.14661022,20.33025557],[-98.14264794,20.3319698],[-98.14501466,20.33478303],[-98.12683551,20.33623102],[-98.126184,20.34629635],[-98.11250378,20.35429572],[-98.11564638,20.363107371],[-98.10674031,20.368123371],[-98.10838854,20.373958291],[-98.10188202,20.375218111],[-98.10150071,20.3808762],[-98.08938012,20.38906871],[-98.08837503,20.39640263],[-98.07731791,20.40311975],[-98.07904468,20.40892808],[-98.07189463,20.41639522],[-98.07660102,20.42080995],[-98.07048426,20.43027317],[-98.05200126,20.44187863],[-98.04455365,20.43663488],[-98.03384983,20.44769069],[-98.01138482,20.455772251],[-98.01497425,20.45918669],[-98.00886478,20.482541],[-97.9998508,20.48254472],[-97.99901292,20.4871178],[-97.99366703,20.48491362],[-97.988791,20.4953852],[-97.99742609,20.50609525],[-97.98934103,20.51545435],[-97.97933374,20.51493337],[-97.97263034,20.52320243],[-97.98152648,20.52567945],[-97.98081611,20.54070886],[-97.90968569,20.58637811],[-97.90570174,20.60127817],[-97.90875782,20.60813415],[-97.89497082,20.6238994],[-97.91184415,20.65351512],[-97.90876735,20.66715863],[-97.91783195,20.67393789],[-97.91372814,20.689162],[-97.90627014,20.69071485],[-97.89742569,20.70321383],[-97.9224466,20.71651878],[-97.87911978,20.83427588],[-97.85286794,20.83286835],[-97.84226937,20.83990637]]]}},{"type":"Feature","properties":{"state":"Querétaro","official_state_name":"Querétaro","state_code_inegi":"22","postal_range":"76","postal_codes":["76"],"question_count":1,"question_01":"76"},"geometry":{"type":"Polygon","coordinates":[[[-99.18810832,21.66991709],[-99.16888955,21.63098212],[-99.17189551,21.62703148],[-99.13872406,21.60375105],[-99.12829737,21.58981705],[-99.1422822,21.53543955],[-99.12976878,21.50170258],[-99.12603005,21.46054285],[-99.10516231,21.42048038],[-99.10591543,21.41156008],[-99.09813023,21.40841268],[-99.0928392,21.38170045],[-99.09788305,21.37764191],[-99.09262075,21.36336048],[-99.12945552,21.36204625],[-99.13782958,21.32979189],[-99.10294885,21.32119443],[-99.1028396,21.31788194],[-99.12755889,21.31833655],[-99.12104397,21.30967623],[-99.10579008,21.30204189],[-99.10434535,21.28959786],[-99.08299075,21.29634689],[-99.06142717,21.279474],[-99.05791945,21.2846978],[-99.05324382,21.28163135],[-99.05117674,21.25342968],[-99.06994049,21.24305815],[-99.07373117,21.23577686],[-99.06835448,21.22391878],[-99.05194328,21.21844892],[-99.04307985,21.17867725],[-99.04793455,21.17792808],[-99.05452963,21.15977518],[-99.06133169,21.15420534],[-99.07224662,21.15702074],[-99.05969012,21.16827329],[-99.06330622,21.17490382],[-99.07647931,21.17346395],[-99.07117978,21.16602811],[-99.09063112,21.15309552],[-99.1103974,21.15661088],[-99.11199791,21.14834566],[-99.12679492,21.14670189],[-99.13256489,21.15303178],[-99.14424825,21.14514017],[-99.15052198,21.14775068],[-99.17622089,21.13784151],[-99.18460091,21.12226169],[-99.2062254,21.11868972],[-99.21409649,21.1067756],[-99.23055532,21.10755442],[-99.23421611,21.11280368],[-99.24768132,21.10126569],[-99.27129205,21.11306972],[-99.27226745,21.12160695],[-99.28263458,21.12243865],[-99.28324746,21.13180295],[-99.29583883,21.14176457],[-99.30266437,21.13942072],[-99.30920565,21.14729965],[-99.34182843,21.12365968],[-99.34115725,21.11011102],[-99.34635966,21.10087666],[-99.35876283,21.09965926],[-99.36099415,21.10478426],[-99.37691657,21.09822089],[-99.38847278,21.10411482],[-99.397366659,21.10200328],[-99.398670179,21.08900751],[-99.39433375,21.07937792],[-99.388818289,21.079267291],[-99.3876732,21.06782723],[-99.37581483,21.073367911],[-99.367437459,21.06947969],[-99.368226319,21.06183002],[-99.37707902,21.056615051],[-99.364166459,21.04915591],[-99.36324591,21.041728891],[-99.368356779,21.024765081],[-99.384574829,21.018088911],[-99.38404917,21.007415601],[-99.38995452,21.00413838],[-99.391264369,20.986676631],[-99.396329119,20.98108688],[-99.38827885,20.96619837],[-99.392747819,20.958273351],[-99.39062602,20.95227432],[-99.40724057,20.93710372],[-99.40303523,20.930198171],[-99.415585509,20.9249006],[-99.412556859,20.90542894],[-99.435226579,20.899397],[-99.435009749,20.89074697],[-99.442006149,20.88129455],[-99.440682569,20.87178818],[-99.448582229,20.85852882],[-99.44606406,20.85303106],[-99.454432029,20.85797558],[-99.456539509,20.8490188],[-99.465481629,20.84920186],[-99.488731819,20.83293289],[-99.485289539,20.81782755],[-99.499727459,20.80427337],[-99.488706279,20.79936666],[-99.497253579,20.79094463],[-99.503768849,20.79483294],[-99.496306079,20.7823526],[-99.506452219,20.77171698],[-99.503817,20.76578732],[-99.542775279,20.74621452],[-99.548471289,20.73719775],[-99.543666769,20.71841288],[-99.534274849,20.70597425],[-99.522716049,20.70165702],[-99.505540319,20.68470052],[-99.504937289,20.68081842],[-99.511036599,20.67838671],[-99.500642079,20.67304251],[-99.504298199,20.66869743],[-99.50192266,20.65896222],[-99.52704129,20.65662645],[-99.53881272,20.64366968],[-99.5653444,20.64039415],[-99.57864855,20.62849543],[-99.57894945,20.61883225],[-99.58970811,20.62040014],[-99.59274206,20.61083229],[-99.60741426,20.60640002],[-99.61951128,20.59140695],[-99.62421646,20.60062262],[-99.63458375,20.60565415],[-99.65787037,20.60179929],[-99.66330972,20.59408152],[-99.68025285,20.58886631],[-99.6844004,20.57914989],[-99.69493706,20.58102091],[-99.69641295,20.57444502],[-99.71195208,20.58126662],[-99.71445325,20.57690978],[-99.72824337,20.57510634],[-99.73868326,20.560520801],[-99.77932882,20.55930491],[-99.804625079,20.544758381],[-99.828071179,20.543007651],[-99.85910642,20.26847055],[-99.91139063,20.28559063],[-99.91950097,20.28166538],[-99.92955045,20.26845766],[-99.92846695,20.25022114],[-99.93408357,20.24977003],[-99.92839532,20.23268657],[-99.92238151,20.23113948],[-99.91846455,20.21178482],[-99.95093302,20.21590351],[-99.95273791,20.24043528],[-99.9581594,20.25176469],[-99.97420034,20.26280392],[-99.97703103,20.27237525],[-99.98494289,20.26480048],[-99.98115825,20.24394377],[-99.973298889,20.23685803],[-99.975697749,20.232329121],[-99.969888769,20.21844778],[-99.964503569,20.21629786],[-99.965229819,20.201157511],[-99.94633597,20.18924291],[-99.94707117,20.18450808],[-99.93713525,20.18173177],[-99.94118309,20.1790152],[-99.9323452,20.17401203],[-99.93520622,20.16525345],[-99.92190282,20.15873997],[-99.93621277,20.162523034],[-99.93757654,20.15297326],[-99.93075372,20.14313189],[-99.9391746,20.13529203],[-99.94220645,20.12010034],[-99.93605134,20.09906075],[-99.92376685,20.08413468],[-99.92633742,20.06433068],[-99.98019265,20.05914745],[-99.97846822,20.07404545],[-100.00035234,20.0774804],[-100.00563977,20.06420051],[-100.027616,20.05657708],[-100.04379797,20.03656622],[-100.06172582,20.03879054],[-100.06562643,20.03135914],[-100.08134077,20.02885025],[-100.08881794,20.01501829],[-100.09134325,20.02425957],[-100.10549623,20.0267442],[-100.12025205,20.03891169],[-100.1326954,20.04057505],[-100.14683071,20.05747315],[-100.16219445,20.06253855],[-100.15725955,20.07110526],[-100.1644622,20.07834652],[-100.166841,20.07483528],[-100.1717032,20.07822415],[-100.1767356,20.07090948],[-100.18308723,20.07385543],[-100.17982649,20.08300217],[-100.1932158,20.07483045],[-100.20294109,20.07664937],[-100.19739283,20.12988846],[-100.23560355,20.14345858],[-100.21332077,20.15683369],[-100.20333109,20.17178491],[-100.191863849,20.17600008],[-100.18841277,20.19422494],[-100.18419348,20.18942308],[-100.18114402,20.20880054],[-100.20715262,20.22942152],[-100.24512634,20.25036443],[-100.26045665,20.26750994],[-100.34583311,20.29800022],[-100.35065648,20.28841309],[-100.36945952,20.30251637],[-100.38128857,20.30305162],[-100.39202297,20.31432746],[-100.39401649,20.35023192],[-100.40999518,20.37600642],[-100.44351109,20.38704092],[-100.47618106,20.3896108],[-100.47826992,20.41628637],[-100.489498,20.43139411],[-100.48838368,20.47331268],[-100.49238212,20.49041554],[-100.49766366,20.49137309],[-100.49735717,20.50483042],[-100.50975558,20.50652685],[-100.50111137,20.51259574],[-100.5085206,20.52620926],[-100.50476545,20.5550334],[-100.48500338,20.55380422],[-100.48209165,20.57150831],[-100.49617743,20.61619374],[-100.52148632,20.62486429],[-100.52953528,20.63866726],[-100.55112518,20.63376605],[-100.56193063,20.67142778],[-100.57395929,20.67206605],[-100.58360349,20.67842426],[-100.58128446,20.69293263],[-100.59653571,20.71726092],[-100.58441452,20.72893735],[-100.54891462,20.73638342],[-100.54812108,20.74956088],[-100.56407731,20.77469688],[-100.55832829,20.80457115],[-100.57336445,20.80367417],[-100.57758894,20.81666975],[-100.56628311,20.8208104],[-100.55933222,20.82991468],[-100.50204862,20.85292046],[-100.50902352,20.87070671],[-100.48499611,20.90078472],[-100.48536677,20.90879972],[-100.46995829,20.90703935],[-100.47223288,20.92844606],[-100.45317648,20.92319905],[-100.45395602,20.90017938],[-100.41339938,20.88743188],[-100.39441531,20.89216695],[-100.3335908,20.89072848],[-100.29839429,20.91529172],[-100.30537822,20.92382683],[-100.29920917,20.93132775],[-100.26554323,20.92924738],[-100.26179669,20.95337308],[-100.27206109,20.96302946],[-100.26362329,20.97099885],[-100.1815276,20.93040166],[-100.17837008,20.93866508],[-100.13531185,20.93726383],[-100.11782778,20.92215512],[-100.06417194,20.9362886],[-100.08073849,20.94985751],[-100.06880277,20.95791202],[-100.07804317,20.97265748],[-100.06985452,20.9834934],[-100.07376014,20.99175834],[-100.06074631,21.00581578],[-100.06894972,21.0228134],[-100.05448012,21.02778508],[-100.02256317,21.0146212],[-100.01106957,21.02850463],[-100.01086962,21.04305078],[-100.00665758,21.04639446],[-100.01976522,21.05512952],[-100.02641888,21.07356232],[-100.021877629,21.10008445],[-100.02754308,21.10025302],[-100.007104369,21.15668469],[-100.002990619,21.15742395],[-100.004107449,21.17366269],[-99.99641766,21.18259491],[-100.00122185,21.18852408],[-100.01108574,21.18946434],[-99.986368049,21.21831003],[-99.94786483,21.21237494],[-99.95471412,21.20567182],[-99.94536218,21.20988537],[-99.942645719,21.19441783],[-99.89934718,21.18389729],[-99.888250949,21.16959502],[-99.871646769,21.16971262],[-99.83125855,21.15732272],[-99.77696963,21.19593851],[-99.775833539,21.20728232],[-99.758105629,21.21640297],[-99.738483459,21.23581777],[-99.68785488,21.22578026],[-99.69870635,21.24075209],[-99.69907631,21.2666984],[-99.67130262,21.30119375],[-99.70756531,21.31454583],[-99.73725312,21.31288497],[-99.73416115,21.30144392],[-99.75789357,21.29214037],[-99.78400309,21.32014957],[-99.78779083,21.32962172],[-99.7848784,21.32786851],[-99.77756528,21.34323543],[-99.79213268,21.3439066],[-99.79452202,21.35739942],[-99.77549554,21.3749686],[-99.78026038,21.38935518],[-99.77206357,21.4063786],[-99.78035378,21.41422443],[-99.77592889,21.42703378],[-99.78058675,21.43481362],[-99.77616294,21.4425222],[-99.77702671,21.46001392],[-99.7717776,21.46630892],[-99.77727038,21.47022065],[-99.77285212,21.48590791],[-99.77735186,21.49595545],[-99.77098506,21.50684229],[-99.74929226,21.52317348],[-99.75259514,21.53265754],[-99.74673514,21.53149245],[-99.74644457,21.53635963],[-99.75093952,21.53562677],[-99.7527548,21.54390752],[-99.7467432,21.57836329],[-99.65954197,21.56794523],[-99.62580078,21.50730191],[-99.60988958,21.49386446],[-99.59198308,21.48626094],[-99.59028445,21.47769715],[-99.57318472,21.46627958],[-99.56435312,21.4536634],[-99.5493452,21.44706772],[-99.55659643,21.43660865],[-99.55193132,21.42839306],[-99.53712235,21.43145374],[-99.49752082,21.41922608],[-99.48836331,21.42196532],[-99.48392126,21.43279205],[-99.47077189,21.43661708],[-99.47357265,21.44110458],[-99.46982245,21.44651454],[-99.44735128,21.44347658],[-99.43627569,21.44985603],[-99.41551962,21.42913338],[-99.40592115,21.42827138],[-99.40245891,21.44159529],[-99.39690266,21.44509332],[-99.39855963,21.46342574],[-99.38887603,21.46489731],[-99.38238245,21.48088688],[-99.38670817,21.50037294],[-99.378857,21.5004594],[-99.371976218,21.50710409],[-99.37010634,21.52214029],[-99.37866085,21.52963497],[-99.37590685,21.54793058],[-99.36369166,21.55328866],[-99.34986091,21.55235738],[-99.32728678,21.53517114],[-99.30548865,21.53291429],[-99.28929711,21.55036188],[-99.29069514,21.55800958],[-99.27440191,21.56532326],[-99.28165805,21.58495689],[-99.28071705,21.60790337],[-99.24349645,21.61505717],[-99.24064043,21.62379014],[-99.2251246,21.6332862],[-99.21673102,21.65336626],[-99.21769755,21.66664648],[-99.19829455,21.66501329],[-99.18810832,21.66991709]]]}},{"type":"Feature","properties":{"state":"Quintana Roo","official_state_name":"Quintana Roo","state_code_inegi":"23","postal_range":"77","postal_codes":["77"],"question_count":1,"question_01":"77"},"geometry":{"type":"MultiPolygon","coordinates":[[[[-87.38855395,18.37704192],[-87.39197875,18.37446925],[-87.39463245,18.38076722],[-87.38855395,18.37704192]]],[[[-87.40878628,18.3901404],[-87.40256242,18.37764142],[-87.40839415,18.38028926],[-87.40878628,18.3901404]]],[[[-87.41155089,18.39206985],[-87.42074026,18.39585386],[-87.42133343,18.39929154],[-87.41748868,18.39957278],[-87.41155089,18.39206985]]],[[[-87.42603883,18.40546671],[-87.42915494,18.40479802],[-87.43006695,18.40952114],[-87.42603883,18.40546671]]],[[[-87.43799902,18.41943185],[-87.43756534,18.42317342],[-87.43452846,18.42307998],[-87.43414374,18.42092709],[-87.43799902,18.41943185]]],[[[-87.43924158,18.42845734],[-87.44739877,18.46004146],[-87.44529262,18.46241745],[-87.43918649,18.45272968],[-87.43924158,18.42845734]]],[[[-87.44456283,18.47541497],[-87.4470492,18.48021966],[-87.44057982,18.51869285],[-87.43715897,18.51613455],[-87.44069069,18.47881732],[-87.44456283,18.47541497]]],[[[-87.43654002,18.55538182],[-87.43920909,18.56036138],[-87.43673875,18.5623184],[-87.43460555,18.55897269],[-87.43654002,18.55538182]]],[[[-87.36191945,18.38514452],[-87.38333891,18.37505743],[-87.38431928,18.3801628],[-87.36440852,18.39341815],[-87.36100189,18.40635855],[-87.33216046,18.44377463],[-87.32820895,18.47633651],[-87.33701983,18.52301509],[-87.32429686,18.5492956],[-87.31442568,18.55545317],[-87.31201628,18.55050858],[-87.33098363,18.52643174],[-87.32004482,18.49263409],[-87.32293146,18.45656112],[-87.36191945,18.38514452]]],[[[-87.43568863,18.58290697],[-87.43924071,18.5874774],[-87.43687731,18.58974725],[-87.43556522,18.5889394],[-87.43568863,18.58290697]]],[[[-87.43951618,18.5984368],[-87.44246311,18.60092182],[-87.440126,18.6132824],[-87.43660365,18.60947509],[-87.43951618,18.5984368]]],[[[-87.3094498,18.60357742],[-87.30543951,18.59756968],[-87.31779257,18.5778126],[-87.32664548,18.57215028],[-87.34103031,18.57349788],[-87.32297346,18.58506712],[-87.32052732,18.59881169],[-87.3094498,18.60357742]]],[[[-87.436376,18.62365528],[-87.43335955,18.63829885],[-87.4202786,18.6600054],[-87.42834757,18.63291926],[-87.436376,18.62365528]]],[[[-87.40782332,18.67668838],[-87.41061932,18.67979682],[-87.394731,18.7118816],[-87.40253938,18.68170837],[-87.40782332,18.67668838]]],[[[-87.38767592,18.72233082],[-87.39269146,18.72316902],[-87.38952002,18.7253278],[-87.38767592,18.72233082]]],[[[-87.38399528,18.73252986],[-87.38751514,18.73252388],[-87.38517203,18.73638838],[-87.38399528,18.73252986]]],[[[-87.30689706,18.73967294],[-87.30326563,18.73900034],[-87.30528862,18.73751625],[-87.30689706,18.73967294]]],[[[-87.27382631,18.7394366],[-87.24534977,18.68349715],[-87.24739546,18.64526831],[-87.26453606,18.61878903],[-87.26757629,18.62283809],[-87.25709208,18.64292694],[-87.2527216,18.66740383],[-87.27862712,18.73573357],[-87.27382631,18.7394366]]],[[[-87.27937875,18.74170422],[-87.28020069,18.74004698],[-87.28071815,18.74358832],[-87.27937875,18.74170422]]],[[[-87.37355952,18.74364449],[-87.37996034,18.74123497],[-87.37237815,18.75303158],[-87.37355952,18.74364449]]],[[[-87.31522697,18.74714463],[-87.31801569,18.74692562],[-87.31781897,18.74841503],[-87.31522697,18.74714463]]],[[[-87.30287194,18.74993135],[-87.29833555,18.7482602],[-87.30343628,18.7448032],[-87.30287194,18.74993135]]],[[[-87.3190214,18.75334908],[-87.32183909,18.75399705],[-87.32031832,18.75592598],[-87.3190214,18.75334908]]],[[[-87.28901618,18.75437483],[-87.2904978,18.75275792],[-87.289785,18.75452023],[-87.28901618,18.75437483]]],[[[-87.32037234,18.76216794],[-87.3219416,18.75892175],[-87.32161631,18.76249052],[-87.32037234,18.76216794]]],[[[-87.32851314,18.75398418],[-87.33177268,18.75855409],[-87.32672818,18.764961],[-87.32503425,18.7616526],[-87.32851314,18.75398418]]],[[[-87.3534266,18.76899888],[-87.35777312,18.76681575],[-87.354257,18.77049675],[-87.3534266,18.76899888]]],[[[-87.35802705,18.77132548],[-87.36110194,18.77197508],[-87.35672443,18.7734992],[-87.35802705,18.77132548]]],[[[-87.31810052,18.77012382],[-87.31934212,18.7666322],[-87.32008042,18.77017529],[-87.31810052,18.77012382]]],[[[-87.34236258,18.78017588],[-87.34938082,18.77867409],[-87.33911928,18.78611283],[-87.34236258,18.78017588]]],[[[-87.64566343,19.18798002],[-87.64028929,19.18454106],[-87.64708385,19.18639388],[-87.64566343,19.18798002]]],[[[-87.62729328,19.19565289],[-87.63401774,19.19306385],[-87.62753514,19.1967002],[-87.62729328,19.19565289]]],[[[-87.62866869,19.20446725],[-87.62852932,19.20255475],[-87.63104002,19.20271503],[-87.62866869,19.20446725]]],[[[-87.64094785,19.21705115],[-87.65202425,19.21554203],[-87.64023855,19.21852369],[-87.61456368,19.23602609],[-87.63131243,19.22149477],[-87.64094785,19.21705115]]],[[[-87.60322092,19.23692083],[-87.60540091,19.23411372],[-87.60602754,19.23505614],[-87.60322092,19.23692083]]],[[[-87.471244,19.33482831],[-87.4642702,19.32895386],[-87.46554182,19.32655422],[-87.471244,19.33482831]]],[[[-87.51842791,19.37081265],[-87.48344386,19.34447505],[-87.4792676,19.33540572],[-87.49484798,19.35069978],[-87.50548972,19.35097325],[-87.50625792,19.35853805],[-87.51498,19.35730288],[-87.51842791,19.37081265]]],[[[-87.57094286,19.39819251],[-87.56544868,19.39725872],[-87.56554689,19.39370532],[-87.57161318,19.39434565],[-87.57094286,19.39819251]]],[[[-87.55550452,19.41070275],[-87.54939549,19.41237455],[-87.54945803,19.40838068],[-87.55550452,19.41070275]]],[[[-87.6585178,19.50560725],[-87.66184951,19.50469175],[-87.65963249,19.50786214],[-87.6585178,19.50560725]]],[[[-87.65719285,19.51254223],[-87.66187054,19.50981483],[-87.6572878,19.51713195],[-87.65719285,19.51254223]]],[[[-87.57690178,19.56603414],[-87.57696,19.56474798],[-87.57741943,19.56519594],[-87.57690178,19.56603414]]],[[[-87.56616672,19.57738449],[-87.567496,19.57716314],[-87.56633934,19.57766155],[-87.56616672,19.57738449]]],[[[-87.65944566,19.58801518],[-87.65998346,19.58747558],[-87.66005122,19.58780914],[-87.65944566,19.58801518]]],[[[-87.71304585,19.58974628],[-87.69058449,19.58793054],[-87.67545669,19.58740651],[-87.69466529,19.58723415],[-87.71304585,19.58974628]]],[[[-87.64719771,19.58685386],[-87.64842508,19.58724963],[-87.64703088,19.58741471],[-87.64719771,19.58685386]]],[[[-87.56144631,19.58087046],[-87.56257235,19.58044734],[-87.56150985,19.58115777],[-87.56144631,19.58087046]]],[[[-87.63628343,19.58795158],[-87.63906783,19.58798686],[-87.63595032,19.58890888],[-87.63628343,19.58795158]]],[[[-87.55771237,19.58356543],[-87.55820858,19.58314952],[-87.55850114,19.58366126],[-87.55771237,19.58356543]]],[[[-87.49771831,19.5925848],[-87.49925497,19.59127089],[-87.49933189,19.59261797],[-87.49771831,19.5925848]]],[[[-87.49081906,19.59888057],[-87.49176045,19.59492043],[-87.49390655,19.5951406],[-87.49081906,19.59888057]]],[[[-87.4623208,19.59669532],[-87.46465035,19.59770146],[-87.46351762,19.59838198],[-87.4623208,19.59669532]]],[[[-87.45869095,19.59777963],[-87.455566,19.59580314],[-87.45826668,19.59613618],[-87.45869095,19.59777963]]],[[[-87.49238218,19.60485803],[-87.48320746,19.60443052],[-87.47890254,19.59981548],[-87.48462003,19.59855362],[-87.48391752,19.60273898],[-87.49238218,19.60485803]]],[[[-87.46484794,19.60334826],[-87.46268934,19.59883585],[-87.47258322,19.60073535],[-87.46484794,19.60334826]]],[[[-87.51902728,19.61274089],[-87.52087658,19.60624838],[-87.52342365,19.60474518],[-87.52340335,19.61290255],[-87.51902728,19.61274089]]],[[[-87.49228651,19.61095738],[-87.49429629,19.60711185],[-87.49513512,19.60700115],[-87.495621,19.60993646],[-87.49228651,19.61095738]]],[[[-87.46511522,19.61328686],[-87.46640325,19.60695862],[-87.46606885,19.61328445],[-87.46511522,19.61328686]]],[[[-87.69674065,19.64545457],[-87.69936509,19.64264488],[-87.69938069,19.6462358],[-87.69674065,19.64545457]]],[[[-87.51905788,19.62857308],[-87.51748549,19.62780614],[-87.52066714,19.62318748],[-87.51905788,19.62857308]]],[[[-87.67408622,19.64121769],[-87.68007002,19.64198688],[-87.68143615,19.64569449],[-87.67577454,19.64510675],[-87.67408622,19.64121769]]],[[[-87.70956308,19.65010569],[-87.70398628,19.64630471],[-87.71345415,19.64878602],[-87.70956308,19.65010569]]],[[[-87.46165992,19.69580828],[-87.45823698,19.69084642],[-87.46427138,19.69470254],[-87.46165992,19.69580828]]],[[[-87.46851723,19.69533043],[-87.46433417,19.69619345],[-87.46425268,19.69376592],[-87.46851723,19.69533043]]],[[[-87.478186379,19.70427157],[-87.46993289,19.70317268],[-87.46831415,19.69917374],[-87.478186379,19.70427157]]],[[[-87.47845155,19.70462848],[-87.47953111,19.70395782],[-87.47908034,19.70525465],[-87.47845155,19.70462848]]],[[[-87.50587422,19.71001271],[-87.48530117,19.70754063],[-87.47974248,19.70463162],[-87.50587422,19.71001271]]],[[[-86.86289929,20.54573312],[-86.86254902,20.5473076],[-86.8590866,20.54718582],[-86.86289929,20.54573312]]],[[[-86.72333337,20.586887301],[-86.75777888,20.52552762],[-86.76338022,20.50708183],[-86.79356275,20.46483915],[-86.80689726,20.45592178],[-86.81811775,20.43827168],[-86.83058697,20.43806108],[-86.87890654,20.37837012],[-86.89846654,20.34418758],[-86.90808098,20.34330285],[-86.93229735,20.31221675],[-86.94731985,20.30431762],[-86.95752865,20.2923768],[-86.98821783,20.27161969],[-86.99437575,20.27454071],[-87.003040814,20.297351281],[-87.017024859,20.299398003],[-87.00988518,20.3155618],[-87.02144034,20.3397638],[-87.025288947,20.366975821],[-87.017061432,20.412170439],[-86.980082354,20.465839784],[-86.975749327,20.483207081],[-86.97443558,20.47912852],[-86.95623252,20.51175958],[-86.954000923,20.508194097],[-86.947341904,20.514269597],[-86.926218725,20.552528243],[-86.89696402,20.56558008],[-86.88160011,20.55769277],[-86.880177923,20.544389091],[-86.864982927,20.537199961],[-86.85433862,20.54990402],[-86.789970837,20.556301772],[-86.76756083,20.56889149],[-86.77362191,20.56323649],[-86.76871203,20.56063529],[-86.76303442,20.56746734],[-86.76740503,20.56833786],[-86.75933723,20.57537015],[-86.7269392,20.59215678],[-86.72333337,20.586887301]]],[[[-86.74869743,21.26508663],[-86.73892777,21.24550868],[-86.71040528,21.20145354],[-86.71844665,21.20554522],[-86.74255258,21.23436137],[-86.74013437,21.23937665],[-86.73986257,21.233700722],[-86.73013511,21.22137568],[-86.745358756,21.254337094],[-86.7530722,21.25778446],[-86.74869743,21.26508663]]],[[[-86.85170875,21.43597165],[-86.87044682,21.4286788],[-86.87851789,21.42043417],[-86.88832891,21.41680752],[-86.87482117,21.42633092],[-86.88264778,21.4248416],[-86.88780666,21.43068675],[-86.88358557,21.43399415],[-86.86866398,21.42965168],[-86.85170875,21.43597165]]],[[[-86.90317055,21.46597431],[-86.90193437,21.45729905],[-86.90393748,21.45112648],[-86.91319452,21.44931749],[-86.90232262,21.4570292],[-86.90317055,21.46597431]]],[[[-86.93613712,21.47547962],[-86.93179743,21.47420582],[-86.92733852,21.46829926],[-86.93401143,21.46682111],[-86.93613712,21.47547962]]],[[[-86.92191625,21.47769935],[-86.91319834,21.47191285],[-86.91178625,21.46635597],[-86.92025389,21.47230651],[-86.92191625,21.47769935]]],[[[-86.9775078,21.53550568],[-86.97202908,21.53098549],[-86.97467309,21.52639172],[-86.9775078,21.53550568]]],[[[-86.80378574,21.53173298],[-86.79152308,21.49403765],[-86.78422278,21.45799937],[-86.78941966,21.46352363],[-86.788685,21.47564778],[-86.794842,21.48463126],[-86.79089412,21.48388371],[-86.79701751,21.50185242],[-86.79577132,21.4893672],[-86.79884923,21.49072606],[-86.80149212,21.50901331],[-86.79807885,21.51209417],[-86.80176925,21.51100337],[-86.80378574,21.53173298]]],[[[-87.00415278,21.56765675],[-87.00365668,21.56206015],[-87.00934092,21.55970895],[-87.00935618,21.56602729],[-87.00415278,21.56765675]]],[[[-87.02547829,21.57385889],[-87.01996703,21.57243408],[-87.01913163,21.56956338],[-87.02547829,21.57385889]]],[[[-87.0857472,21.58941369],[-87.07524972,21.58222111],[-87.07869726,21.57841932],[-87.06598028,21.57045158],[-87.0455024,21.56279862],[-87.04165458,21.56587697],[-87.03149966,21.55873611],[-87.02939254,21.56190814],[-87.02732977,21.55779392],[-87.01030511,21.55744331],[-86.99935458,21.53591417],[-86.98167745,21.52487191],[-86.9748272,21.51054242],[-86.9774108,21.52105992],[-86.97020446,21.53133282],[-86.99005475,21.54328178],[-86.99765943,21.54135403],[-86.997229494,21.551730035],[-86.990192793,21.55280496],[-86.992476733,21.55594692],[-86.985081963,21.551474247],[-86.992788999,21.56223469],[-86.980242258,21.548908769],[-86.983653505,21.54590688],[-86.97592669,21.54760231],[-86.95231889,21.51468674],[-86.94757158,21.49524658],[-86.95245548,21.48859492],[-86.934995221,21.469585921],[-86.93298588,21.46180662],[-86.918961117,21.440188195],[-86.910374713,21.436049599],[-86.896711781,21.410420465],[-86.8923342,21.41134663],[-86.88673622,21.4035462],[-86.87447894,21.34454718],[-86.86180809,21.32305751],[-86.86427268,21.303872],[-86.85886654,21.29562308],[-86.86142509,21.28722611],[-86.85345778,21.27632323],[-86.85091626,21.25586185],[-86.823467594,21.243991579],[-86.82315928,21.2514482],[-86.83156303,21.25372569],[-86.830925438,21.272391817],[-86.836884424,21.272547731],[-86.830328057,21.282632363],[-86.827343737,21.279057103],[-86.821106103,21.281781602],[-86.8274492,21.29632626],[-86.821325118,21.315974601],[-86.802095726,21.32578251],[-86.792542729,21.342364275],[-86.79658651,21.34789354],[-86.79487403,21.36551563],[-86.80568658,21.37523925],[-86.80466166,21.38286895],[-86.813495807,21.393036642],[-86.81005705,21.39856029],[-86.82792069,21.41299805],[-86.82206794,21.42009082],[-86.80983472,21.41290528],[-86.79921974,21.38879886],[-86.79505408,21.38591809],[-86.79994763,21.40238149],[-86.796329153,21.410986127],[-86.801322357,21.412352383],[-86.795804794,21.412256633],[-86.78984909,21.38874246],[-86.79040003,21.345641],[-86.81573766,21.28680111],[-86.81198985,21.26549263],[-86.799785001,21.239198811],[-86.80691369,21.17949108],[-86.8002468,21.15814118],[-86.78810602,21.14347509],[-86.77998312,21.14637728],[-86.761949823,21.136642726],[-86.749634967,21.139776746],[-86.74059942,21.13489645],[-86.751073229,21.125514865],[-86.770256669,21.084823853],[-86.781501545,21.049285009],[-86.77862886,21.03253498],[-86.78765511,21.02980468],[-86.800467569,21.035190471],[-86.81296835,21.02305425],[-86.82872086,20.97959202],[-86.84646812,20.90479814],[-86.86053886,20.89121615],[-86.87792508,20.84140183],[-86.90473525,20.81238592],[-86.92024555,20.80800582],[-86.94045323,20.78232922],[-86.94640657,20.7683254],[-86.96415872,20.74780037],[-86.9627316,20.73009],[-87.01024258,20.70237411],[-87.0184034,20.69073732],[-87.021801838,20.674255546],[-87.047088709,20.647954606],[-87.053455387,20.646844893],[-87.064820294,20.626555677],[-87.071431389,20.625449703],[-87.072774252,20.619069655],[-87.098851635,20.592633916],[-87.133798779,20.563986018],[-87.14280786,20.56241278],[-87.168982665,20.53581282],[-87.18609426,20.52972531],[-87.18976878,20.52179609],[-87.223643889,20.49695497],[-87.231308229,20.497370821],[-87.230509278,20.492695523],[-87.24634858,20.48485408],[-87.24504212,20.47971932],[-87.25288308,20.47752074],[-87.2668657,20.457180908],[-87.28223963,20.44606306],[-87.303398775,20.407012399],[-87.308589279,20.40556722],[-87.310048734,20.395707203],[-87.322924516,20.386515468],[-87.322305566,20.376941871],[-87.33173538,20.36651892],[-87.333424925,20.356487317],[-87.33802597,20.356391682],[-87.335522063,20.353029861],[-87.341402504,20.341643111],[-87.353857745,20.329654506],[-87.350929676,20.321432247],[-87.363569001,20.29394619],[-87.370024657,20.295718591],[-87.374533339,20.290609888],[-87.367573614,20.285954076],[-87.37894589,20.28355722],[-87.381995414,20.267211274],[-87.390900422,20.266018997],[-87.424359548,20.224189126],[-87.457920867,20.149761448],[-87.478031984,20.076008911],[-87.476231243,19.99920089],[-87.47153803,19.99247386],[-87.464326323,19.994507403],[-87.467952693,19.98036234],[-87.465041292,19.95863112],[-87.45247148,19.93323965],[-87.435980221,19.927031878],[-87.432138819,19.908241115],[-87.429935971,19.886185419],[-87.448558402,19.839048281],[-87.452048785,19.834395768],[-87.467574293,19.82802262],[-87.47386708,19.81875349],[-87.476753795,19.803296013],[-87.469623184,19.780233009],[-87.47698988,19.77721565],[-87.4810914,19.78119212],[-87.4756136,19.78401451],[-87.4864704,19.7869582],[-87.48719103,19.80129603],[-87.48106229,19.80348332],[-87.48328026,19.81122371],[-87.47710574,19.8149212],[-87.472498,19.83583646],[-87.46944729,19.8356148],[-87.47262623,19.83262189],[-87.47262028,19.83060715],[-87.46684549,19.83838677],[-87.45202008,19.83697523],[-87.44880834,19.85137397],[-87.43851071,19.86642243],[-87.44195442,19.87541185],[-87.433513191,19.885947856],[-87.43853463,19.88739454],[-87.43116075,19.8882608],[-87.43531368,19.91523194],[-87.4397498,19.91095243],[-87.4589068,19.92481043],[-87.45773478,19.93828969],[-87.46740129,19.94507294],[-87.472978661,19.938160289],[-87.464933704,19.928585338],[-87.462458168,19.916039404],[-87.457284926,19.917080049],[-87.464012197,19.905470244],[-87.463554013,19.893846],[-87.459166699,19.887694002],[-87.44745062,19.89020582],[-87.456461371,19.881294986],[-87.45937394,19.85839105],[-87.464125179,19.861291381],[-87.474333066,19.855268965],[-87.49772294,19.80690363],[-87.515039707,19.798971722],[-87.52160126,19.80087135],[-87.53325149,19.79555366],[-87.54415943,19.79939128],[-87.545241343,19.79572628],[-87.554598665,19.808471957],[-87.578656205,19.790261109],[-87.58523754,19.77192529],[-87.594811886,19.763691865],[-87.615610742,19.724619156],[-87.64280948,19.688030731],[-87.652858865,19.649998384],[-87.66677943,19.61648812],[-87.67933769,19.61457789],[-87.68399051,19.62147114],[-87.67641377,19.62131803],[-87.68939568,19.62622469],[-87.6724476,19.62567498],[-87.66902272,19.62748371],[-87.67978172,19.62885288],[-87.667611,19.62855742],[-87.66068502,19.63426271],[-87.66727951,19.63848955],[-87.65949689,19.63722245],[-87.66337292,19.64743074],[-87.65703337,19.64693114],[-87.6605,19.6513],[-87.6491,19.6881],[-87.65669235,19.68135145],[-87.69342843,19.68107817],[-87.742233896,19.663731272],[-87.742889909,19.64788938],[-87.73840074,19.64117348],[-87.7407116,19.61787143],[-87.74847246,19.59947998],[-87.73889482,19.58651975],[-87.72344822,19.5874866],[-87.726905921,19.582704111],[-87.73491078,19.58394263],[-87.728511105,19.576426736],[-87.70758066,19.57306003],[-87.713871075,19.561224359],[-87.701992136,19.550209404],[-87.68163128,19.558105],[-87.6764,19.5638],[-87.68213706,19.56665645],[-87.68967978,19.56475178],[-87.69245277,19.56184765],[-87.69319009,19.56162223],[-87.68921903,19.56688392],[-87.676779945,19.569362684],[-87.66704672,19.54922128],[-87.67386902,19.54366328],[-87.66935709,19.53755072],[-87.677725226,19.537866076],[-87.68644476,19.533043504],[-87.687240305,19.530473384],[-87.67638371,19.53468743],[-87.6703,19.5286],[-87.6638,19.5294],[-87.66414854,19.52111917],[-87.67297734,19.51901442],[-87.669,19.5126],[-87.66352985,19.51319094],[-87.6717,19.5075],[-87.6695,19.501],[-87.66253812,19.50411272],[-87.65868809,19.50025114],[-87.65044294,19.50516665],[-87.63275897,19.53839938],[-87.61007668,19.55410018],[-87.58250165,19.55645258],[-87.55041669,19.56609945],[-87.5381,19.5577],[-87.53146115,19.56196375],[-87.5368,19.5466],[-87.5257,19.5405],[-87.515,19.5631],[-87.4924,19.5707],[-87.5099,19.5764],[-87.5087,19.5818],[-87.502,19.5806],[-87.5072,19.5867],[-87.5047884,19.59013198],[-87.495400001,19.5858],[-87.49022542,19.59026268],[-87.4819,19.5879],[-87.4517,19.596],[-87.4519,19.6007],[-87.46231799,19.607465693],[-87.44514788,19.62276755],[-87.45334849,19.63758428],[-87.45612811,19.63623746],[-87.4544544,19.64801717],[-87.448281645,19.63211085],[-87.42831278,19.61892846],[-87.419370661,19.603387313],[-87.410056795,19.598173373],[-87.41432698,19.56406586],[-87.423351954,19.551702579],[-87.422299281,19.538812801],[-87.430861533,19.516653832],[-87.42870911,19.49862954],[-87.44020252,19.46903051],[-87.4711056,19.44492506],[-87.491844017,19.436428807],[-87.528476844,19.393996046],[-87.545577243,19.391349466],[-87.549616864,19.393615883],[-87.55506491,19.39144143],[-87.56475758,19.3941852],[-87.553980608,19.39270695],[-87.54146752,19.39992035],[-87.539346401,19.41848335],[-87.54540622,19.41700671],[-87.547895509,19.418572647],[-87.541823422,19.420229763],[-87.539371784,19.425808806],[-87.535737158,19.428188267],[-87.535443056,19.428608123],[-87.535543083,19.429045395],[-87.55458765,19.42678235],[-87.60532,19.39671148],[-87.61891586,19.38181606],[-87.63595548,19.37343391],[-87.65018129,19.33934586],[-87.65626854,19.30279769],[-87.669072141,19.295181798],[-87.6579,19.2821],[-87.6598,19.2668],[-87.68685112,19.23475242],[-87.6865,19.2309],[-87.67359657,19.22795215],[-87.67381892,19.22353671],[-87.68613651,19.22045882],[-87.67685035,19.21909623],[-87.68230928,19.21362392],[-87.682183618,19.205801817],[-87.67387409,19.20576594],[-87.67849148,19.19990678],[-87.66928812,19.19926852],[-87.673576856,19.19396941],[-87.67081714,19.18985389],[-87.6571794,19.19013557],[-87.65519128,19.18113948],[-87.639245,19.18247774],[-87.63775858,19.17715428],[-87.63,19.1834],[-87.63386317,19.18791614],[-87.6244,19.1917],[-87.606873538,19.230238705],[-87.59339417,19.23685497],[-87.58681256,19.246129975],[-87.57782272,19.269845],[-87.599772848,19.242674625],[-87.601652963,19.247879214],[-87.61198783,19.24012188],[-87.56899748,19.27819334],[-87.55621098,19.29609082],[-87.53891063,19.30675495],[-87.516089813,19.308227394],[-87.50963545,19.31978345],[-87.48925428,19.326387101],[-87.463798059,19.325923998],[-87.453583581,19.313055419],[-87.445328398,19.311991919],[-87.51481552,19.23529848],[-87.52628155,19.229961553],[-87.53724329,19.20797623],[-87.54075691,19.15507306],[-87.54859745,19.14436837],[-87.55222817,19.09373146],[-87.549035992,19.086222339],[-87.556289184,19.06859013],[-87.566826539,19.062298528],[-87.590305139,19.006618495],[-87.60533029,18.98766771],[-87.61404507,18.953156175],[-87.62743211,18.93966074],[-87.6314754,18.90301092],[-87.642030482,18.884326469],[-87.64170215,18.86163263],[-87.66257894,18.82777454],[-87.66890988,18.80201465],[-87.66934922,18.7633806],[-87.676555657,18.747933656],[-87.692101133,18.733247722],[-87.686643676,18.73189183],[-87.687978554,18.727886721],[-87.692234458,18.732810778],[-87.69883863,18.72815112],[-87.711765249,18.710112051],[-87.72523051,18.66854383],[-87.739367968,18.582001593],[-87.740626762,18.53902254],[-87.75776451,18.51417602],[-87.761908361,18.497320395],[-87.763791636,18.418316774],[-87.77023834,18.40142262],[-87.78846746,18.38373592],[-87.80209357,18.35230712],[-87.819661317,18.331331738],[-87.827875449,18.310543527],[-87.84429468,18.19094005],[-87.85630805,18.18130582],[-87.86018858,18.18983032],[-87.86751131,18.18823866],[-87.90242566,18.14269225],[-87.92545257,18.16023582],[-88.03029889,18.16036109],[-88.03036589,18.41479429],[-88.24963365,18.41555245],[-88.25009437,18.47307229],[-88.2889866,18.47527295],[-88.3268526,18.49017669],[-88.35111778,18.48447368],[-88.36723477,18.48610675],[-88.38013297,18.47894635],[-88.40239546,18.49665848],[-88.44248928,18.48140142],[-88.4471414,18.47559157],[-88.45422832,18.48851465],[-88.46507008,18.48702308],[-88.47642314,18.49467437],[-88.52058737,18.45925002],[-88.53193528,18.40822163],[-88.55163751,18.37614815],[-88.54438475,18.36002445],[-88.57526618,18.32022471],[-88.6058316,18.29174105],[-88.59725372,18.28887842],[-88.6063888,18.26438705],[-88.60442062,18.24151818],[-88.6155444,18.22327809],[-88.62900742,18.21896849],[-88.63237746,18.21292846],[-88.64164983,18.21637102],[-88.65824742,18.20372289],[-88.66657031,18.20273149],[-88.67349455,18.19422972],[-88.68668223,18.19469598],[-88.69756392,18.18241858],[-88.68439022,18.17780589],[-88.68008882,18.16018489],[-88.6951996,18.14820682],[-88.71860802,18.10882938],[-88.710313,18.09696051],[-88.71959486,18.08388123],[-88.71389797,18.07544982],[-88.71914892,18.07198137],[-88.71668662,18.06052631],[-88.74742271,18.04020169],[-88.76665174,18.03429823],[-88.77077848,18.02917745],[-88.76693492,18.01601835],[-88.7730928,18.00988174],[-88.7698462,18.00678528],[-88.78849562,17.99303748],[-88.78153206,17.98508735],[-88.78445535,17.97986083],[-88.78877732,17.98096789],[-88.79254794,17.97156028],[-88.79596712,17.97433663],[-88.81517132,17.95029928],[-88.83054245,17.94877109],[-88.83371755,17.94192828],[-88.8442656,17.94026935],[-88.8594348,17.92519106],[-88.85415163,17.90774852],[-88.86041885,17.90084117],[-88.85976617,17.89446135],[-88.88294372,17.89622548],[-88.88535694,17.90756166],[-88.89625338,17.90612065],[-88.90658192,17.91585711],[-88.91368211,17.91059455],[-88.92694686,17.92974746],[-88.93374068,17.93128042],[-88.93047571,17.94139043],[-88.93796303,17.94063454],[-88.94477968,17.95912992],[-88.95691706,17.95667794],[-88.95976585,17.95171695],[-88.98325231,17.95798195],[-88.98722386,17.94728431],[-88.99962109,17.96747383],[-88.99815878,17.97166226],[-89.00398875,17.97248554],[-89.00062069,17.98442906],[-89.03752071,18.00512169],[-89.05226388,18.0001906],[-89.05859769,17.99030749],[-89.07635292,17.99381829],[-89.0850602,17.99041768],[-89.11159218,17.96976008],[-89.124214,17.97527835],[-89.13270526,17.97203412],[-89.13621085,17.95543992],[-89.15195663,17.94025691],[-89.15217009,17.95360998],[-89.20587205,17.95409972],[-89.20673894,18.02107995],[-89.16300383,18.01851731],[-89.16336069,18.05788512],[-89.14475354,18.05769908],[-89.14438286,18.08244294],[-89.20245778,18.08327622],[-89.20023665,18.14462934],[-89.14306597,18.1458196],[-89.14287263,18.22416383],[-89.15805868,18.22132698],[-89.15167366,18.29356263],[-89.13235954,18.29340265],[-89.13821406,18.38554389],[-89.1212292,18.38584963],[-89.12549018,18.45062542],[-89.15023782,18.4510594],[-89.15131363,18.72402126],[-89.15574225,18.75311475],[-89.14438185,18.75591874],[-89.14712175,18.99504558],[-89.13581978,19.13237266],[-89.14695143,19.13315666],[-89.14666685,19.42386165],[-89.29656182,19.55117409],[-89.21955657,19.60802225],[-89.22286874,19.63665697],[-89.19024963,19.63331774],[-89.18920314,19.64400594],[-89.14486169,19.63739872],[-89.14952065,19.58124934],[-89.10902446,19.58234938],[-89.10839168,19.61233849],[-89.1336406,19.61463203],[-89.12339852,19.70342415],[-89.07421269,19.69419411],[-89.0760306,19.68543255],[-89.03620046,19.67803952],[-89.03052363,19.70883175],[-88.99752938,19.70488389],[-88.99474128,19.7274396],[-89.04882706,19.72149332],[-89.02516298,19.77670968],[-89.00408743,19.7720074],[-88.99946797,19.79799438],[-88.98440498,19.79816026],[-88.98443915,19.80520514],[-88.97610851,19.81076583],[-88.97445177,19.81810083],[-88.95638672,19.81682355],[-88.9580768,19.81046654],[-88.94385214,19.81344278],[-88.94543375,19.79194632],[-88.92951246,19.79094855],[-88.92029414,19.80397391],[-88.91110397,19.80093758],[-88.90820975,19.82066109],[-88.89758543,19.83686254],[-88.90048802,19.86111402],[-88.89042158,19.85854454],[-88.87912483,19.86239323],[-88.88019154,19.87812488],[-88.82592634,19.87992558],[-88.82041405,19.89047315],[-88.82982472,19.89855445],[-88.82943672,19.9060146],[-88.82728274,19.91092037],[-88.82442542,19.90476291],[-88.81650329,19.90447352],[-88.80974486,19.92599094],[-88.81017622,19.94494668],[-88.80604075,19.94456865],[-88.80563951,19.95383074],[-88.79837765,19.95252302],[-88.79802238,19.97493008],[-88.7907708,19.97202018],[-88.79047988,19.99213351],[-88.78441571,19.99523963],[-88.78350258,20.00818018],[-88.77118054,20.00767038],[-88.77146565,20.01346323],[-88.74247208,20.01508735],[-88.74261535,20.00858278],[-88.73624557,20.00966131],[-88.73234814,20.0140662],[-88.73597891,20.01757655],[-88.72278249,20.01319975],[-88.7221482,20.00512406],[-88.71252358,20.01229558],[-88.70017617,20.01035672],[-88.69475254,20.03003566],[-88.69179629,20.02921342],[-88.68489183,20.07741432],[-88.69080211,20.07702957],[-88.69060891,20.08985612],[-88.6398664,20.12035606],[-88.61917315,20.11717154],[-88.62080846,20.13180355],[-88.61638363,20.13446082],[-88.58797352,20.1314512],[-88.58767566,20.14046968],[-88.57815046,20.13917428],[-88.57668155,20.14807831],[-88.5076212,20.14339109],[-88.50234525,20.19007795],[-88.519929952,20.192328033],[-88.443426183,20.238149784],[-88.415113804,20.232970454],[-88.409122403,20.239728144],[-88.402892004,20.239488884],[-88.409127743,20.252097323],[-88.35190337,20.25902306],[-88.30878843,20.25351003],[-88.26681495,20.26912032],[-88.2646342,20.29034203],[-88.1364896,20.28137178],[-88.047306601,20.366308721],[-88.04753328,20.378818171],[-88.034030061,20.37894009],[-87.992960031,20.41799292],[-87.995065451,20.447316431],[-87.96274205,20.44670603],[-87.74425948,20.653787091],[-87.53314528,20.99960214],[-87.53491291,21.49022245],[-87.48833323,21.48518314],[-87.48658218,21.46525537],[-87.47324382,21.45722588],[-87.43108645,21.46857194],[-87.40281663,21.45720374],[-87.35544898,21.44676809],[-87.34109597,21.43226635],[-87.32738349,21.43248245],[-87.31575669,21.44137472],[-87.29567835,21.43461305],[-87.29271446,21.43994968],[-87.27212977,21.43234112],[-87.27386432,21.44328422],[-87.268109287,21.434103484],[-87.26573934,21.43914542],[-87.264508207,21.43546726],[-87.25852718,21.43778846],[-87.23246218,21.41861078],[-87.22897592,21.43271612],[-87.22245408,21.43132757],[-87.21563982,21.44326157],[-87.18837452,21.43970677],[-87.16661074,21.4497134],[-87.15837518,21.463253],[-87.13175806,21.45974634],[-87.12198378,21.46961457],[-87.11559949,21.46712852],[-87.11173191,21.47122105],[-87.1135068,21.48395869],[-87.106758149,21.50591177],[-87.11080418,21.52006334],[-87.099089196,21.532603341],[-87.104682242,21.546824332],[-87.12870934,21.55453734],[-87.10655088,21.57339417],[-87.10152015,21.58496955],[-87.095081021,21.58326417],[-87.09469149,21.5883006],[-87.0857472,21.58941369]]],[[[-87.03398034,21.58584495],[-86.99998582,21.57138035],[-86.99251306,21.56399611],[-87.0014284,21.5704144],[-87.0145184,21.56983374],[-87.0144334,21.57471365],[-87.02312262,21.58021835],[-87.03031278,21.57461655],[-87.03588288,21.58441858],[-87.04201917,21.58414589],[-87.03398034,21.58584495]]],[[[-87.10253137,21.60541909],[-87.05749266,21.59268582],[-87.0492774,21.58962142],[-87.04618445,21.58513409],[-87.067830326,21.594320918],[-87.088402126,21.589901147],[-87.09647515,21.59731978],[-87.101890351,21.594663876],[-87.098904529,21.602346837],[-87.10606786,21.60127708],[-87.10561162,21.59854091],[-87.10677128,21.59688886],[-87.11146657,21.59863145],[-87.10966069,21.59406285],[-87.12046306,21.58918769],[-87.12953323,21.56836409],[-87.13883483,21.56243589],[-87.14807362,21.56686289],[-87.148411937,21.560336676],[-87.157909386,21.562169058],[-87.16234503,21.55845152],[-87.156854026,21.561109049],[-87.15131191,21.55710785],[-87.16653072,21.55632428],[-87.20239078,21.53062848],[-87.20857832,21.52059423],[-87.22288574,21.51653257],[-87.207037759,21.525965352],[-87.214707119,21.52153539],[-87.219302334,21.523142003],[-87.21720936,21.526471463],[-87.230383544,21.521675669],[-87.233002854,21.523632537],[-87.228893049,21.526367966],[-87.23102695,21.523459313],[-87.224174102,21.526756294],[-87.226939631,21.527731278],[-87.23875137,21.522799417],[-87.235037508,21.526397162],[-87.259088148,21.523257701],[-87.263837552,21.525166029],[-87.26160419,21.529834531],[-87.26618608,21.525007081],[-87.273418452,21.525685584],[-87.28984642,21.51112331],[-87.29232992,21.51815517],[-87.287237646,21.522450662],[-87.296768682,21.519273246],[-87.290826692,21.523729025],[-87.296572257,21.521328743],[-87.293576516,21.524598123],[-87.306112349,21.527954114],[-87.300075791,21.529334923],[-87.31587917,21.52583583],[-87.31524134,21.533996],[-87.324689408,21.539087894],[-87.318836121,21.5396395],[-87.32692994,21.54113582],[-87.325947667,21.547379839],[-87.330649482,21.542368694],[-87.328522864,21.54915751],[-87.33768486,21.54054015],[-87.35871195,21.5352036],[-87.35973794,21.52865683],[-87.36439952,21.52985995],[-87.36079109,21.52239622],[-87.36459486,21.51883737],[-87.376025889,21.519384652],[-87.371829905,21.509781858],[-87.38054171,21.514614],[-87.39031305,21.50309258],[-87.397251075,21.511242609],[-87.36882938,21.53178083],[-87.34500002,21.56050198],[-87.33492195,21.56617992],[-87.30800326,21.54812657],[-87.28092651,21.54148531],[-87.22119065,21.54371592],[-87.14712386,21.57135935],[-87.1187428,21.5961386],[-87.10253137,21.60541909]]]]}},{"type":"Feature","properties":{"state":"San Luis Potosí","official_state_name":"San Luis Potosí","state_code_inegi":"24","postal_range":"78-79","postal_codes":["78","79"],"question_count":2,"question_01":"78","question_02":"79"},"geometry":{"type":"Polygon","coordinates":[[[-100.71121009,24.49152183],[-100.60353334,24.40130006],[-100.59993552,24.34879105],[-100.63306648,24.22598025],[-100.58509291,24.22392543],[-100.59351254,24.17820025],[-100.61339989,24.17394418],[-100.54877112,24.14603057],[-100.51682749,24.13989668],[-100.51958002,24.11838234],[-100.53868326,24.11851603],[-100.523759,24.07145495],[-100.54128266,24.02574762],[-100.56240162,23.91964108],[-100.5467678,23.91743662],[-100.54943431,23.8893146],[-100.53984562,23.88839306],[-100.55029869,23.84220258],[-100.52552995,23.83952591],[-100.52879143,23.81635263],[-100.49760172,23.79871269],[-100.49770628,23.73630971],[-100.49030234,23.73960088],[-100.46793257,23.700087],[-100.46648328,23.68894103],[-100.46186189,23.68906469],[-100.46203818,23.69462735],[-100.44710043,23.69653452],[-100.44572012,23.67733152],[-100.45832845,23.66011255],[-100.4498446,23.65600894],[-100.45435512,23.64990455],[-100.46335054,23.6531402],[-100.47737863,23.63381869],[-100.48865346,23.60504705],[-100.49163689,23.56861251],[-100.46954495,23.56678311],[-100.46751625,23.5435664],[-100.45914749,23.53316377],[-100.45917611,23.51156611],[-100.49416868,23.5284064],[-100.49761692,23.49402702],[-100.51721132,23.42104285],[-100.45708325,23.3664096],[-100.48360785,23.21404566],[-100.47984968,23.19436535],[-100.33175794,23.16268318],[-100.3235152,23.19562745],[-100.36376431,23.18900538],[-100.37431657,23.26532382],[-100.33169254,23.25909237],[-100.32581223,23.26309266],[-100.30625694,23.26094212],[-100.27843498,23.3103684],[-100.22016645,23.29793172],[-100.21823772,23.31013435],[-100.20636423,23.30710886],[-100.22823651,23.25047615],[-100.10381335,23.23153538],[-100.109740199,23.199717861],[-100.118286169,23.200545311],[-100.11898963,23.15242789],[-100.110154999,23.15106989],[-100.11559726,23.12598989],[-100.068742969,23.12115626],[-100.06902911,23.09594178],[-100.01125222,23.06392058],[-100.01269158,23.05889332],[-100.02368102,23.0604742],[-100.06209742,23.03984366],[-100.06690282,23.03144622],[-100.06184234,23.01197963],[-100.07165578,22.9973572],[-100.08632578,23.01106832],[-100.09745531,23.01309097],[-100.08942102,22.96875748],[-100.11084695,22.97571897],[-100.11038363,22.91671442],[-100.04423908,22.9178924],[-100.0293842,22.82439355],[-100.1019204,22.76279275],[-100.09405994,22.75126517],[-100.02234326,22.72592455],[-99.95695814,22.75166652],[-99.88239698,22.74986231],[-99.842819,22.7305572],[-99.84792357,22.67843511],[-99.81402898,22.66076578],[-99.80548585,22.65777314],[-99.79801685,22.66665003],[-99.78503694,22.66850898],[-99.75477858,22.65661065],[-99.72408517,22.6596084],[-99.68253546,22.68112471],[-99.56063829,22.64122049],[-99.53469191,22.61276465],[-99.49453637,22.62086863],[-99.51675746,22.66443689],[-99.54432738,22.74414015],[-99.49678851,22.74849795],[-99.49244869,22.74194798],[-99.47712683,22.74063722],[-99.44205288,22.66361571],[-99.41991272,22.66203754],[-99.39654012,22.6707668],[-99.38555311,22.67026846],[-99.37320048,22.62907768],[-99.32961768,22.63488778],[-99.32138786,22.61673045],[-99.33010752,22.61484469],[-99.32859005,22.6087024],[-99.3140344,22.60989817],[-99.28865338,22.55582417],[-99.27242582,22.51326263],[-99.26314854,22.46979123],[-99.23683875,22.412862],[-99.12056705,22.40663648],[-99.06039945,22.41526852],[-98.93197272,22.39277514],[-98.92554486,22.37174678],[-98.91228263,22.37379792],[-98.88999725,22.35509351],[-98.87228949,22.36741298],[-98.85913814,22.3647406],[-98.84987706,22.36812692],[-98.82146732,22.3562558],[-98.78643129,22.36597909],[-98.75801949,22.36653257],[-98.75167608,22.36902386],[-98.74593957,22.38086535],[-98.73150718,22.38125608],[-98.72638277,22.38977923],[-98.67666158,22.40893285],[-98.67083334,22.40535726],[-98.6815466,22.37157486],[-98.58285566,22.37305254],[-98.57931582,22.37775694],[-98.58230642,22.36010318],[-98.57929065,22.34862811],[-98.56446465,22.34750717],[-98.56451914,22.34257243],[-98.55478618,22.34255626],[-98.55482537,22.33801057],[-98.53521452,22.33787831],[-98.53529605,22.32799752],[-98.52555069,22.32798509],[-98.52555102,22.31883485],[-98.50612008,22.3159744],[-98.50572583,22.30900572],[-98.481994,22.29943763],[-98.47590838,22.2886398],[-98.46437575,22.29668894],[-98.46451663,22.30346574],[-98.44665903,22.30562128],[-98.42770023,22.28345523],[-98.43383855,22.27824415],[-98.43037152,22.27460292],[-98.40755789,22.28420952],[-98.39637811,22.27626191],[-98.40641878,22.26935098],[-98.40509331,22.25607629],[-98.38254702,22.25588214],[-98.37633643,22.25082908],[-98.36813668,22.25537311],[-98.37455585,22.2360794],[-98.32596705,22.2430528],[-98.34461514,22.22208874],[-98.35226122,22.22279878],[-98.33041318,22.20134445],[-98.33654502,22.18769325],[-98.35528008,22.18028845],[-98.43201672,22.12826538],[-98.43225791,22.11781463],[-98.43873706,22.11191494],[-98.42762657,22.10878177],[-98.41882506,22.09801922],[-98.43238675,22.08967],[-98.4308432,22.0793416],[-98.43945212,22.07564709],[-98.44186617,22.06487414],[-98.43464922,22.05166902],[-98.4428854,22.04936765],[-98.44641431,22.04221534],[-98.44354898,22.03298175],[-98.45946389,22.00539825],[-98.45954448,21.99516906],[-98.47233386,21.98797391],[-98.47628608,21.99957306],[-98.48147637,21.99051403],[-98.48199397,21.98299882],[-98.46880577,21.96460132],[-98.49320337,21.9604116],[-98.52200037,21.97943068],[-98.55066502,21.96075006],[-98.56449728,21.96824268],[-98.57883911,21.96609225],[-98.57647137,21.94738611],[-98.56601985,21.93764442],[-98.55128072,21.93373843],[-98.53911188,21.93910114],[-98.53157635,21.94991574],[-98.51559734,21.95126783],[-98.50314566,21.93662642],[-98.50045225,21.92314852],[-98.53107685,21.93442782],[-98.54384705,21.93211746],[-98.54587423,21.91734794],[-98.51489012,21.91763571],[-98.51079751,21.90869705],[-98.52020095,21.89698634],[-98.53820297,21.90580822],[-98.53823098,21.89709368],[-98.54528397,21.88803575],[-98.54044111,21.87348443],[-98.54803354,21.86010509],[-98.52885838,21.86317512],[-98.51448114,21.82389343],[-98.49505432,21.83816726],[-98.48632045,21.83626851],[-98.49311892,21.81394032],[-98.47503829,21.81419205],[-98.47552283,21.80192205],[-98.46236526,21.7912764],[-98.46233577,21.77841437],[-98.45470011,21.76642669],[-98.45944731,21.76231134],[-98.46759695,21.77069814],[-98.48372551,21.75217068],[-98.47639591,21.74919623],[-98.47692418,21.74521926],[-98.49148523,21.73506106],[-98.50421892,21.73804809],[-98.49894622,21.72724278],[-98.51266492,21.72660174],[-98.5166742,21.71685051],[-98.53741051,21.72062425],[-98.5367958,21.71389048],[-98.52711235,21.71527548],[-98.52053169,21.71023146],[-98.53074157,21.69727454],[-98.54384057,21.72339388],[-98.56743471,21.71736774],[-98.57221234,21.70915955],[-98.55883768,21.70353897],[-98.55825548,21.68767186],[-98.57920063,21.67194778],[-98.59778754,21.66887988],[-98.61614258,21.683757],[-98.62199697,21.68238257],[-98.62496182,21.67306535],[-98.61140271,21.67186748],[-98.60947048,21.66722909],[-98.62056162,21.65307328],[-98.63322175,21.65388817],[-98.63374355,21.6425894],[-98.64363069,21.63168171],[-98.63535592,21.62629618],[-98.62805072,21.6304774],[-98.621127,21.62782215],[-98.61935409,21.6024614],[-98.62565212,21.59259562],[-98.62050602,21.58824145],[-98.62574666,21.58545605],[-98.61340955,21.57985783],[-98.60540012,21.5669132],[-98.60778088,21.55578785],[-98.59881643,21.55042866],[-98.60224742,21.54043082],[-98.58507489,21.53577188],[-98.57963443,21.52716222],[-98.56505072,21.52008608],[-98.557452,21.52197828],[-98.53225586,21.50113952],[-98.5355996,21.49246488],[-98.51691306,21.46070171],[-98.52464145,21.44016394],[-98.51929778,21.41550208],[-98.52163645,21.40474854],[-98.51053711,21.40195548],[-98.5079236,21.39193488],[-98.50589174,21.39511474],[-98.50335243,21.39145188],[-98.50495426,21.381997],[-98.51575185,21.37228965],[-98.50737905,21.36997098],[-98.5114258,21.36251314],[-98.51484609,21.3652162],[-98.51744451,21.36186471],[-98.52052002,21.36862858],[-98.52754911,21.36654932],[-98.53197137,21.37853197],[-98.54956648,21.38459843],[-98.56771574,21.37077354],[-98.57601145,21.37463369],[-98.58126248,21.36968655],[-98.59005172,21.37276172],[-98.59923695,21.35842537],[-98.61423282,21.36196888],[-98.61901315,21.35885703],[-98.6234964,21.36471845],[-98.62715565,21.35981474],[-98.62857603,21.3647644],[-98.64404665,21.36653946],[-98.65275015,21.34684418],[-98.67509129,21.34984294],[-98.68358274,21.34196394],[-98.67090828,21.32485878],[-98.64886571,21.3129222],[-98.6319592,21.31310432],[-98.61253134,21.29981269],[-98.60467326,21.30184203],[-98.59913146,21.29205042],[-98.60164858,21.28660308],[-98.59548114,21.28457488],[-98.60393957,21.27644935],[-98.60002154,21.26105366],[-98.60892491,21.252704],[-98.59944871,21.24773106],[-98.60359212,21.21837634],[-98.60874205,21.20140829],[-98.61797655,21.19428488],[-98.65069558,21.18093648],[-98.65852469,21.18610522],[-98.65829708,21.182805921],[-98.66378251,21.18405058],[-98.66893114,21.19485971],[-98.68266006,21.20063786],[-98.68515277,21.19019714],[-98.6946484,21.18219677],[-98.69123774,21.16672852],[-98.70182009,21.16077114],[-98.70365512,21.16848145],[-98.69937297,21.17622852],[-98.70523314,21.18719683],[-98.71471842,21.18343997],[-98.72033851,21.187131],[-98.72833652,21.18434282],[-98.72766077,21.179549421],[-98.73551175,21.18233522],[-98.74161826,21.19276049],[-98.74652871,21.184328291],[-98.76730346,21.18441666],[-98.76408026,21.179570681],[-98.77292138,21.171968771],[-98.78080934,21.18598182],[-98.79084917,21.18804345],[-98.79797068,21.18334342],[-98.79735715,21.19132032],[-98.8081432,21.19324491],[-98.79859423,21.178079781],[-98.79010762,21.17899466],[-98.78879543,21.16638558],[-98.79395335,21.16018363],[-98.79907512,21.16484646],[-98.82118808,21.16040015],[-98.850944657,21.175864984],[-98.8573998,21.189264221],[-98.88265882,21.17961088],[-98.88512589,21.19633986],[-98.89542351,21.20389594],[-98.8951352,21.210378801],[-98.90363877,21.21265714],[-98.90637411,21.223136031],[-98.91508091,21.225193771],[-98.90781188,21.232793171],[-98.89888822,21.231270141],[-98.89989071,21.23856146],[-98.91781811,21.23975455],[-98.92287342,21.24673109],[-98.91772882,21.25550108],[-98.9279408,21.268741951],[-98.929277,21.29272945],[-98.93258014,21.29829489],[-98.94028331,21.29460246],[-98.94496075,21.31133658],[-98.95316808,21.308773],[-98.95651355,21.30180405],[-98.96973268,21.3059752],[-98.97504331,21.2970036],[-98.99296246,21.29947906],[-99.01278451,21.29537091],[-99.04345338,21.27943302],[-99.05791945,21.2846978],[-99.06142717,21.279474],[-99.08299075,21.29634689],[-99.10434535,21.28959786],[-99.10579008,21.30204189],[-99.12104397,21.30967623],[-99.12755889,21.31833655],[-99.1028396,21.31788194],[-99.10294885,21.32119443],[-99.13782958,21.32979189],[-99.12945552,21.36204625],[-99.09262075,21.36336048],[-99.09788305,21.37764191],[-99.0928392,21.38170045],[-99.09813023,21.40841268],[-99.10591543,21.41156008],[-99.10516231,21.42048038],[-99.12603005,21.46054285],[-99.12976878,21.50170258],[-99.1422822,21.53543955],[-99.12829737,21.58981705],[-99.13872406,21.60375105],[-99.17189551,21.62703148],[-99.16888955,21.63098212],[-99.18817506,21.67000543],[-99.19829455,21.66501329],[-99.21769755,21.66664648],[-99.21673102,21.65336626],[-99.2251246,21.6332862],[-99.24064043,21.62379014],[-99.24349645,21.61505717],[-99.28071705,21.60790337],[-99.28165805,21.58495689],[-99.27440191,21.56532326],[-99.29069514,21.55800958],[-99.28929711,21.55036188],[-99.30548865,21.53291429],[-99.32728678,21.53517114],[-99.34986091,21.55235738],[-99.36369166,21.55328866],[-99.37590685,21.54793058],[-99.37866085,21.52963497],[-99.37010634,21.52214029],[-99.371976218,21.50710409],[-99.378857,21.5004594],[-99.38670817,21.50037294],[-99.38229863,21.48121463],[-99.38887603,21.46489731],[-99.39855963,21.46342574],[-99.39690266,21.44509332],[-99.40245891,21.44159529],[-99.40464617,21.42892618],[-99.41551962,21.42913338],[-99.43570815,21.44983325],[-99.44735128,21.44347658],[-99.4691292,21.44675565],[-99.47357265,21.44110458],[-99.47077189,21.43661708],[-99.48435363,21.43250732],[-99.48836331,21.42196532],[-99.503814,21.418563],[-99.52430043,21.42883395],[-99.5529004,21.42906872],[-99.55659643,21.43660865],[-99.5493452,21.44706772],[-99.56435312,21.4536634],[-99.57318472,21.46627958],[-99.59028445,21.47769715],[-99.59198308,21.48626094],[-99.60988958,21.49386446],[-99.62580078,21.50730191],[-99.65954197,21.56794523],[-99.7467432,21.57836329],[-99.7527548,21.54390752],[-99.75093952,21.53562677],[-99.74644457,21.53635963],[-99.74673514,21.53149245],[-99.75259514,21.53265754],[-99.74929226,21.52317348],[-99.77098506,21.50684229],[-99.77751511,21.49471309],[-99.79156946,21.49010414],[-99.7875218,21.47902594],[-99.79177546,21.47481789],[-99.80570755,21.47184626],[-99.81707412,21.46169082],[-99.82529198,21.46652163],[-99.83918135,21.46238563],[-99.83492889,21.47811595],[-99.86377538,21.47431029],[-99.90517412,21.44815915],[-99.94316878,21.46178377],[-99.93896442,21.44978895],[-99.94233312,21.44961982],[-99.94925228,21.45600222],[-99.95147682,21.4722684],[-99.95934602,21.48351374],[-99.94794335,21.49068815],[-99.94570529,21.49743169],[-99.95065483,21.49467737],[-99.9651106,21.50512138],[-99.95631595,21.51823908],[-99.95682229,21.52622708],[-100.06227605,21.52330548],[-100.07584369,21.55793168],[-100.12497785,21.59346554],[-100.1471948,21.61812531],[-100.15436637,21.61735354],[-100.16129351,21.60497658],[-100.17144305,21.60126634],[-100.17248306,21.62933098],[-100.16714922,21.63411822],[-100.17963474,21.65079049],[-100.19283878,21.64695834],[-100.22227543,21.66565152],[-100.24631149,21.6649326],[-100.27213546,21.68734698],[-100.32207814,21.68209417],[-100.35136555,21.69167085],[-100.37553114,21.67982109],[-100.38934885,21.68141122],[-100.39999346,21.6744786],[-100.42305128,21.67505698],[-100.43504425,21.68271846],[-100.44708705,21.67519742],[-100.4452316,21.67200558],[-100.45134938,21.66659894],[-100.44877892,21.66242398],[-100.46158822,21.6375792],[-100.46039691,21.62399091],[-100.47049037,21.60646546],[-100.4856852,21.59527703],[-100.47145312,21.58757032],[-100.46070198,21.57121002],[-100.45538122,21.55625645],[-100.46484597,21.55362154],[-100.46108028,21.54533485],[-100.53395002,21.54232683],[-100.54685888,21.53220491],[-100.58198251,21.52612028],[-100.59138585,21.51560602],[-100.614955,21.50578917],[-100.62191022,21.51898592],[-100.61429931,21.53313455],[-100.63544732,21.54319163],[-100.63854157,21.52829302],[-100.65745608,21.52471797],[-100.66559957,21.52782122],[-100.66562017,21.53522306],[-100.68116792,21.5475046],[-100.69209792,21.54636914],[-100.70071748,21.55254866],[-100.70524432,21.54824048],[-100.71763023,21.55023151],[-100.7343438,21.57872654],[-100.76176318,21.58493522],[-100.77246762,21.59545163],[-100.773295,21.5881218],[-100.79230837,21.59483417],[-100.80949611,21.59204983],[-100.81656097,21.6026534],[-100.85767825,21.61898658],[-100.83432149,21.66455878],[-100.85216603,21.6733502],[-100.86514988,21.6870796],[-100.87011218,21.67249352],[-100.90718337,21.6816368],[-100.90839203,21.69166498],[-100.92127346,21.70027357],[-100.91257757,21.71364874],[-100.93805454,21.72053455],[-100.94350282,21.73262163],[-100.96555185,21.73492557],[-100.98197437,21.75352735],[-101.00002932,21.75640723],[-101.00230331,21.75081694],[-101.00611951,21.75191029],[-101.00517262,21.75723114],[-101.05924797,21.76552074],[-101.13613889,21.75322591],[-101.16126698,21.75750592],[-101.21979463,21.80220038],[-101.21715234,21.81607703],[-101.26231022,21.82344432],[-101.28152658,21.82146815],[-101.28968546,21.81213978],[-101.31948394,21.83533445],[-101.36527366,21.83941672],[-101.42266894,21.82496294],[-101.45358588,21.82669178],[-101.45507234,21.82995854],[-101.4640614,21.82022503],[-101.46596325,21.8270588],[-101.4738734,21.82739102],[-101.49633125,21.80993966],[-101.50351528,21.83012398],[-101.48609134,21.84188672],[-101.48818334,21.85342772],[-101.48041132,21.85925806],[-101.48319623,21.86768078],[-101.46808378,21.87026575],[-101.46645765,21.88022491],[-101.44067483,21.89271623],[-101.44639446,21.90625568],[-101.44180286,21.90933783],[-101.43459592,21.89706506],[-101.41022762,21.90869354],[-101.41199138,21.91865594],[-101.42917286,21.93436114],[-101.40516117,21.94849212],[-101.39715038,21.96776208],[-101.38391174,21.97399072],[-101.38443575,21.9822964],[-101.37659029,21.98118422],[-101.37336572,21.99024935],[-101.32651029,21.99972805],[-101.32939745,22.00716909],[-101.34529848,22.00587992],[-101.34474262,22.01414243],[-101.35243929,22.01308158],[-101.34857245,22.02807112],[-101.33776503,22.02513302],[-101.33923531,22.01498571],[-101.32794249,22.01646846],[-101.32720848,22.02149805],[-101.33246662,22.02461149],[-101.33090075,22.03531518],[-101.351675,22.04378915],[-101.35462069,22.03041306],[-101.36239302,22.03350866],[-101.36569229,22.01854843],[-101.38275537,22.02073791],[-101.3806912,22.02875934],[-101.36973832,22.02751725],[-101.36857337,22.03303102],[-101.37589797,22.03388529],[-101.37707837,22.04496214],[-101.36101177,22.04100106],[-101.35167042,22.05161302],[-101.34658728,22.04969008],[-101.34588528,22.0536064],[-101.35335911,22.05592454],[-101.35423974,22.07173529],[-101.32774498,22.14411206],[-101.33769286,22.14352251],[-101.35130594,22.17675966],[-101.32425315,22.20989346],[-101.35285398,22.22920365],[-101.36167068,22.23848382],[-101.362911,22.24949228],[-101.37680382,22.26165583],[-101.41625892,22.26734554],[-101.40899935,22.28043662],[-101.39815042,22.28142682],[-101.39890011,22.2934002],[-101.39143495,22.29990188],[-101.40551611,22.30345775],[-101.41973249,22.31504182],[-101.43512542,22.34153398],[-101.43297235,22.36327674],[-101.38191055,22.35748508],[-101.37478575,22.45645837],[-101.31372634,22.45349017],[-101.31538349,22.46964897],[-101.28572638,22.50785565],[-101.29632363,22.5354782],[-101.28751929,22.55981132],[-101.30570908,22.60993031],[-101.32578411,22.62975009],[-101.32964957,22.6424808],[-101.33387374,22.64211314],[-101.33693697,22.65875605],[-101.35937609,22.65353294],[-101.38001825,22.67583492],[-101.34923392,22.71177929],[-101.36005762,22.7143372],[-101.411077079,22.74768069],[-101.490964539,22.74287735],[-101.4970036,22.70154102],[-101.567398,22.65677632],[-101.57387969,22.63373242],[-101.57382102,22.61281611],[-101.587325,22.62113172],[-101.58773232,22.62661186],[-101.59528732,22.62407249],[-101.59008315,22.58903575],[-101.65990646,22.5053204],[-101.67474958,22.50653989],[-101.69601849,22.52042211],[-101.74617508,22.50869326],[-101.73536075,22.48021495],[-101.77153529,22.48816332],[-101.77849502,22.48486809],[-101.78336074,22.46503383],[-101.79927571,22.47055946],[-101.83714105,22.49969214],[-101.81989152,22.55129471],[-101.87295771,22.56307335],[-101.85328423,22.65602511],[-101.93975603,22.64572549],[-102.12489688,22.7829522],[-102.19213177,22.86490206],[-102.23808165,23.04764388],[-102.26005097,23.04591551],[-102.24973142,23.0754576],[-102.21415463,23.13131986],[-102.24097403,23.16938043],[-102.23945771,23.20949329],[-102.28936898,23.23169094],[-102.28582548,23.27332014],[-102.25279625,23.2712352],[-102.24467212,23.27676875],[-102.23159685,23.31511635],[-102.24106912,23.31498162],[-102.25469951,23.28083374],[-102.26953366,23.27991288],[-102.26457905,23.29009292],[-102.29603842,23.32050129],[-102.26826194,23.34227789],[-102.25361148,23.36495589],[-102.23815031,23.44690143],[-102.19361522,23.44759911],[-102.19616031,23.42489402],[-102.19134226,23.40138792],[-102.16861497,23.39890752],[-102.16879912,23.36102565],[-102.12253246,23.35386009],[-102.01194383,23.37274855],[-101.77512245,23.44762935],[-101.19250495,23.91855914],[-101.21674638,24.15973191],[-101.17323215,24.16413662],[-101.06540152,24.20702111],[-101.01268868,24.39081914],[-100.98732705,24.43251932],[-100.98823465,24.40955194],[-100.99766543,24.40730386],[-101.00986828,24.38511737],[-101.00328205,24.36801008],[-101.00619431,24.35859705],[-101.01129743,24.35795949],[-101.00667463,24.33583478],[-100.94528598,24.28119589],[-100.85038308,24.34353854],[-100.71121009,24.49152183]]]}},{"type":"Feature","properties":{"state":"Sinaloa","official_state_name":"Sinaloa","state_code_inegi":"25","postal_range":"80-82","postal_codes":["80","81","82"],"question_count":3,"question_01":"80","question_02":"81","question_03":"82"},"geometry":{"type":"MultiPolygon","coordinates":[[[[-106.412921153,23.173295217],[-106.413167974,23.173076812],[-106.41321544,23.173327664],[-106.412921153,23.173295217]]],[[[-106.404472813,23.179950716],[-106.40282074,23.179729302],[-106.403946937,23.178402061],[-106.404472813,23.179950716]]],[[[-106.4406077,23.184676087],[-106.439141152,23.184321948],[-106.440635141,23.18377679],[-106.4406077,23.184676087]]],[[[-106.435877508,23.187535613],[-106.436676927,23.187179545],[-106.436575623,23.187748982],[-106.435877508,23.187535613]]],[[[-106.462995931,23.225243797],[-106.467224709,23.222319278],[-106.463549676,23.227724892],[-106.462995931,23.225243797]]],[[[-106.467314885,23.239182914],[-106.462314149,23.230907863],[-106.464033097,23.22779588],[-106.471302032,23.234100926],[-106.467314885,23.239182914]]],[[[-106.475181031,23.258430977],[-106.473557364,23.251549573],[-106.479497189,23.250355599],[-106.479389772,23.256660636],[-106.475181031,23.258430977]]],[[[-108.366656911,25.158080616],[-108.354127161,25.161845096],[-108.368731856,25.148869485],[-108.372009665,25.152197191],[-108.37349592,25.153087939],[-108.376306569,25.15692536],[-108.377784498,25.158204038],[-108.377060729,25.167000397],[-108.371692135,25.157132419],[-108.363030154,25.168616161],[-108.366656911,25.158080616]]],[[[-108.38094349,25.181634584],[-108.380696714,25.161207326],[-108.378545288,25.160136244],[-108.377668898,25.157763947],[-108.374326493,25.153876674],[-108.372995636,25.152575253],[-108.372103617,25.152149978],[-108.368867965,25.148820569],[-108.384055488,25.160242171],[-108.386226933,25.175473118],[-108.38094349,25.181634584]]],[[[-108.379766753,25.183650827],[-108.376117449,25.167922053],[-108.379171451,25.171507655],[-108.38068631,25.180585857],[-108.379766753,25.183650827]]],[[[-108.47551446,27.0399452],[-108.47193875,27.03059863],[-108.46430897,27.04009991],[-108.45479106,27.02703586],[-108.4431016,27.02949806],[-108.41372746,27.02015842],[-108.40964045,27.01340495],[-108.3716374,27.02301183],[-108.35010994,27.02255443],[-108.33332622,27.00459631],[-108.32202602,27.00893655],[-108.32598137,27.02049295],[-108.31655805,27.03448835],[-108.30338766,27.03662035],[-108.29463354,27.02586825],[-108.28891423,27.02657992],[-108.29093228,27.01483031],[-108.28601014,27.01247065],[-108.26293129,27.0267556],[-108.250447599,27.04103149],[-108.24121869,27.04184605],[-108.22585405,27.02722135],[-108.2115662,27.03444889],[-108.1942744,27.03195335],[-108.19406646,27.02317969],[-108.1802826,27.00016066],[-108.18152402,26.99410992],[-108.19690725,26.98112357],[-108.20737812,26.98311092],[-108.21582783,26.97768291],[-108.21837357,26.964787],[-108.23501571,26.95861985],[-108.22925485,26.94266538],[-108.23101629,26.93280455],[-108.22502092,26.92287695],[-108.23023691,26.90572458],[-108.20971749,26.88543765],[-108.2027796,26.89061871],[-108.20739018,26.90600008],[-108.19008051,26.89587214],[-108.18391557,26.899738],[-108.17454863,26.88146483],[-108.1685584,26.89507095],[-108.15591326,26.89521651],[-108.14754805,26.90850714],[-108.14310155,26.90788414],[-108.13960046,26.89547949],[-108.14424735,26.86764932],[-108.09410725,26.87046368],[-108.02682085,26.79846637],[-108.03764905,26.7697808],[-108.01426423,26.77315294],[-108.00570074,26.7610488],[-108.01923097,26.73066675],[-108.00929049,26.72398515],[-108.00677938,26.71548755],[-108.01174663,26.68948243],[-108.03032498,26.67426174],[-108.03172358,26.66798125],[-108.04269483,26.66675826],[-108.05627903,26.65189509],[-108.08160345,26.64199383],[-108.07442715,26.636448],[-108.07455838,26.62799375],[-108.05158235,26.62983585],[-108.04453294,26.62496817],[-108.04515006,26.61971349],[-108.03180954,26.61592435],[-108.03543623,26.609715],[-108.03251363,26.60318222],[-108.01217489,26.59139551],[-108.01248402,26.57964302],[-107.99204592,26.56228345],[-107.98974483,26.5480398],[-107.96101675,26.5269554],[-107.96199138,26.51780458],[-107.95546032,26.50598369],[-107.95726531,26.49374395],[-107.9705194,26.48906883],[-107.9856226,26.47209977],[-107.96963911,26.47016786],[-108.01279702,26.43904806],[-107.97302545,26.39252698],[-107.97411783,26.38863431],[-107.85626457,26.22603512],[-107.85401851,26.19651938],[-107.8409092,26.18355402],[-107.82401508,26.18411378],[-107.82275477,26.18762909],[-107.78892391,26.16861378],[-107.78069046,26.13693758],[-107.75517215,26.13451245],[-107.74792017,26.14349425],[-107.74759715,26.15379317],[-107.73787311,26.15694712],[-107.73871603,26.16723969],[-107.71743154,26.16474158],[-107.71107551,26.17441306],[-107.69919352,26.17073651],[-107.69631928,26.16547365],[-107.65276429,26.16364097],[-107.63574957,26.15457805],[-107.62076997,26.16264569],[-107.58202728,26.17064012],[-107.5775288,26.16469571],[-107.55567734,26.15962306],[-107.55395717,26.15175025],[-107.5432774,26.14634894],[-107.53999657,26.14080437],[-107.54368018,26.13731957],[-107.53738777,26.13766186],[-107.53459465,26.13093828],[-107.52626705,26.12774765],[-107.52811257,26.12138069],[-107.52001998,26.10422717],[-107.50611522,26.11578748],[-107.49217115,26.11146266],[-107.46000315,26.13831495],[-107.43104269,26.14285992],[-107.43234746,26.13824577],[-107.41611823,26.14122025],[-107.3465278,26.10952312],[-107.3048898,26.07640243],[-107.30669172,26.04878415],[-107.27634626,26.00197654],[-107.28237777,25.98992482],[-107.28003709,25.95809588],[-107.28703478,25.95398483],[-107.29612822,25.9247934],[-107.24247066,25.89236965],[-107.24651002,25.87777449],[-107.239382254,25.880382513],[-107.22903295,25.86974175],[-107.21312328,25.86189442],[-107.20694914,25.86391942],[-107.20886554,25.85631277],[-107.19457702,25.85230782],[-107.05790477,25.75736797],[-107.06468345,25.74816422],[-107.06049829,25.7399962],[-107.06422371,25.71907409],[-107.04807946,25.71082692],[-107.04312662,25.69769878],[-107.01068003,25.69145938],[-107.01061714,25.69836802],[-106.99029875,25.71492406],[-106.96532269,25.69787858],[-106.96915242,25.68300568],[-106.96693982,25.66833082],[-106.99439586,25.66179482],[-106.97329046,25.62957043],[-107.03415932,25.5963232],[-107.11308094,25.56106029],[-107.12456486,25.55041438],[-107.13826405,25.55219843],[-107.13874935,25.56009509],[-107.17387949,25.55655257],[-107.17182889,25.54279894],[-107.17616752,25.54440385],[-107.17688046,25.54081963],[-107.1695064,25.5324678],[-107.17811732,25.51517637],[-107.16629029,25.50299532],[-107.14768423,25.50502722],[-107.13929497,25.48956486],[-107.15111743,25.47669789],[-107.15054285,25.45804445],[-107.1565618,25.45642366],[-107.15869055,25.44199214],[-107.1848744,25.4368158],[-107.21013223,25.41710051],[-107.1715508,25.32635788],[-107.20781657,25.33156423],[-107.15720275,25.26176498],[-107.121057119,25.24311122],[-107.13202137,25.2267118],[-107.148774799,25.22454814],[-107.124918549,25.18663983],[-107.12989163,25.0531388],[-107.067399,25.0301552],[-107.063571289,25.02525535],[-107.06650429,25.02039688],[-107.0604198,25.00242743],[-107.01834391,24.93361737],[-107.025146679,24.92838051],[-107.02105288,24.90990828],[-107.00057543,24.92824102],[-106.95100945,24.88799666],[-106.93450765,24.88053585],[-106.927080259,24.86662438],[-106.951418109,24.85902372],[-106.946393249,24.85850792],[-106.94396112,24.85152737],[-106.94648782,24.83975317],[-106.93806094,24.83525102],[-106.93066257,24.82091668],[-106.91927678,24.81395312],[-106.90294888,24.82838785],[-106.86585288,24.82295534],[-106.79612871,24.75336114],[-106.79301072,24.74391034],[-106.78425429,24.74145643],[-106.70594837,24.66526166],[-106.6836086,24.59853048],[-106.64546066,24.52897946],[-106.63223783,24.52998951],[-106.622607,24.52489668],[-106.63006708,24.50650314],[-106.624775,24.50023605],[-106.60999494,24.49785128],[-106.60036172,24.48321082],[-106.59365274,24.49505874],[-106.58375866,24.49075991],[-106.57316969,24.47762694],[-106.5600158,24.47271062],[-106.56832154,24.45309918],[-106.56927602,24.43702058],[-106.60158831,24.41456585],[-106.58346566,24.39026992],[-106.58595862,24.37900031],[-106.53408892,24.30954778],[-106.52799122,24.29512374],[-106.51709355,24.28698426],[-106.5090966,24.29113931],[-106.46965466,24.27785695],[-106.36754466,24.3019408],[-106.35262369,24.31646815],[-106.34614528,24.34493398],[-106.33632982,24.35569532],[-106.26886942,24.37475529],[-106.19440566,24.35178511],[-106.1699752,24.33365018],[-106.15253962,24.33877037],[-106.07453954,24.26942209],[-106.06994835,24.22020058],[-106.04388357,24.22085035],[-106.04416043,24.21170475],[-106.02680786,24.18652851],[-106.02855726,24.18033229],[-106.00321077,24.14684103],[-106.00404637,24.1205328],[-105.989724,24.11439017],[-105.98944091,24.10235812],[-105.99562808,24.09829394],[-105.99632049,24.0893602],[-106.00206889,24.08808683],[-106.00070931,24.07605615],[-106.00788345,24.07250663],[-105.99671725,24.05422223],[-105.99871974,24.04338314],[-105.98426688,24.03867788],[-105.97950585,24.04196237],[-105.95981165,24.02383498],[-105.95981088,24.01740335],[-105.94871255,24.01177475],[-105.94234294,24.01431792],[-105.92887037,23.99928831],[-105.91213585,23.99753386],[-105.90846158,23.98342663],[-105.94541506,23.94802569],[-105.8999194,23.94392129],[-105.88155351,23.93281962],[-105.85758795,23.89929615],[-105.86549369,23.88071858],[-105.8629046,23.87792218],[-105.86724132,23.87524298],[-105.95366198,23.90858458],[-105.96126557,23.84074215],[-105.93933023,23.79143023],[-105.9321746,23.794696],[-105.92878492,23.78658189],[-105.92479882,23.7714762],[-105.92948214,23.76551702],[-105.919747107,23.757807112],[-105.923062908,23.747753773],[-105.906093347,23.739398853],[-105.915905828,23.726424753],[-105.926633749,23.684135663],[-105.908905367,23.588269553],[-105.892655378,23.552645281],[-105.88431791,23.59039386],[-105.85359602,23.5972876],[-105.84518582,23.58369483],[-105.84551602,23.60325554],[-105.81164389,23.61102855],[-105.80664678,23.58887302],[-105.78537977,23.57499],[-105.78590352,23.56947109],[-105.76930223,23.55646531],[-105.76912351,23.54193934],[-105.76037571,23.53510615],[-105.75686734,23.52489726],[-105.76033858,23.50295929],[-105.75103755,23.50027498],[-105.74863043,23.49367174],[-105.72344478,23.47484014],[-105.72806349,23.46681726],[-105.72465722,23.46080923],[-105.73886463,23.44520551],[-105.72840323,23.4395884],[-105.72833091,23.42898446],[-105.70710942,23.42585349],[-105.70028875,23.42017058],[-105.71025349,23.40813395],[-105.71207955,23.39255048],[-105.72241872,23.38603568],[-105.71733189,23.37859478],[-105.73068966,23.37489729],[-105.71224506,23.36428137],[-105.7151564,23.35021777],[-105.70517137,23.34873174],[-105.70351108,23.34009737],[-105.69400474,23.34056922],[-105.70217915,23.33265065],[-105.69233118,23.31097482],[-105.69947063,23.30771912],[-105.68738015,23.30714382],[-105.69397229,23.30131222],[-105.68708411,23.28752002],[-105.67264622,23.28163689],[-105.66484343,23.28265965],[-105.66370826,23.28742015],[-105.6432084,23.27647909],[-105.64684312,23.2533658],[-105.63918183,23.24501738],[-105.64234395,23.23807602],[-105.63031735,23.23558109],[-105.62967278,23.21923555],[-105.63574406,23.21474735],[-105.62971252,23.20229452],[-105.64071791,23.18545118],[-105.63303894,23.173449],[-105.63886686,23.16761572],[-105.63687588,23.15591597],[-105.64617926,23.14889058],[-105.62396957,23.12238809],[-105.61875505,23.12630348],[-105.61698322,23.12198777],[-105.60695992,23.12178868],[-105.60904625,23.11663538],[-105.59764086,23.10914962],[-105.58424809,23.11286031],[-105.57470598,23.11005689],[-105.57537674,23.10496689],[-105.56934277,23.11005751],[-105.55430908,23.09888666],[-105.54861212,23.10441771],[-105.53707398,23.10454108],[-105.53121629,23.11806132],[-105.50403375,23.12772942],[-105.45531918,23.11733566],[-105.42442738,23.12029232],[-105.41589235,23.11689734],[-105.40853302,23.10320046],[-105.39879552,23.10221095],[-105.39956762,23.08974625],[-105.39222,23.08515748],[-105.41299649,23.0740992],[-105.4098596,23.04435809],[-105.41316182,23.03705475],[-105.40895034,23.02364082],[-105.43259457,23.0239688],[-105.45331135,22.9774018],[-105.50126392,22.95856005],[-105.49865358,22.93356115],[-105.47121991,22.88328595],[-105.48420129,22.85870297],[-105.47458863,22.85141602],[-105.47917783,22.84199197],[-105.48719731,22.83911117],[-105.49496886,22.81051889],[-105.50240928,22.80977678],[-105.50645731,22.79774954],[-105.51118203,22.79691049],[-105.50916489,22.79223052],[-105.51912129,22.78389049],[-105.51990558,22.772774],[-105.52477223,22.77476989],[-105.5193682,22.75900226],[-105.51408223,22.75932845],[-105.51526283,22.73946989],[-105.52289346,22.7243348],[-105.49806385,22.65139075],[-105.46396311,22.65923831],[-105.46039094,22.64754994],[-105.4702132,22.64014177],[-105.47268062,22.627185],[-105.45045862,22.62675548],[-105.44811138,22.61012282],[-105.4559864,22.59873909],[-105.437599823,22.584911821],[-105.43629463,22.53832149],[-105.44403048,22.53001429],[-105.44172469,22.524268431],[-105.454483569,22.518762661],[-105.4608368,22.508568111],[-105.474060288,22.50290043],[-105.48159594,22.50876826],[-105.48379649,22.51771282],[-105.50317935,22.52768186],[-105.50956658,22.51696271],[-105.52193806,22.52099528],[-105.53359632,22.51503123],[-105.53993477,22.53559334],[-105.55251692,22.53912677],[-105.57364434,22.53925117],[-105.58389317,22.53348423],[-105.59828823,22.53667114],[-105.60047658,22.5588878],[-105.62203646,22.57142552],[-105.63094952,22.59298015],[-105.64215842,22.59388865],[-105.63921298,22.57698458],[-105.66056203,22.58636298],[-105.66997005,22.57688122],[-105.69856171,22.56838072],[-105.70007211,22.56389823],[-105.67523488,22.50720038],[-105.67264931,22.47409498],[-105.6770358,22.46813511],[-105.69247682,22.46717694],[-105.71411626,22.47494606],[-105.72701968,22.49101775],[-105.75021208,22.53933608],[-105.759619724,22.537573646],[-105.760494314,22.550969],[-105.768929749,22.555991823],[-105.773468084,22.57645879],[-105.80937415,22.637049385],[-105.874265111,22.711379181],[-105.95820522,22.78610255],[-106.026844447,22.831392377],[-106.034497301,22.829658312],[-106.09963762,22.90949995],[-106.181975856,22.998558029],[-106.25175339,23.063404234],[-106.29219865,23.09268623],[-106.3413588,23.14055068],[-106.398187434,23.183932222],[-106.411032955,23.186409241],[-106.414077475,23.178018072],[-106.42999042,23.17657837],[-106.42461746,23.1859884],[-106.430981226,23.202938323],[-106.421897232,23.215911278],[-106.430655636,23.228091456],[-106.453561126,23.241423863],[-106.466572724,23.260571539],[-106.4704348,23.28079194],[-106.493899132,23.304030784],[-106.494063315,23.309534478],[-106.48740709,23.30764488],[-106.48034035,23.31454362],[-106.485479189,23.333760288],[-106.543410243,23.406655748],[-106.626989108,23.478153197],[-106.630382814,23.487026207],[-106.627802289,23.496804602],[-106.682218183,23.540984055],[-106.684366836,23.554742098],[-106.695465288,23.569658983],[-106.72915882,23.59515732],[-106.76417478,23.61322362],[-106.790221913,23.640415565],[-106.810923258,23.652739742],[-106.804396634,23.667584961],[-106.79563122,23.6700224],[-106.795710412,23.68320414],[-106.81982387,23.714798623],[-106.84700385,23.7400914],[-106.844781,23.75526722],[-106.88176457,23.79528475],[-106.8933,23.8417],[-107.0116,23.9528],[-107.121750376,24.041865581],[-107.196213353,24.0936167],[-107.203105521,24.101862083],[-107.199230101,24.099564572],[-107.19560318,24.103410019],[-107.218995625,24.121427869],[-107.405210819,24.23201394],[-107.422481171,24.25120042],[-107.475009819,24.292200291],[-107.649449508,24.40699551],[-107.758631246,24.471214547],[-107.820581848,24.500689902],[-107.825246655,24.507956201],[-107.817233054,24.516654869],[-107.82845555,24.52148378],[-107.830901864,24.539882517],[-107.840792784,24.550312511],[-107.984796556,24.639825002],[-108.018925284,24.681640869],[-108.020220137,24.724070927],[-108.026211584,24.736254865],[-108.069463082,24.779869287],[-108.090789521,24.816136037],[-108.117995797,24.82857746],[-108.136490315,24.872123375],[-108.227836873,25.018253814],[-108.278457746,25.069614794],[-108.34229224,25.111496736],[-108.342433711,25.119203488],[-108.334372025,25.12478519],[-108.35745288,25.169193831],[-108.384624949,25.18730251],[-108.389014281,25.18553846],[-108.427438333,25.234833553],[-108.45028158,25.2566036],[-108.543989622,25.304723294],[-108.646912403,25.342096945],[-108.695949679,25.355374819],[-108.745375843,25.361942132],[-108.751538599,25.368518327],[-108.801471555,25.373640588],[-108.883799999,25.411000001],[-108.927753599,25.424921171],[-109.021030309,25.438291919],[-109.036397539,25.46217995],[-109.043488929,25.462774947],[-109.06646602,25.485724682],[-109.080679905,25.492746637],[-109.08701403,25.511330228],[-109.11922312,25.544999311],[-109.161744704,25.561768461],[-109.186719526,25.598830946],[-109.228055523,25.626784854],[-109.297887945,25.645392239],[-109.33288068,25.646520149],[-109.397104874,25.638497267],[-109.392148001,25.642822382],[-109.3905,25.669600002],[-109.39970663,25.68539791],[-109.411602213,25.758917004],[-109.432276872,25.805945483],[-109.421561428,25.870730357],[-109.424856639,25.895945689],[-109.443699834,25.941855309],[-109.443851387,25.959405239],[-109.430822747,26.007152718],[-109.406642693,26.058835614],[-109.388829296,26.087429826],[-109.368693145,26.107427539],[-109.310287549,26.20249469],[-109.295730249,26.236283982],[-109.287918772,26.278135782],[-109.25189163,26.312178261],[-109.25832414,26.319928431],[-109.246787909,26.31603518],[-109.215639449,26.334532262],[-109.210111689,26.34317002],[-109.193129849,26.34093486],[-109.164943139,26.306847341],[-109.14959949,26.306400021],[-109.125238219,26.297014341],[-109.096680349,26.312124452],[-109.07421423,26.353530051],[-109.006443489,26.402369891],[-108.93652231,26.39018026],[-108.90918498,26.41658526],[-108.91011502,26.42171452],[-108.88139245,26.40625248],[-108.86033955,26.43277015],[-108.87610763,26.44757643],[-108.83776202,26.47252331],[-108.84747992,26.48721745],[-108.85674002,26.48051514],[-108.91466995,26.47954002],[-108.89131754,26.48959531],[-108.87315215,26.55107143],[-108.80642285,26.57060365],[-108.78772372,26.56525575],[-108.77708914,26.57092606],[-108.77659034,26.58010949],[-108.73429289,26.59356809],[-108.710740891,26.59362754],[-108.71059048,26.58705765],[-108.67883074,26.58701509],[-108.67898791,26.64288945],[-108.65768057,26.66912918],[-108.63036635,26.67657345],[-108.63599431,26.69051535],[-108.628385,26.71838712],[-108.61625428,26.7264634],[-108.60102395,26.72722251],[-108.59418889,26.75917343],[-108.57832948,26.76277709],[-108.5759804,26.77776475],[-108.58084943,26.78957658],[-108.57520455,26.79321657],[-108.56477008,26.77848329],[-108.5540338,26.77985698],[-108.53691209,26.79842871],[-108.53791877,26.80412471],[-108.5553524,26.81158408],[-108.55704314,26.82375332],[-108.53512992,26.8409752],[-108.52205835,26.87967765],[-108.51803632,26.88042392],[-108.46697768,26.97070185],[-108.42427083,26.97622983],[-108.50248612,26.98735703],[-108.50443854,27.00718388],[-108.50086772,27.00443706],[-108.49730043,27.01340875],[-108.48417188,27.01743894],[-108.48537665,27.02783368],[-108.49173488,27.0313802],[-108.47551446,27.0399452]]]]}},{"type":"Feature","properties":{"state":"Sonora","official_state_name":"Sonora","state_code_inegi":"26","postal_range":"83-85","postal_codes":["83","84","85"],"question_count":3,"question_01":"83","question_02":"84","question_03":"85"},"geometry":{"type":"MultiPolygon","coordinates":[[[[-110.58975169,27.415371385],[-110.60270637,27.361592632],[-110.582642754,27.346141353],[-110.580214856,27.339916139],[-110.585320811,27.338141575],[-110.577285968,27.332539001],[-110.581091102,27.333952709],[-110.579827559,27.326779611],[-110.584488458,27.327755144],[-110.585404476,27.321898345],[-110.571279033,27.311578611],[-110.531923822,27.302685321],[-110.534256358,27.288271851],[-110.582695503,27.303576278],[-110.601723952,27.318701366],[-110.606102413,27.346835869],[-110.595254357,27.416579267],[-110.58975169,27.415371385]]],[[[-110.950745938,27.86766856],[-110.95124749,27.867508791],[-110.950888122,27.868299252],[-110.950745938,27.86766856]]],[[[-110.85960109,27.88084211],[-110.86393762,27.8746924],[-110.86596643,27.87464852],[-110.85960109,27.88084211]]],[[[-110.952751727,27.875763512],[-110.953333795,27.87552012],[-110.952382389,27.876805756],[-110.952751727,27.875763512]]],[[[-110.955309892,27.88494958],[-110.955283264,27.884385896],[-110.95605308,27.884335932],[-110.955309892,27.88494958]]],[[[-110.83307295,27.90088006],[-110.84140454,27.88776374],[-110.847049,27.88713754],[-110.84818342,27.88852374],[-110.84861497,27.89124037],[-110.84551792,27.88836442],[-110.8392208,27.89900665],[-110.83307295,27.90088006]]],[[[-110.90129466,27.89943203],[-110.90033218,27.89894972],[-110.90106665,27.89878235],[-110.90129466,27.89943203]]],[[[-110.89838163,27.90091031],[-110.899141399,27.90053725],[-110.89908283,27.90106183],[-110.89838163,27.90091031]]],[[[-110.87911043,27.9089098],[-110.88189426,27.90984083],[-110.87934886,27.91096971],[-110.87911043,27.9089098]]],[[[-110.87024068,27.9123898],[-110.87034614,27.9089288],[-110.87498111,27.90662066],[-110.87476731,27.91142752],[-110.87024068,27.9123898]]],[[[-110.96910538,27.90968411],[-110.97027345,27.90858374],[-110.97092438,27.90924425],[-110.96910538,27.90968411]]],[[[-110.991859684,27.92595986],[-110.991114522,27.925502564],[-110.992394846,27.925738155],[-110.991859684,27.92595986]]],[[[-111.05915492,27.93079612],[-111.05964778,27.9296776],[-111.05982874,27.9308904],[-111.05915492,27.93079612]]],[[[-110.993007061,27.93457114],[-110.98999317,27.93492314],[-110.99067592,27.93296251],[-110.993007061,27.93457114]]],[[[-111.05076535,27.93582451],[-111.05178226,27.93560003],[-111.05160322,27.93645531],[-111.05076535,27.93582451]]],[[[-111.05089065,27.94019634],[-111.05210788,27.93975937],[-111.05226146,27.94160078],[-111.05089065,27.94019634]]],[[[-111.02926071,27.95298189],[-111.02913442,27.94852649],[-111.03208892,27.94705326],[-111.02926071,27.95298189]]],[[[-111.11912685,27.95825362],[-111.12480482,27.95274574],[-111.11915566,27.9595944],[-111.11912685,27.95825362]]],[[[-111.39007734,27.98510415],[-111.36907429,27.96159043],[-111.36712682,27.95268669],[-111.38180212,27.96053926],[-111.39007734,27.98510415]]],[[[-112.298242945,28.735210037],[-112.283038772,28.714516794],[-112.286191276,28.709341967],[-112.290874925,28.712266687],[-112.298242945,28.735210037]]],[[[-112.557577149,28.734691953],[-112.548025957,28.729140112],[-112.54210536,28.71147127],[-112.546552771,28.701533168],[-112.545338648,28.686334389],[-112.553885172,28.671973343],[-112.572511666,28.668367117],[-112.598203298,28.672486906],[-112.605680018,28.667674252],[-112.601322495,28.676884349],[-112.613054306,28.705175688],[-112.6121546,28.726562522],[-112.594227569,28.731961251],[-112.569555209,28.728454631],[-112.557577149,28.734691953]]],[[[-111.96631546,28.80879978],[-111.97354768,28.80907982],[-111.96524032,28.81666858],[-111.9636764,28.81596005],[-111.96631546,28.80879978]]],[[[-112.299532584,29.223904035],[-112.284702593,29.23138744],[-112.292299024,29.225414993],[-112.286677545,29.223332964],[-112.295297143,29.221857698],[-112.280770534,29.217586566],[-112.28149627,29.222351437],[-112.280056696,29.218086253],[-112.282216056,29.213618815],[-112.279408293,29.206474483],[-112.272982995,29.207114084],[-112.271607667,29.197058482],[-112.261199904,29.192756416],[-112.270451249,29.185827426],[-112.269071161,29.179398122],[-112.263479428,29.178455856],[-112.274691448,29.16545924],[-112.271027078,29.154228184],[-112.274320252,29.13720552],[-112.231989641,29.092238466],[-112.234178745,29.086932268],[-112.222509868,29.070128514],[-112.222386136,29.060663018],[-112.209898725,29.04581994],[-112.20267944,29.024990139],[-112.194751077,29.021049751],[-112.198344062,29.013516378],[-112.1947669,29.006265545],[-112.197366937,29.008741989],[-112.199851094,29.00838507],[-112.194554414,29.005496404],[-112.211529488,28.99284719],[-112.216550508,28.960573379],[-112.213423896,28.959497863],[-112.209012376,28.966069934],[-112.199837124,28.970673894],[-112.20051765,28.974366817],[-112.207103998,28.968066005],[-112.196996048,28.978273892],[-112.188872568,28.976679653],[-112.208293729,28.966014909],[-112.214594542,28.956711217],[-112.229723155,28.903849111],[-112.2418822,28.890428951],[-112.23949798,28.871378986],[-112.257096474,28.857616184],[-112.257472429,28.843001534],[-112.274890083,28.816499098],[-112.27689359,28.804192525],[-112.269141306,28.789834857],[-112.273214943,28.783434107],[-112.254607558,28.773385644],[-112.252761096,28.767241875],[-112.281214691,28.767774874],[-112.310201285,28.746797546],[-112.328425425,28.763451242],[-112.347776392,28.766062701],[-112.35957257,28.759721437],[-112.364860922,28.773891128],[-112.383664612,28.775961259],[-112.407126098,28.799446539],[-112.461710933,28.802670708],[-112.47205564,28.821504142],[-112.493934784,28.822580848],[-112.501927394,28.837056299],[-112.547667654,28.85642981],[-112.554883369,28.867940452],[-112.572782864,28.867928555],[-112.584251866,28.876667125],[-112.570040536,28.879819911],[-112.563514864,28.891687473],[-112.561087814,28.888159922],[-112.552801341,28.891639884],[-112.517323577,28.915488032],[-112.489847359,28.949164204],[-112.486754059,28.961699204],[-112.493421309,28.969689435],[-112.490218555,28.982904961],[-112.500650112,28.994616668],[-112.50641625,29.01393929],[-112.501836896,29.023460073],[-112.504787429,29.041477351],[-112.500604391,29.050192684],[-112.505934384,29.063041773],[-112.494027561,29.073654169],[-112.488331132,29.128638754],[-112.477661628,29.140607443],[-112.477771083,29.167433487],[-112.456826854,29.19452245],[-112.44897834,29.19990471],[-112.44289322,29.19641865],[-112.43554014,29.20005522],[-112.42582238,29.18920528],[-112.40912675,29.18597345],[-112.35997951,29.22022822],[-112.31725362,29.22041515],[-112.299532584,29.223904035]]],[[[-114.684498613,31.756668933],[-114.624882445,31.757557566],[-114.595721372,31.747252476],[-114.603987394,31.732693941],[-114.619337448,31.728462317],[-114.684498613,31.756668933]]],[[[-114.88258915,32.49214965],[-114.84840515,32.47341582],[-114.83247237,32.48140488],[-114.81818751,32.481446121],[-114.8123984,32.49369689],[-114.10996882,32.28159415],[-112.120499371,31.66493111],[-111.07500202,31.33256946],[-108.75591614,31.33241902],[-108.81723143,31.23900566],[-108.87981248,31.23878594],[-108.89832615,31.2252384],[-108.90664749,31.20805092],[-108.90033231,31.20245212],[-108.86068718,31.2189272],[-108.848331969,31.19510758],[-108.80502466,31.19295554],[-108.83501235,31.16933471],[-108.84564006,31.13557622],[-108.83329732,31.12545854],[-108.769996859,31.10247183],[-108.76615652,31.07362818],[-108.75045102,31.06975074],[-108.72989914,31.05215418],[-108.75246602,31.03384751],[-108.68438668,31.03373954],[-108.68380745,31.00597332],[-108.80325546,31.00482926],[-108.80239257,30.904101],[-108.93924274,30.90756517],[-108.92984925,30.86102092],[-108.9354568,30.77363126],[-108.94830245,30.73691128],[-108.91896837,30.73935366],[-108.88691946,30.71928654],[-108.86692525,30.68938663],[-108.87774358,30.6378384],[-108.87646528,30.62457432],[-108.84827729,30.61425203],[-108.83064743,30.60173302],[-108.76201975,30.58727197],[-108.756541721,30.59607572],[-108.72666566,30.59454808],[-108.72743949,30.58047691],[-108.68739831,30.55476477],[-108.6777922,30.55707272],[-108.67409,30.53229149],[-108.66197291,30.52194189],[-108.65711651,30.47031675],[-108.66477188,30.46815165],[-108.60384323,30.465113],[-108.61355868,30.43571638],[-108.64865225,30.41686472],[-108.61983989,30.37479638],[-108.62205649,30.34031817],[-108.58000597,30.33748211],[-108.57145302,30.32773386],[-108.56577377,30.30818638],[-108.542199021,30.28351217],[-108.55054666,30.26664218],[-108.56500078,30.26973146],[-108.58352671,30.28540708],[-108.62021763,30.29822972],[-108.61165574,30.10234943],[-108.61822289,30.08945254],[-108.61453012,30.08927555],[-108.61473757,30.05783854],[-108.60692209,30.02861792],[-108.61549958,29.96587243],[-108.62870897,29.9530344],[-108.62287155,29.95047165],[-108.61486306,29.89512526],[-108.614693381,29.88446402],[-108.62169071,29.87820949],[-108.60719926,29.84714006],[-108.63571774,29.82968448],[-108.62944418,29.80627385],[-108.6185596,29.800466],[-108.54125877,29.79613785],[-108.53496428,29.75136451],[-108.54077557,29.73622797],[-108.59275131,29.72839149],[-108.59253438,29.71764572],[-108.65909895,29.7161274],[-108.64516732,29.69195758],[-108.61828003,29.66052545],[-108.65498792,29.64943289],[-108.64465715,29.62754922],[-108.64632511,29.61044228],[-108.64113712,29.58888566],[-108.65950508,29.58404068],[-108.6383242,29.55831883],[-108.66230914,29.54448166],[-108.64871266,29.50910103],[-108.62515538,29.50103129],[-108.64398632,29.48883951],[-108.689606461,29.48400042],[-108.69433192,29.4671142],[-108.71775386,29.46595383],[-108.71907825,29.45978926],[-108.70737966,29.43947911],[-108.70362205,29.40845486],[-108.66973292,29.30741692],[-108.68220857,29.26742982],[-108.7303024,29.26909362],[-108.73066709,29.26340278],[-108.75005009,29.25672746],[-108.754303,29.2594572],[-108.76188763,29.25388358],[-108.75109597,29.25093683],[-108.74124455,29.240427],[-108.74282837,29.22586435],[-108.73540834,29.21771269],[-108.739829951,29.20082032],[-108.75386949,29.20009806],[-108.74529691,29.16234274],[-108.72885354,29.17180114],[-108.709500509,29.14913354],[-108.6985282,29.12773957],[-108.72958952,29.09653269],[-108.72747149,29.0857612],[-108.71152874,29.08741778],[-108.70943818,29.08300332],[-108.71496662,29.07660826],[-108.71310712,29.07036734],[-108.72435312,29.069897],[-108.7113134,29.00348934],[-108.71421815,29.00146534],[-108.69814537,28.93626566],[-108.70892094,28.90590072],[-108.70490894,28.90023566],[-108.70979772,28.88951546],[-108.68712966,28.87565025],[-108.67817623,28.86327588],[-108.68120052,28.85477117],[-108.65784955,28.80922449],[-108.62962509,28.81172235],[-108.62381738,28.806123],[-108.62439565,28.80011642],[-108.63632843,28.79188277],[-108.64555675,28.79472709],[-108.64329442,28.76506755],[-108.62523375,28.75933654],[-108.6207434,28.75032751],[-108.5837852,28.74013938],[-108.5801512,28.63244634],[-108.56439637,28.61270965],[-108.5613618,28.59117351],[-108.53128685,28.55666858],[-108.53185998,28.53897309],[-108.52328665,28.50591035],[-108.50767171,28.50821591],[-108.50479518,28.49335729],[-108.51369675,28.48448995],[-108.513472059,28.47290675],[-108.52038878,28.45975882],[-108.51744292,28.45562269],[-108.50414122,28.45443928],[-108.5136338,28.43960334],[-108.5155414,28.42628432],[-108.48898192,28.37511569],[-108.47970102,28.36955106],[-108.5013654,28.35572926],[-108.521651,28.36506063],[-108.51963772,28.33476218],[-108.550927851,28.31805545],[-108.60350743,28.34756191],[-108.61116729,28.33525682],[-108.63618094,28.33522802],[-108.63548597,28.30625611],[-108.64129314,28.29160865],[-108.64436451,28.2982802],[-108.65583229,28.30180695],[-108.66193388,28.29547511],[-108.68722511,28.30346249],[-108.75098388,28.27156935],[-108.79668451,28.26716345],[-108.79166318,28.25361706],[-108.83042295,28.26504928],[-108.84199691,28.25325737],[-108.85138326,28.259483],[-108.85608857,28.25153829],[-108.88066334,28.26472643],[-108.9126754,28.26000125],[-108.92201445,28.25149178],[-108.92881614,28.25955591],[-108.96726111,28.26499975],[-108.98355891,28.27696471],[-108.98291357,28.28706866],[-108.99397438,28.29795966],[-108.99554509,28.28638697],[-108.98705477,28.27783268],[-108.98830878,28.26254071],[-108.99744377,28.25505454],[-109.022777,28.27753194],[-109.04068195,28.26699002],[-109.04639468,28.27317068],[-109.04576474,28.28116165],[-109.05188326,28.27642463],[-109.05951149,28.28473605],[-109.0686964,28.28613885],[-109.05843618,28.26726886],[-109.07488617,28.27260942],[-109.06199011,28.19920194],[-109.0728942,28.14857235],[-109.0667896,28.14171177],[-109.06856195,28.13012949],[-109.06280194,28.12580155],[-109.04894792,28.09265035],[-109.05179145,28.09014563],[-109.03189962,28.01828803],[-109.01636071,28.008028],[-108.99168494,27.97998089],[-108.9637054,27.97252402],[-108.95031378,27.95403954],[-108.92651103,27.94059423],[-108.92452555,27.90086094],[-108.91486798,27.85400523],[-108.86914022,27.83928634],[-108.88608172,27.81367003],[-108.91046414,27.80913575],[-108.92029422,27.78397306],[-108.89551565,27.74480709],[-108.83296378,27.74434957],[-108.81700366,27.73216608],[-108.80738435,27.73799075],[-108.79927569,27.7230284],[-108.78449463,27.73046525],[-108.78444694,27.71490686],[-108.76602478,27.70583357],[-108.77278677,27.69650148],[-108.76475698,27.69349735],[-108.76234542,27.67504558],[-108.74931378,27.66473082],[-108.75419938,27.63673343],[-108.73985238,27.59995458],[-108.72295809,27.58814774],[-108.71280771,27.56624648],[-108.65527706,27.54379743],[-108.65240535,27.53703291],[-108.65302291,27.46903163],[-108.6616484,27.46474435],[-108.63341769,27.42813648],[-108.62773925,27.41056703],[-108.6291252,27.3829206],[-108.59104512,27.31808048],[-108.62559063,27.28924586],[-108.66437549,27.23939583],[-108.65808851,27.23165222],[-108.66257808,27.21954292],[-108.65334143,27.18998154],[-108.64934389,27.19120495],[-108.64751891,27.18670085],[-108.65322055,27.1760546],[-108.64432015,27.17881115],[-108.62242243,27.15689088],[-108.61142671,27.15414475],[-108.60073074,27.11897249],[-108.59695618,27.07689965],[-108.60618897,27.06358502],[-108.60227605,27.03694328],[-108.56253528,27.04601894],[-108.57224742,27.01265583],[-108.55176343,26.99714529],[-108.42427083,26.97622983],[-108.46697768,26.97070185],[-108.51803632,26.88042392],[-108.52205835,26.87967765],[-108.53512992,26.8409752],[-108.55704314,26.82375332],[-108.5553524,26.81158408],[-108.53791877,26.80412471],[-108.53691209,26.79842871],[-108.5540338,26.77985698],[-108.56477008,26.77848329],[-108.57520455,26.79321657],[-108.58084943,26.78957658],[-108.5759804,26.77776475],[-108.57832948,26.76277709],[-108.59418889,26.75917343],[-108.60102395,26.72722251],[-108.61625428,26.7264634],[-108.628385,26.71838712],[-108.63599431,26.69051535],[-108.63036635,26.67657345],[-108.65768057,26.66912918],[-108.67898791,26.64288945],[-108.67883074,26.58701509],[-108.71059048,26.58705765],[-108.710740891,26.59362754],[-108.73429289,26.59356809],[-108.77659034,26.58010949],[-108.77708914,26.57092606],[-108.78772372,26.56525575],[-108.80642285,26.57060365],[-108.87315215,26.55107143],[-108.89131754,26.48959531],[-108.91466995,26.47954002],[-108.85674002,26.48051514],[-108.84747992,26.48721745],[-108.83776202,26.47252331],[-108.87610763,26.44757643],[-108.86033955,26.43277015],[-108.88139245,26.40625248],[-108.91011502,26.42171452],[-108.90918498,26.41658526],[-108.93652231,26.39018026],[-109.006443489,26.402369891],[-109.07421423,26.353530051],[-109.096680349,26.312124452],[-109.125238219,26.297014341],[-109.14959949,26.306400021],[-109.164943139,26.306847341],[-109.193129849,26.34093486],[-109.202537739,26.344452551],[-109.211276079,26.342736051],[-109.215639449,26.334532262],[-109.246787909,26.31603518],[-109.26000797,26.31970218],[-109.25202943,26.41223346],[-109.25522778,26.45005418],[-109.267788433,26.501231538],[-109.28598138,26.53547962],[-109.309371894,26.564591826],[-109.358246023,26.599151117],[-109.382735435,26.634595568],[-109.403231488,26.653621209],[-109.432003931,26.668754581],[-109.474114442,26.676119608],[-109.484968353,26.682769011],[-109.430017369,26.671246472],[-109.431048865,26.68975273],[-109.441645795,26.694467632],[-109.435303342,26.702451913],[-109.432537218,26.718923732],[-109.441109702,26.715189644],[-109.471458538,26.716895717],[-109.4818663,26.730315877],[-109.483089343,26.744265467],[-109.500057637,26.735747473],[-109.508195393,26.72189901],[-109.513025104,26.754787325],[-109.528120405,26.759132221],[-109.527734932,26.753688014],[-109.530909133,26.755643931],[-109.533540103,26.747598616],[-109.553820249,26.727978771],[-109.556075978,26.716960676],[-109.539607729,26.704589859],[-109.533493704,26.703501255],[-109.535888631,26.709758048],[-109.528111363,26.711874579],[-109.523018127,26.706670697],[-109.508684253,26.704618412],[-109.520494708,26.699139703],[-109.525345239,26.703640454],[-109.54225012,26.693682409],[-109.514011867,26.682927246],[-109.509143489,26.677108274],[-109.493629515,26.678456934],[-109.491454576,26.673610466],[-109.496365784,26.670169765],[-109.555121814,26.688187044],[-109.623846597,26.695481877],[-109.656245968,26.69137095],[-109.662731451,26.675468488],[-109.669241657,26.673412634],[-109.767475325,26.706239678],[-109.820128394,26.751633973],[-109.85100428,26.792503596],[-109.873206237,26.879060456],[-109.890250316,26.922511793],[-109.944186426,26.992052777],[-109.947546225,27.002332048],[-109.93985678,27.00933992],[-109.94167085,27.01796363],[-109.95414646,27.04110286],[-109.96720712,27.05418032],[-110.021228964,27.077954583],[-110.045134517,27.084376474],[-110.056505262,27.078223018],[-110.073466059,27.093213623],[-110.103807361,27.10833827],[-110.276459286,27.144085111],[-110.30666565,27.15537243],[-110.337950406,27.175940808],[-110.346838803,27.190038956],[-110.432370242,27.267979683],[-110.475847627,27.285546952],[-110.523836596,27.293068428],[-110.521521381,27.299646448],[-110.504043976,27.300331221],[-110.462779627,27.293346825],[-110.443608309,27.302366469],[-110.458509684,27.312867031],[-110.461187233,27.309008662],[-110.474759914,27.312042863],[-110.474488954,27.31852063],[-110.466836608,27.31622564],[-110.464698662,27.316575421],[-110.472308178,27.321240354],[-110.463076975,27.324723145],[-110.460990272,27.329267466],[-110.468421329,27.324256321],[-110.481666598,27.325866026],[-110.474603168,27.348048551],[-110.480413812,27.35988756],[-110.474756644,27.362400271],[-110.480174676,27.374646167],[-110.503877677,27.387227567],[-110.525846051,27.374032266],[-110.536527451,27.372680732],[-110.535947458,27.374361226],[-110.534891572,27.374179792],[-110.53359774,27.376187462],[-110.532283088,27.376657406],[-110.532690571,27.373555184],[-110.524976307,27.375041444],[-110.530510389,27.377680574],[-110.525754442,27.390770584],[-110.513393142,27.391698574],[-110.509059548,27.400550169],[-110.513009454,27.395434328],[-110.523366898,27.398340521],[-110.511201063,27.412307681],[-110.517913654,27.407205737],[-110.517582089,27.410513143],[-110.519996146,27.411507587],[-110.522461863,27.404943249],[-110.524821221,27.407893073],[-110.526245206,27.416073178],[-110.527217809,27.416076152],[-110.527318937,27.396731134],[-110.531375918,27.397688867],[-110.527607447,27.398372962],[-110.529737065,27.404232385],[-110.531248022,27.40429782],[-110.534992368,27.397297485],[-110.536710198,27.402384026],[-110.543157225,27.403652391],[-110.547431331,27.392599795],[-110.556467335,27.395428379],[-110.553091474,27.400258685],[-110.556292656,27.39810361],[-110.559638276,27.410825391],[-110.551449646,27.414990523],[-110.547838814,27.411531381],[-110.540511119,27.412528614],[-110.547597894,27.414113097],[-110.54043869,27.414324274],[-110.536283557,27.421510246],[-110.546211866,27.415654413],[-110.552466866,27.417322395],[-110.539141884,27.43270561],[-110.547742644,27.434172456],[-110.558257879,27.419270578],[-110.563394141,27.428171527],[-110.554709086,27.434638163],[-110.554840378,27.436346185],[-110.555702933,27.436378903],[-110.555742993,27.435458754],[-110.556139918,27.434840674],[-110.556375221,27.434790046],[-110.561270872,27.435905985],[-110.561761635,27.437259303],[-110.556158005,27.434948252],[-110.555612885,27.440924268],[-110.5640798,27.437804696],[-110.56538553,27.439922416],[-110.563978673,27.441986598],[-110.564853125,27.443381558],[-110.573166367,27.439324576],[-110.568868466,27.449815025],[-110.572687501,27.450674605],[-110.559579645,27.456697616],[-110.553633967,27.451468751],[-110.543405259,27.451314086],[-110.545067907,27.455725011],[-110.537114559,27.457292481],[-110.566011923,27.459937847],[-110.575759385,27.45436277],[-110.58253371,27.456197334],[-110.590455531,27.441711473],[-110.5884964,27.52811865],[-110.594359483,27.531274514],[-110.617704312,27.596289582],[-110.623241678,27.618754109],[-110.615678561,27.620167509],[-110.623609305,27.622344716],[-110.614631285,27.661915973],[-110.6104,27.6536],[-110.6069,27.66],[-110.608574219,27.687162402],[-110.603722498,27.704758516],[-110.606763449,27.687631155],[-110.605678415,27.671507928],[-110.600902964,27.700541493],[-110.613314163,27.773000078],[-110.615808488,27.798260777],[-110.614932044,27.80931675],[-110.613661646,27.812736419],[-110.612227011,27.81551384],[-110.611257989,27.815687211],[-110.61436975,27.79565075],[-110.586231784,27.832301705],[-110.590966364,27.84230182],[-110.58895084,27.845647596],[-110.580280284,27.833272753],[-110.567422248,27.841094535],[-110.558385665,27.831821553],[-110.553256536,27.835260131],[-110.54817019,27.832519366],[-110.544452879,27.842511054],[-110.537588689,27.838366528],[-110.526251366,27.841653579],[-110.523693932,27.837727601],[-110.520095461,27.845251566],[-110.578234777,27.882365871],[-110.61069072,27.8883842],[-110.631862454,27.882454107],[-110.642978735,27.8883658],[-110.643531341,27.89721698],[-110.639926928,27.898767202],[-110.648768613,27.903751705],[-110.655649442,27.904630744],[-110.665360328,27.895258037],[-110.648684425,27.89223833],[-110.64572697,27.88399377],[-110.628923001,27.878015102],[-110.627887936,27.870418673],[-110.619559822,27.871293125],[-110.619321876,27.865058937],[-110.608989067,27.858015732],[-110.623402652,27.864725812],[-110.65722669,27.889876715],[-110.680134316,27.889832907],[-110.727006443,27.908358165],[-110.795784518,27.918940895],[-110.825029226,27.917140515],[-110.842892838,27.91033163],[-110.85324379,27.912266543],[-110.854452985,27.918042196],[-110.842548202,27.913678981],[-110.814445857,27.922885923],[-110.8132123,27.919382921],[-110.799589686,27.921304546],[-110.812146306,27.923254488],[-110.814827333,27.936723563],[-110.82823629,27.95433689],[-110.854062314,27.946840014],[-110.856215693,27.943057479],[-110.852807365,27.94191104],[-110.860862524,27.937938614],[-110.852304673,27.936295199],[-110.86135254,27.93639757],[-110.861401548,27.921048571],[-110.863028782,27.925566651],[-110.86798675,27.924527481],[-110.866245181,27.915696322],[-110.873803638,27.915284287],[-110.877573121,27.924338301],[-110.889674303,27.921488126],[-110.894165549,27.90663645],[-110.899233052,27.90786416],[-110.898359109,27.90326],[-110.906884544,27.897705368],[-110.906739679,27.89272311],[-110.899421549,27.896799941],[-110.8957514,27.89380962],[-110.889431674,27.89873623],[-110.893172689,27.90183095],[-110.88597625,27.905585311],[-110.879515459,27.901883381],[-110.885040378,27.902185152],[-110.884501111,27.896327823],[-110.86535422,27.903214],[-110.855660607,27.899750101],[-110.8669822,27.895336379],[-110.858780509,27.89568923],[-110.870859459,27.884118181],[-110.864042979,27.884744861],[-110.869282032,27.879925522],[-110.863978313,27.878078211],[-110.870595316,27.875796548],[-110.870756939,27.865492747],[-110.881237544,27.863665767],[-110.874830769,27.86141634],[-110.875833777,27.851291899],[-110.883922599,27.847505083],[-110.883829324,27.839283398],[-110.889871142,27.839455738],[-110.888716019,27.849585487],[-110.894054305,27.855990699],[-110.903093492,27.855752962],[-110.903599523,27.867005602],[-110.926026982,27.867661165],[-110.924720932,27.876256666],[-110.932906622,27.881441792],[-110.941329992,27.869789619],[-110.950433125,27.868264196],[-110.948969018,27.888903902],[-110.962098446,27.89460518],[-110.962241054,27.904397904],[-110.966571579,27.90524228],[-110.947443114,27.911543386],[-110.946888132,27.921854355],[-110.951062906,27.927834506],[-110.969961859,27.927416946],[-110.979927991,27.946676874],[-110.97763477,27.95311372],[-110.984527252,27.958643947],[-111.025303705,27.962483058],[-111.049817398,27.950001894],[-111.048804288,27.94049834],[-111.050772749,27.942725142],[-111.054983961,27.941805424],[-111.057856916,27.937535034],[-111.059684078,27.945579604],[-111.057589405,27.948003396],[-111.053591653,27.947432433],[-111.053688363,27.948539471],[-111.065409188,27.952914994],[-111.065352738,27.941335611],[-111.057470685,27.933348473],[-111.060905158,27.93239827],[-111.060058422,27.927316387],[-111.066196502,27.940600703],[-111.077293174,27.936023166],[-111.089682229,27.937109825],[-111.091446334,27.941035429],[-111.096081162,27.935551754],[-111.105716104,27.936063589],[-111.101119972,27.942160801],[-111.104067202,27.944746041],[-111.093909364,27.944449463],[-111.091288945,27.945137104],[-111.090754166,27.94670396],[-111.094652707,27.945591677],[-111.099414621,27.961302817],[-111.113236887,27.966095504],[-111.116916168,27.960480922],[-111.114948179,27.970151174],[-111.122931392,27.97886151],[-111.131594079,27.974754553],[-111.137850998,27.984876885],[-111.148054589,27.983545136],[-111.167898469,27.993959413],[-111.173769109,27.991514768],[-111.18869059,28.020649865],[-111.197336647,28.0225294],[-111.21172068,28.041712139],[-111.242085886,28.049693769],[-111.237696256,28.052898665],[-111.243011021,28.058080179],[-111.250953265,28.052082431],[-111.255251377,28.054439353],[-111.252089074,28.063530798],[-111.258950488,28.064681505],[-111.256529719,28.069174784],[-111.26655772,28.078087531],[-111.277371275,28.081112635],[-111.273167006,28.089932821],[-111.282282799,28.090445627],[-111.283374937,28.103800513],[-111.287356072,28.105834159],[-111.284860071,28.112737951],[-111.291447351,28.115862335],[-111.293682729,28.130942249],[-111.314589037,28.140157057],[-111.311241318,28.145850286],[-111.33074294,28.157971362],[-111.3326508,28.190931344],[-111.336369068,28.199376778],[-111.342480521,28.201289284],[-111.343678427,28.20930732],[-111.35284811,28.211252043],[-111.358730684,28.219429545],[-111.3771106,28.21880252],[-111.379266212,28.227911117],[-111.373401465,28.234073971],[-111.379262647,28.24491307],[-111.388717546,28.249105819],[-111.38564166,28.258776636],[-111.390420522,28.270816492],[-111.399685278,28.276183552],[-111.408422533,28.273061522],[-111.41368772,28.28554397],[-111.425360779,28.286725354],[-111.427032856,28.294143653],[-111.432762125,28.293726132],[-111.441739135,28.304994562],[-111.450092543,28.306112929],[-111.451404535,28.313263089],[-111.457272847,28.315956045],[-111.452966091,28.325233352],[-111.462142905,28.34126273],[-111.45765472,28.34425995],[-111.456820067,28.354381297],[-111.46859129,28.37194494],[-111.5050196,28.39263217],[-111.58191683,28.4151054],[-111.64451369,28.44352626],[-111.710087152,28.456941398],[-111.71573231,28.49461254],[-111.73723448,28.52185338],[-111.76406152,28.59104783],[-111.77442405,28.60713278],[-111.79700314,28.62635189],[-111.865721291,28.668066355],[-111.885268072,28.689527448],[-111.908185151,28.702432847],[-111.909257086,28.710296229],[-111.925539336,28.718654073],[-111.924623378,28.729470386],[-111.932943357,28.742189554],[-111.95219898,28.7590995],[-111.921522846,28.766633599],[-111.900568526,28.787117097],[-111.899674851,28.784446579],[-111.904798591,28.780810592],[-111.905459975,28.777901229],[-111.904618588,28.776980431],[-111.902272555,28.776396454],[-111.904492632,28.77997679],[-111.898790681,28.782496766],[-111.890719078,28.773851322],[-111.888541932,28.759633739],[-111.876473368,28.743820395],[-111.878288428,28.749494403],[-111.872631651,28.746906277],[-111.85399756,28.760121303],[-111.853859706,28.767596991],[-111.864905803,28.779455778],[-111.857546118,28.780897933],[-111.854989873,28.790050005],[-111.844233479,28.792203286],[-111.844269131,28.803928645],[-111.847648936,28.798458225],[-111.863070728,28.793061158],[-111.858646914,28.79627665],[-111.87392675,28.797937731],[-111.889248179,28.793394428],[-111.888621299,28.798546962],[-111.882771407,28.799520681],[-111.882688219,28.807718831],[-111.882061339,28.809007462],[-111.880846201,28.810137279],[-111.8814404,28.806526508],[-111.874889353,28.801979934],[-111.877941161,28.801183273],[-111.874796658,28.801601911],[-111.875224481,28.804126199],[-111.87747412,28.805353956],[-111.87357023,28.810849006],[-111.889463874,28.815962671],[-111.886679456,28.825408391],[-111.90131102,28.821572733],[-111.892474603,28.805352946],[-111.905460908,28.796371941],[-111.909756969,28.801105169],[-111.902804837,28.803417031],[-111.904355787,28.809259188],[-111.902893967,28.808237409],[-111.903293269,28.810792776],[-111.898426776,28.81098958],[-111.8978813,28.81300446],[-111.905678385,28.8164406],[-111.913232486,28.811061154],[-111.918805659,28.816211497],[-111.912978835,28.819065423],[-111.9125913,28.822028771],[-111.919361607,28.821076086],[-111.927101647,28.813248118],[-111.915033459,28.797259243],[-111.91471477,28.790024705],[-111.93805245,28.81832055],[-111.95205509,28.82496551],[-111.96981248,28.84205075],[-112.030991535,28.859143083],[-112.034561723,28.880122162],[-112.05170803,28.88965083],[-112.047673087,28.898849688],[-112.086269898,28.925189586],[-112.095501378,28.949904722],[-112.101999542,28.955307903],[-112.118085706,28.961563427],[-112.159172212,28.962214329],[-112.17226752,28.96896643],[-112.150399057,28.988686324],[-112.159354212,29.011318496],[-112.166722703,29.009568694],[-112.16383055,29.01675926],[-112.166849272,29.039640942],[-112.172263018,29.048080072],[-112.170608767,29.071527751],[-112.176869251,29.075460106],[-112.187942749,29.072718068],[-112.165260973,29.114189835],[-112.184484509,29.152188866],[-112.200527891,29.156996134],[-112.194289021,29.167376995],[-112.199456732,29.176225905],[-112.216107796,29.179186356],[-112.226753472,29.17392564],[-112.229826671,29.178513996],[-112.21674885,29.208088],[-112.208998796,29.242200576],[-112.211808171,29.263084733],[-112.231837441,29.305039226],[-112.25710755,29.327216025],[-112.291136281,29.331041573],[-112.317708874,29.325886055],[-112.34624775,29.31356122],[-112.3349,29.2918],[-112.35297883,29.32101425],[-112.39452238,29.33260675],[-112.410368315,29.345155952],[-112.42148638,29.37605557],[-112.38266848,29.44872503],[-112.37809969,29.46707711],[-112.380812567,29.486717376],[-112.391032352,29.500815682],[-112.412334477,29.505854191],[-112.428871731,29.519173224],[-112.432042363,29.53305143],[-112.428865782,29.546269336],[-112.436289701,29.559713291],[-112.476336362,29.589704883],[-112.495140053,29.614843889],[-112.506891616,29.620408853],[-112.508679186,29.630700022],[-112.522539546,29.648453776],[-112.526272326,29.665921994],[-112.544061771,29.689692809],[-112.580477598,29.711507113],[-112.586670146,29.739114809],[-112.600258057,29.754444487],[-112.606625495,29.779361012],[-112.651806774,29.83447685],[-112.650928313,29.862422108],[-112.665417864,29.891135845],[-112.683939056,29.904325523],[-112.692300243,29.902823899],[-112.69747502,29.895764601],[-112.694163539,29.90625188],[-112.712884288,29.910395124],[-112.73057479,29.902879148],[-112.737915528,29.904260622],[-112.74704243,29.914359944],[-112.738487148,29.942845556],[-112.74227126,29.95850326],[-112.73310211,30.00055258],[-112.738492104,30.005083248],[-112.74448411,30.03606631],[-112.761593306,30.062748111],[-112.75366734,30.11426992],[-112.75244066,30.1621802],[-112.761502399,30.201693747],[-112.778943337,30.228501131],[-112.817869722,30.263851597],[-112.83900868,30.27093589],[-112.85176962,30.26993786],[-112.857306317,30.263068414],[-112.864718386,30.268279739],[-112.85109571,30.28469466],[-112.846341634,30.333422354],[-112.851884025,30.378583963],[-112.866118319,30.415750842],[-112.897132004,30.458344987],[-112.948287258,30.507475128],[-112.978684885,30.529274224],[-112.98032845,30.54190194],[-112.98578049,30.53479452],[-112.998369991,30.548306435],[-113.084907532,30.679831453],[-113.104373826,30.75632614],[-113.12716697,30.81204177],[-113.11147291,30.84366063],[-113.10106194,30.89088571],[-113.09645502,30.97004786],[-113.12841145,31.05890878],[-113.1206,31.0647],[-113.12149062,31.04680545],[-113.117064255,31.035339357],[-113.09194231,30.99526766],[-113.08480126,31.01251222],[-113.06204837,31.03343617],[-113.05895568,31.07234989],[-113.08095658,31.13881237],[-113.07750768,31.15166689],[-113.08955089,31.15567034],[-113.10150926,31.18944385],[-113.11027363,31.19961618],[-113.11645508,31.20158974],[-113.1204018,31.19166752],[-113.18907955,31.22276068],[-113.20246095,31.23135398],[-113.20715352,31.24052854],[-113.25511017,31.24053665],[-113.35636406,31.265477864],[-113.421179618,31.275896111],[-113.432490012,31.283992945],[-113.446576093,31.280820964],[-113.545405701,31.296273741],[-113.552875483,31.303542874],[-113.55211588,31.30669815],[-113.543764769,31.30394411],[-113.543638739,31.308284661],[-113.548593461,31.306067415],[-113.549202219,31.31210662],[-113.558404579,31.317765171],[-113.59911032,31.325670561],[-113.602849072,31.32084417],[-113.602991838,31.32574586],[-113.62461295,31.32799449],[-113.643894774,31.343234898],[-113.636970542,31.346137841],[-113.626789912,31.339814971],[-113.612275741,31.343359879],[-113.609160216,31.364123898],[-113.615183921,31.372847483],[-113.611978413,31.377182122],[-113.620432818,31.402124465],[-113.63580871,31.42982026],[-113.637251836,31.439440467],[-113.62940459,31.452004953],[-113.641027294,31.481154123],[-113.680414086,31.514843344],[-113.76332791,31.55062303],[-113.768762929,31.558256714],[-113.77863615,31.56034352],[-113.77666669,31.56453966],[-113.81007498,31.56699578],[-113.84142674,31.58420455],[-113.85247934,31.59539869],[-113.873670138,31.588559477],[-113.877874684,31.598209736],[-113.89754969,31.60685512],[-113.91426677,31.60448474],[-113.92,31.5983],[-113.94960923,31.61004163],[-113.95990785,31.61704722],[-113.96543642,31.62838708],[-113.97941098,31.63142872],[-113.9782,31.6131],[-113.9716,31.5998],[-113.9737,31.5783],[-113.9615,31.5769],[-113.96111103,31.56426723],[-113.9562,31.5624],[-113.97972933,31.54739394],[-113.977657177,31.539632971],[-113.986835602,31.529487955],[-114.006215111,31.52378749],[-114.016350208,31.53231779],[-114.019752222,31.529924294],[-114.022481307,31.521626949],[-114.0185752,31.51719451],[-114.0259,31.4922],[-114.136327666,31.492015212],[-114.16990781,31.497993608],[-114.20307591,31.510889494],[-114.228701041,31.528211561],[-114.282709331,31.546150726],[-114.32674731,31.58315834],[-114.327035121,31.592630919],[-114.332356785,31.596769992],[-114.365779221,31.608620842],[-114.392310211,31.627204433],[-114.449464864,31.648334047],[-114.462043885,31.667809142],[-114.497033859,31.676232434],[-114.51425463,31.69448026],[-114.50627214,31.68996378],[-114.507574491,31.69448012],[-114.526280766,31.700838757],[-114.52761632,31.70745122],[-114.55402806,31.73554258],[-114.58278891,31.75222134],[-114.61923151,31.76290365],[-114.69280183,31.76312122],[-114.72268794,31.77705837],[-114.74264252,31.80523689],[-114.76021058,31.81825852],[-114.787069821,31.82309537],[-114.80687765,31.81668014],[-114.81885742,31.82090589],[-114.84492249,31.864551],[-114.87161882,31.86448306],[-114.89071538,31.87233462],[-114.91075948,31.8677608],[-114.91361991,31.88134348],[-114.93787663,31.8907754],[-114.94513448,31.91012097],[-114.965484569,31.91842388],[-114.96743445,31.99688029],[-114.957005,32.03863618],[-114.98973634,32.14637765],[-114.97531825,32.17799548],[-115.05302232,32.24517402],[-115.03642785,32.27775595],[-114.96659248,32.33879352],[-114.961880081,32.35474592],[-114.96845331,32.39065303],[-114.95449597,32.39335409],[-114.96145232,32.41170618],[-114.94828678,32.41927652],[-114.93194048,32.43970074],[-114.93935006,32.46840402],[-114.9354162,32.48142391],[-114.92895451,32.48482666],[-114.90013257,32.48348018],[-114.88258915,32.49214965]],[[-110.848408,27.98247817],[-110.85200985,27.97739477],[-110.86188472,27.98141589],[-110.86622783,27.98136838],[-110.85714978,27.97445142],[-110.86455569,27.97457626],[-110.86723783,27.97347434],[-110.859650431,27.97299052],[-110.85583155,27.96454438],[-110.8580012,27.96712169],[-110.86951989,27.96915342],[-110.85883454,27.9659974],[-110.85608149,27.95879806],[-110.84872591,27.96136938],[-110.845170121,27.95304165],[-110.84165186,27.95465542],[-110.82933378,27.95603349],[-110.82707662,27.955313679],[-110.83024629,27.96953237],[-110.848408,27.98247817]],[[-110.82773942,27.95475666],[-110.842395521,27.95418786],[-110.84487914,27.95284694],[-110.82773942,27.95475666]]]]}},{"type":"Feature","properties":{"state":"Tabasco","official_state_name":"Tabasco","state_code_inegi":"27","postal_range":"86","postal_codes":["86"],"question_count":1,"question_01":"86"},"geometry":{"type":"Polygon","coordinates":[[[-92.46879002,18.65096495],[-92.46574505,18.61656342],[-92.45194425,18.60351522],[-92.42622965,18.55704145],[-92.42643103,18.51497357],[-92.41405172,18.48729175],[-92.40197091,18.4795342],[-92.38481723,18.47814411],[-92.36432451,18.46372918],[-92.35831794,18.44435003],[-92.34871365,18.44309368],[-92.32252894,18.47308089],[-92.31028748,18.45557937],[-92.17614774,18.45823322],[-92.17736022,18.37588269],[-92.18194872,18.37590243],[-92.17135755,18.33895431],[-92.18042882,18.28982357],[-92.17442585,18.29330331],[-92.17295137,18.27533769],[-92.18324385,18.27406323],[-92.14893752,18.21040608],[-92.16442397,18.19786562],[-92.16056212,18.18866857],[-92.160903,18.15542417],[-92.14878205,18.14929638],[-92.14904346,18.13673037],[-92.12833569,18.12014986],[-92.12742457,18.10865786],[-92.11010835,18.0944062],[-92.08155829,18.08568969],[-92.07679635,18.0942866],[-92.06802258,18.09211329],[-92.06217168,18.09816394],[-92.05260145,18.09408522],[-92.03993882,18.09795034],[-92.03598625,18.08736334],[-92.04209543,18.07831882],[-92.02824217,18.07717205],[-92.01442874,18.05261332],[-91.9921546,18.03925691],[-91.97877858,18.04282972],[-91.96674771,18.01598845],[-91.93535563,18.01020245],[-91.90035477,18.012147],[-91.88811014,18.00633758],[-91.86720786,17.98326635],[-91.80464422,17.97255051],[-91.77118528,17.94436692],[-91.76800603,17.94854758],[-91.76226654,17.93901428],[-91.75710069,17.93973365],[-91.76138937,17.94600137],[-91.76048731,17.95762568],[-91.72510106,17.92449462],[-91.71240406,17.92164286],[-91.63880594,17.87395378],[-91.62910142,17.89712789],[-91.63308922,17.90501603],[-91.6127136,17.91291903],[-91.61962488,17.91918962],[-91.62474038,17.94907185],[-91.61977338,17.95757411],[-91.61582114,17.98908406],[-91.61926586,18.01751106],[-91.61226902,18.04502098],[-91.61929491,18.06080369],[-91.60757854,18.07450528],[-91.60950468,18.0984384],[-91.60322418,18.10774415],[-91.58975315,18.10800937],[-91.59534694,18.12517508],[-91.57219912,18.14201514],[-91.58272926,18.1524614],[-91.57996602,18.1581798],[-91.55276106,18.15817623],[-91.53450514,18.14617437],[-91.51583257,18.16987602],[-91.50933734,18.17105475],[-91.50186354,18.15556872],[-91.51521285,18.15495248],[-91.51653218,18.13048525],[-91.50573212,18.13000271],[-91.50403591,18.11645914],[-91.48886791,18.11807503],[-91.47732303,18.11279546],[-91.47016182,18.1036218],[-91.44417977,18.09507574],[-91.43336623,18.08209782],[-91.39859151,18.08000502],[-91.38442535,18.06406505],[-91.35942642,18.07037217],[-91.3471648,18.06395029],[-91.327024316,18.06266535],[-91.323348346,18.053294369],[-91.296743196,18.041940319],[-91.281419255,18.02400626],[-91.250140878,18.006793019],[-91.240013085,17.98700369],[-91.217459546,17.974986852],[-91.192713576,17.978210449],[-91.185607845,17.97295017],[-91.172604856,17.978049199],[-91.144726737,17.975159861],[-91.151122965,17.96267345],[-91.133182257,17.958009721],[-91.130669145,17.982250199],[-91.113580647,17.975850481],[-91.120200304,17.963375259],[-90.987951717,17.96254505],[-90.987665998,17.901350679],[-90.995506415,17.90215665],[-90.995637364,17.87548946],[-90.987662547,17.87535655],[-90.9874592,17.25102489],[-91.43969686,17.25096688],[-91.42749635,17.27658362],[-91.42518088,17.30230531],[-91.41259251,17.307549],[-91.39031872,17.29934912],[-91.38366422,17.31118311],[-91.39699742,17.33794506],[-91.41677535,17.34562712],[-91.41437589,17.35918551],[-91.41983262,17.37407068],[-91.43929846,17.38428737],[-91.45649563,17.37572154],[-91.50500477,17.39948245],[-91.50993554,17.39220271],[-91.53684714,17.40736268],[-91.53724422,17.41973617],[-91.55785669,17.42224415],[-91.55879354,17.40052958],[-91.57968832,17.40734382],[-91.60689818,17.41689138],[-91.60894817,17.42549983],[-91.61748594,17.42624249],[-91.62020768,17.43170045],[-91.63488734,17.43649492],[-91.63733735,17.42995718],[-91.64332643,17.43098798],[-91.67204314,17.44405882],[-91.6652056,17.46166023],[-91.70013743,17.4675178],[-91.6920932,17.46702195],[-91.68989258,17.47506338],[-91.68190566,17.469447971],[-91.67678862,17.47588243],[-91.67463498,17.4715388],[-91.672638,17.47814188],[-91.66281677,17.47981674],[-91.66102685,17.48737286],[-91.65221749,17.492193511],[-91.65447452,17.496694971],[-91.65007309,17.49568508],[-91.64907717,17.517772741],[-91.64182131,17.51892203],[-91.64249112,17.52901665],[-91.63428774,17.534624261],[-91.6391892,17.54159354],[-91.63476969,17.550501431],[-91.64103108,17.55801403],[-91.6388274,17.58146943],[-91.64714777,17.59019131],[-91.64462075,17.595703801],[-91.65308489,17.598665281],[-91.6635632,17.61216714],[-91.65679622,17.612203981],[-91.65219368,17.619759171],[-91.64674237,17.617901461],[-91.64456749,17.621924551],[-91.65989858,17.630447461],[-91.65490495,17.6305482],[-91.65808112,17.63453934],[-91.65281126,17.63857074],[-91.6587876,17.639707981],[-91.65405457,17.645229431],[-91.65976449,17.64919477],[-91.65865878,17.65645471],[-91.66360746,17.66215483],[-91.66039151,17.6655244],[-91.66433929,17.66666063],[-91.65900758,17.66593523],[-91.65474351,17.67615712],[-91.67299249,17.68347243],[-91.68137726,17.67013372],[-91.69371123,17.685001201],[-91.70095798,17.678939781],[-91.70403577,17.69222509],[-91.71707749,17.68774651],[-91.71754542,17.69840923],[-91.72476354,17.69206389],[-91.733294,17.696580341],[-91.74138352,17.70577403],[-91.73880623,17.71080865],[-91.74824397,17.70017702],[-91.75391478,17.705347321],[-91.76785262,17.703115451],[-91.77660258,17.715431681],[-91.77595617,17.709158321],[-91.78053169,17.70781948],[-91.78651588,17.71902568],[-91.81843395,17.72743223],[-91.83066169,17.73767723],[-91.81032503,17.75132334],[-91.79836866,17.74418348],[-91.79016174,17.74601811],[-91.79115889,17.75653903],[-91.78225312,17.78248463],[-91.79237158,17.82451694],[-91.77969046,17.85129858],[-91.80436874,17.86886645],[-91.80994312,17.89824828],[-91.81618438,17.90014634],[-91.83540557,17.88659282],[-91.84968629,17.8828646],[-91.87068931,17.89078072],[-91.89416148,17.88750026],[-91.90296682,17.89603423],[-91.91812769,17.89951965],[-91.92549683,17.89193417],[-91.92806134,17.87082251],[-91.94840917,17.86330835],[-91.95708157,17.87064026],[-91.95683277,17.87992991],[-91.93959785,17.90629306],[-91.97845257,17.91368865],[-91.99567109,17.94258997],[-91.99988789,17.94334465],[-91.99128974,17.91961231],[-92.00335506,17.89051818],[-92.01554663,17.89750112],[-92.01970791,17.88782392],[-92.02969894,17.88914394],[-92.07179705,17.87767365],[-92.06730769,17.87035292],[-92.05245798,17.86724611],[-92.04940708,17.85477203],[-92.05630822,17.84675445],[-92.09046882,17.85659949],[-92.09049763,17.85072778],[-92.10203335,17.85088017],[-92.10646289,17.83812705],[-92.09939826,17.83463357],[-92.10460131,17.82762602],[-92.10553518,17.81293872],[-92.12048163,17.79597269],[-92.14658277,17.814676],[-92.12713808,17.78589838],[-92.13597189,17.77901231],[-92.13082542,17.76608035],[-92.15170817,17.76456888],[-92.15245402,17.77906557],[-92.17195018,17.78656785],[-92.18848715,17.76813463],[-92.1944994,17.77664118],[-92.22933757,17.74558086],[-92.27462289,17.69225805],[-92.28868154,17.70266734],[-92.29480095,17.69992942],[-92.32808997,17.71373003],[-92.33734726,17.71208963],[-92.34012922,17.70375798],[-92.34989703,17.70278472],[-92.34915949,17.65472752],[-92.35494145,17.65405606],[-92.35813168,17.64195914],[-92.35067371,17.61793406],[-92.40085814,17.58603255],[-92.4020786,17.57804011],[-92.40821958,17.58062006],[-92.43677565,17.57009688],[-92.46761691,17.57711886],[-92.51998489,17.57304977],[-92.53007342,17.54999842],[-92.55803054,17.54022542],[-92.57141092,17.54960862],[-92.59698969,17.52035965],[-92.59234302,17.50961725],[-92.59990143,17.50080002],[-92.59406366,17.49295223],[-92.60582514,17.47737574],[-92.62433803,17.4658634],[-92.64886586,17.46069942],[-92.65940828,17.44428474],[-92.66818515,17.45669457],[-92.66790537,17.42595483],[-92.67623875,17.41161942],[-92.67876503,17.37849357],[-92.72950834,17.34812851],[-92.7541802,17.34329866],[-92.75873742,17.35819778],[-92.77066331,17.36039632],[-92.768309,17.38550412],[-92.79079423,17.40498514],[-92.78579471,17.41752729],[-92.8293996,17.40859934],[-92.82921632,17.39630049],[-92.85426446,17.41119763],[-92.85619102,17.41887622],[-92.82582475,17.42378422],[-92.81963085,17.43274595],[-92.83155248,17.48085717],[-92.84987592,17.46897814],[-92.85980875,17.50028155],[-92.88735617,17.51046354],[-92.89806205,17.50300169],[-92.90729191,17.505202741],[-92.91293754,17.49821306],[-92.92046114,17.5026778],[-92.93919943,17.50244731],[-92.94811983,17.48274302],[-92.95806752,17.49197423],[-92.96804212,17.51797272],[-92.97506458,17.51863874],[-92.98487342,17.51130786],[-92.98299669,17.51891392],[-92.99264832,17.53001572],[-92.98048968,17.53756283],[-92.9883706,17.54135223],[-92.98834048,17.55000595],[-93.00556525,17.55524802],[-93.00448754,17.57958765],[-93.01065295,17.58049168],[-93.01496666,17.59146958],[-93.02952417,17.59775126],[-93.04052534,17.60982815],[-93.04545765,17.65910545],[-93.04504623,17.66731163],[-93.04042383,17.66849732],[-93.04442992,17.67340625],[-93.03790305,17.68065708],[-93.04203106,17.68638525],[-93.03911843,17.691963],[-93.03792675,17.68836451],[-93.03714626,17.69366908],[-93.04080469,17.69356231],[-93.03711608,17.70338191],[-93.03885154,17.70681775],[-93.04314482,17.70437023],[-93.04436798,17.71338795],[-93.05384317,17.711416],[-93.05347174,17.7187818],[-93.05772471,17.72048875],[-93.05427957,17.74240175],[-93.04686917,17.74843212],[-93.04263828,17.76841151],[-93.03659043,17.76635412],[-93.02780051,17.77164495],[-93.01591206,17.78534714],[-93.018703,17.79070812],[-93.0120134,17.79366903],[-93.01955037,17.80312455],[-93.016413749,17.808134201],[-93.02725888,17.82032457],[-93.02543628,17.82541845],[-93.043126309,17.84257731],[-93.09408988,17.84117175],[-93.10164546,17.84582834],[-93.11564075,17.82221263],[-93.13180032,17.85231642],[-93.12362598,17.87445038],[-93.09195929,17.88657588],[-93.09137594,17.89756125],[-93.104975029,17.907419322],[-93.12912889,17.90785238],[-93.13693278,17.91835894],[-93.145982079,17.91992666],[-93.145078029,17.93235297],[-93.18314389,17.94030905],[-93.19200158,17.95613572],[-93.20735877,17.96063794],[-93.22997952,17.94904483],[-93.24092098,17.95009469],[-93.24530943,17.96009014],[-93.25671491,17.963043181],[-93.27832269,17.985287801],[-93.28300762,17.96749938],[-93.2983806,17.94786174],[-93.29800969,17.93858178],[-93.32583286,17.92791351],[-93.3366702,17.93660125],[-93.34089685,17.93033066],[-93.33602245,17.90498655],[-93.34126192,17.90314397],[-93.35058277,17.87606603],[-93.34971272,17.8679628],[-93.33429511,17.85169889],[-93.34931077,17.8154276],[-93.34058598,17.79812055],[-93.35209248,17.79542346],[-93.36661095,17.80292332],[-93.37048597,17.79403743],[-93.37640878,17.795852341],[-93.380948489,17.783164951],[-93.36441871,17.77908432],[-93.35850308,17.78839632],[-93.34311188,17.78751668],[-93.34913509,17.76708528],[-93.35281968,17.7637362],[-93.37541995,17.76679802],[-93.38657055,17.77756529],[-93.39054783,17.77339971],[-93.38156612,17.74853965],[-93.36984888,17.73738305],[-93.37394657,17.73299477],[-93.36255185,17.72868798],[-93.36397442,17.72349052],[-93.35430235,17.71288218],[-93.35378457,17.68107475],[-93.36050386,17.66489408],[-93.35627777,17.64803745],[-93.38478872,17.64437794],[-93.38496829,17.63417611],[-93.40959929,17.61929786],[-93.420489909,17.590047941],[-93.44594562,17.58598569],[-93.451707049,17.54648423],[-93.47297525,17.55349368],[-93.48414582,17.54987655],[-93.498806919,17.522249461],[-93.50252128,17.49952258],[-93.5075582,17.501404051],[-93.5050154,17.49542132],[-93.514878599,17.49032282],[-93.50604142,17.477491201],[-93.51380472,17.442805261],[-93.607939816,17.314930021],[-93.62438668,17.32248131],[-93.62743197,17.31284315],[-93.64150289,17.31795314],[-93.64533455,17.32777323],[-93.63495855,17.33770186],[-93.68574718,17.37236757],[-93.68314698,17.37641309],[-93.69492022,17.38780437],[-93.68353874,17.39562818],[-93.68373937,17.40445662],[-93.67341874,17.41227334],[-93.67299631,17.41991831],[-93.65757929,17.41690674],[-93.64930975,17.43247138],[-93.64562702,17.43032649],[-93.63820632,17.43608626],[-93.64517988,17.44240158],[-93.63513512,17.45124703],[-93.6365974,17.45527688],[-93.64415712,17.4521712],[-93.64463157,17.45859797],[-93.65041403,17.45885466],[-93.63934252,17.4595852],[-93.63124777,17.4869322],[-93.62410485,17.49345723],[-93.62990926,17.50087663],[-93.62607155,17.50442128],[-93.63734108,17.50981363],[-93.62502077,17.51463708],[-93.62726325,17.53168222],[-93.624691849,17.538263526],[-93.619564749,17.537558601],[-93.621529599,17.54482622],[-93.613497022,17.552207688],[-93.6152466,17.555111781],[-93.625013739,17.54873591],[-93.631338819,17.549981981],[-93.631779679,17.556879941],[-93.64848234,17.55534565],[-93.65369006,17.559972691],[-93.65654206,17.55523808],[-93.65916928,17.56548634],[-93.67121858,17.56956062],[-93.67109974,17.57625282],[-93.67731028,17.57576675],[-93.68081338,17.58492762],[-93.67761032,17.58586952],[-93.68541885,17.58708635],[-93.68720937,17.59369437],[-93.69320858,17.5934954],[-93.69333432,17.58955517],[-93.69946417,17.59602389],[-93.69965745,17.61368562],[-93.70969134,17.61163298],[-93.70849269,17.62341585],[-93.7131836,17.63067003],[-93.71917042,17.63346352],[-93.71206106,17.62384474],[-93.71472817,17.62085308],[-93.72911917,17.62986525],[-93.7328826,17.62576023],[-93.73102469,17.63583334],[-93.73528022,17.63008188],[-93.73798755,17.63495048],[-93.72999174,17.64128974],[-93.73269195,17.64916222],[-93.74089091,17.64940571],[-93.74658266,17.66011471],[-93.74108125,17.66478243],[-93.74562029,17.66222034],[-93.74707931,17.66835057],[-93.73851086,17.67937015],[-93.75671914,17.67687246],[-93.75653472,17.68262435],[-93.75178889,17.68398655],[-93.75976808,17.68511671],[-93.76504126,17.67457325],[-93.77256988,17.69270898],[-93.78052298,17.68867235],[-93.78123223,17.69323751],[-93.79106523,17.69473718],[-93.79889115,17.68740332],[-93.80515466,17.68935551],[-93.80698908,17.70591903],[-93.81260943,17.70251794],[-93.8125406,17.70692317],[-93.82234068,17.69957651],[-93.8235108,17.7094286],[-93.82864665,17.71294015],[-93.82658643,17.71919162],[-93.83045722,17.71370169],[-93.83490717,17.71654974],[-93.84302009,17.71136658],[-93.84589042,17.71718726],[-93.85040268,17.71665622],[-93.84858131,17.72070889],[-93.85928592,17.71685272],[-93.85867858,17.72089054],[-93.86499603,17.72218663],[-93.8691828,17.71797872],[-93.86461928,17.71671568],[-93.86999708,17.71353603],[-93.87586298,17.72652888],[-93.88072222,17.72627762],[-93.8761626,17.73329894],[-93.8836616,17.73553378],[-93.87376017,17.73466297],[-93.87432615,17.73992909],[-93.86960851,17.73932331],[-93.87466809,17.74720631],[-93.87003317,17.75060965],[-93.87704878,17.75656358],[-93.88123703,17.75129822],[-93.88534877,17.75722472],[-93.89128017,17.74808078],[-93.89220574,17.75367735],[-93.90106888,17.75566932],[-93.90433337,17.75012249],[-93.91011942,17.75469102],[-93.92231463,17.74632834],[-93.92912551,17.7532568],[-93.94010726,17.75316991],[-93.93525946,17.75909685],[-93.94114363,17.75984972],[-93.94084802,17.76510602],[-93.94949857,17.76948878],[-93.95610382,17.78172018],[-93.95533972,17.79958615],[-93.9506314,17.80041242],[-93.96316788,17.79950226],[-93.95680097,17.81064025],[-93.96799617,17.81787168],[-93.95832778,17.819729],[-93.96499469,17.82996755],[-93.95844455,17.83024385],[-93.95744272,17.82531528],[-93.95595003,17.83339518],[-93.96787886,17.83704666],[-93.96778617,17.84525234],[-93.97317926,17.84233592],[-93.97594837,17.85037225],[-93.98456726,17.85157494],[-93.98624362,17.84705894],[-93.98116909,17.84603334],[-93.98317262,17.83985715],[-93.98823918,17.84472085],[-93.98787082,17.83435825],[-93.99461468,17.84602011],[-93.99561231,17.83661808],[-94.01634295,17.84449238],[-94.01702711,17.83955497],[-94.02594743,17.84038062],[-94.02303868,17.84625725],[-94.02944751,17.84566954],[-94.03268202,17.86212642],[-94.03753443,17.86265878],[-94.03799323,17.86997209],[-94.03315848,17.87255722],[-94.04289809,17.87350643],[-94.04287643,17.86743991],[-94.05198238,17.8707432],[-94.06260455,17.8630878],[-94.06511345,17.86845378],[-94.07230094,17.86555886],[-94.08343075,17.86986849],[-94.07930882,17.89104585],[-94.08513514,17.89287409],[-94.08182212,17.89991102],[-94.08800992,17.90648082],[-94.08497337,17.91553058],[-94.09132711,17.93657234],[-94.08714877,17.95839594],[-94.09199012,17.96193194],[-94.08888843,17.97062023],[-94.08074628,17.9683392],[-94.08250048,17.97795351],[-94.07353269,17.98777058],[-94.06851632,17.97959265],[-94.06140031,17.98812434],[-94.06699228,17.99253714],[-94.06652363,18.0093962],[-94.08366308,18.00612518],[-94.07985271,18.02232746],[-94.08355706,18.03390365],[-94.07439937,18.05894786],[-94.09720542,18.07972968],[-94.08245966,18.09142314],[-94.08158826,18.09991429],[-94.09613332,18.11189149],[-94.10044357,18.12591594],[-94.09388792,18.15537025],[-94.09790802,18.16835858],[-94.10606572,18.17421268],[-94.12029965,18.16495917],[-94.12785302,18.16987718],[-94.13002517,18.2128512],[-94.125886076,18.216453006],[-93.849584885,18.302971116],[-93.84768171,18.29815057],[-93.846224448,18.306102133],[-93.58551982,18.39209508],[-93.439869567,18.427237319],[-93.388884937,18.434084238],[-93.232263623,18.439900886],[-93.214768636,18.442274398],[-93.214490996,18.445933589],[-93.213865991,18.446966627],[-93.214161378,18.441203996],[-93.205010466,18.441211671],[-93.210527471,18.430471805],[-93.200920704,18.434574284],[-93.201823707,18.436114957],[-93.202270725,18.441555105],[-93.196751845,18.438787682],[-93.192758782,18.443638473],[-93.194320774,18.433358919],[-93.186792799,18.431162246],[-93.183697124,18.437675855],[-93.19033438,18.43787872],[-93.189500081,18.447556588],[-93.198362909,18.453165],[-93.18977198,18.448594751],[-93.185077686,18.441256689],[-93.099908084,18.443207997],[-93.035946189,18.431912275],[-92.950875741,18.435007408],[-92.897989698,18.443151652],[-92.829435117,18.468301145],[-92.773655792,18.505149478],[-92.72263395,18.55884229],[-92.70291745,18.58971222],[-92.70173195,18.60370929],[-92.691557096,18.61804127],[-92.672180367,18.611360836],[-92.631006322,18.614352463],[-92.531125942,18.633398688],[-92.46879002,18.65096495]]]}},{"type":"Feature","properties":{"state":"Tamaulipas","official_state_name":"Tamaulipas","state_code_inegi":"28","postal_range":"87-89","postal_codes":["87","88","89"],"question_count":3,"question_01":"87","question_02":"88","question_03":"89"},"geometry":{"type":"Polygon","coordinates":[[[-99.72660085,27.677275],[-99.72258874,27.66739106],[-99.70549991,27.65525488],[-99.69875395,27.6558424],[-99.69050335,27.6691182],[-99.68653692,27.66154122],[-99.66378291,27.65744403],[-99.65812312,27.64784743],[-99.66629231,27.63640594],[-99.65546728,27.62925965],[-99.62716531,27.62999846],[-99.623014,27.63394789],[-99.62736969,27.63930851],[-99.62426405,27.64411452],[-99.61585674,27.63739934],[-99.60317051,27.64198826],[-99.59590432,27.63976377],[-99.59150331,27.62772922],[-99.57710615,27.61831078],[-99.57682545,27.61097398],[-99.58423502,27.6034586],[-99.56125786,27.60713028],[-99.55483126,27.61440994],[-99.54025063,27.6043548],[-99.52901358,27.57922968],[-99.5115492,27.56608202],[-99.52201017,27.54430475],[-99.52818765,27.49815322],[-99.49342723,27.49762798],[-99.48134762,27.48909414],[-99.47876526,27.47950651],[-99.495336349,27.44657831],[-99.487620999,27.4110462],[-99.49228069,27.3805918],[-99.50786086,27.35350978],[-99.50449874,27.33877977],[-99.53813263,27.31645202],[-99.52790355,27.30483569],[-99.49460392,27.30376422],[-99.48759022,27.29421431],[-99.49656665,27.27290051],[-99.49089678,27.26272471],[-99.48153206,27.25958008],[-99.46195191,27.26838691],[-99.4418326,27.25080665],[-99.445369,27.22317855],[-99.43260995,27.20992217],[-99.42621774,27.17612729],[-99.43008785,27.15916635],[-99.44002149,27.15114646],[-99.43102009,27.13704702],[-99.43103906,27.12522809],[-99.44254351,27.10682966],[-99.42866105,27.09159275],[-99.43557369,27.0789804],[-99.45270752,27.064065],[-99.44468874,27.04116503],[-99.44569215,27.02186385],[-99.42984985,27.01051858],[-99.41541271,27.01737568],[-99.38713857,26.98204918],[-99.376469,26.97685168],[-99.39375708,26.96022702],[-99.38502062,26.93960266],[-99.37274817,26.93138206],[-99.3370222,26.92339858],[-99.32422098,26.9159454],[-99.32121717,26.90655991],[-99.328763781,26.87964972],[-99.31714157,26.86546182],[-99.29457003,26.8649816],[-99.28049897,26.85808858],[-99.26801995,26.84262878],[-99.26201748,26.81490877],[-99.2424936,26.78731329],[-99.23961975,26.74526177],[-99.20860343,26.72444894],[-99.20962962,26.69359548],[-99.19997669,26.65579282],[-99.17816571,26.62089571],[-99.16731329,26.56004411],[-99.17151862,26.54315206],[-99.16788929,26.53695642],[-99.15343834,26.53063909],[-99.12775023,26.52534492],[-99.104311,26.49909074],[-99.09164965,26.47531765],[-99.10014406,26.45955905],[-99.10293508,26.44159568],[-99.11358892,26.43252371],[-99.08398608,26.39757312],[-99.06181823,26.39766692],[-99.0372886,26.41356837],[-99.02093831,26.40656289],[-99.01077471,26.39225863],[-98.98779392,26.39165006],[-98.97438677,26.40130677],[-98.95457646,26.39453917],[-98.95610786,26.37712869],[-98.94324146,26.36943728],[-98.93494469,26.37297766],[-98.93534048,26.385555],[-98.92672338,26.39456543],[-98.92222692,26.37881671],[-98.91396237,26.37255228],[-98.90134654,26.37114171],[-98.89613323,26.35308109],[-98.86083128,26.36623348],[-98.84359071,26.35855646],[-98.82421249,26.37088066],[-98.81441238,26.36591862],[-98.804601712,26.367626633],[-98.788000232,26.337697423],[-98.788518082,26.330514683],[-98.76860026,26.32501438],[-98.750717862,26.331183113],[-98.747069742,26.318475802],[-98.73607286,26.30832349],[-98.74208263,26.30266792],[-98.7549806,26.30758785],[-98.750919062,26.296011622],[-98.74195948,26.29404254],[-98.728101452,26.299003373],[-98.71668085,26.28612606],[-98.702459582,26.287092223],[-98.70161298,26.27751678],[-98.71704549,26.27818018],[-98.719657771,26.272552511],[-98.68112163,26.26293605],[-98.67820429,26.24361802],[-98.67056431,26.23700263],[-98.656463,26.23570277],[-98.63457783,26.24233306],[-98.62441234,26.25974043],[-98.61625889,26.24648868],[-98.61155586,26.25333585],[-98.58572971,26.25767069],[-98.57942206,26.25320994],[-98.58510963,26.24489177],[-98.580094,26.23539577],[-98.566262549,26.24156142],[-98.562664569,26.22441049],[-98.54574065,26.23652809],[-98.5470056,26.24165745],[-98.558348909,26.24447288],[-98.55424302,26.24778563],[-98.54348243,26.24341243],[-98.53538889,26.22569412],[-98.52233694,26.23568465],[-98.52693003,26.22617049],[-98.52455332,26.22134905],[-98.51280317,26.22716997],[-98.500573479,26.222328831],[-98.507001509,26.20931382],[-98.48492888,26.21252423],[-98.48140103,26.200621851],[-98.47748362,26.203787581],[-98.481815629,26.21930437],[-98.46064726,26.226085941],[-98.45449531,26.21668477],[-98.44410274,26.224177741],[-98.438561049,26.21195088],[-98.4439318,26.20054137],[-98.41707855,26.18407126],[-98.4027606,26.181473547],[-98.40239574,26.172024018],[-98.38732052,26.158424937],[-98.36637451,26.157660508],[-98.36722115,26.168506508],[-98.35982566,26.172514647],[-98.35820563,26.158724547],[-98.35209117,26.151055538],[-98.34622126,26.165688827],[-98.33569265,26.165818578],[-98.33311842,26.159446828],[-98.33793448,26.149421457],[-98.32649414,26.142937508],[-98.335614749,26.138315028],[-98.32193831,26.11889295],[-98.30979348,26.11398792],[-98.30533805,26.10288634],[-98.29773735,26.10337032],[-98.3036082,26.10995272],[-98.29686631,26.120298451],[-98.27450123,26.115865681],[-98.26629615,26.120937121],[-98.27200903,26.113422151],[-98.27050812,26.106626571],[-98.28837495,26.104691541],[-98.26759209,26.092467571],[-98.24954928,26.07217148],[-98.22020835,26.07633528],[-98.193635371,26.05308898],[-98.18707615,26.06439431],[-98.17685034,26.06073543],[-98.18059768,26.06615066],[-98.17658554,26.07531488],[-98.1678636,26.06309465],[-98.15802358,26.06359168],[-98.16173895,26.05399908],[-98.15079109,26.05802646],[-98.14686528,26.04913898],[-98.13187055,26.07430983],[-98.12817808,26.07259226],[-98.12974615,26.0631832],[-98.10462671,26.06765871],[-98.09358462,26.05864882],[-98.08136108,26.06433855],[-98.08569655,26.06950382],[-98.08133105,26.07130169],[-98.07008371,26.0514708],[-98.07256277,26.04384509],[-98.08017952,26.04163378],[-98.07294931,26.036424],[-98.06220672,26.04625063],[-98.03871302,26.04136729],[-98.02793023,26.06698368],[-98.02105329,26.05862968],[-98.0120452,26.06610218],[-98.01188706,26.05608158],[-98.00260228,26.06493245],[-97.99187949,26.05822294],[-97.98747922,26.06609434],[-97.98019712,26.06721698],[-97.97864414,26.05889615],[-97.96587492,26.05166608],[-97.95107492,26.06223803],[-97.93355029,26.05298572],[-97.93139748,26.05748492],[-97.93726682,26.06209552],[-97.93364292,26.06555702],[-97.92708522,26.05483926],[-97.89104412,26.06030832],[-97.88709223,26.06659675],[-97.87682671,26.06462335],[-97.86897626,26.05677774],[-97.86139662,26.07002925],[-97.86100165,26.05296142],[-97.83920263,26.05310854],[-97.83426178,26.04560222],[-97.82584632,26.05582278],[-97.81928571,26.05658431],[-97.81241118,26.04406558],[-97.81126737,26.05525615],[-97.80109271,26.06021017],[-97.79887809,26.05283988],[-97.78882185,26.04944712],[-97.79543843,26.04671509],[-97.79728452,26.03934838],[-97.77789885,26.02920806],[-97.76929889,26.03594109],[-97.7767844,26.04431774],[-97.76803549,26.04725891],[-97.76267038,26.04157448],[-97.76153862,26.02556134],[-97.75219275,26.03153922],[-97.74800318,26.02611308],[-97.73527103,26.02844151],[-97.73469155,26.03200605],[-97.7213854,26.03127031],[-97.72045546,26.02302312],[-97.70949637,26.0261832],[-97.70712008,26.03773457],[-97.69697918,26.03064594],[-97.6975586,26.02390654],[-97.69155988,26.01881783],[-97.69327069,26.03235846],[-97.67565612,26.02582495],[-97.67484449,26.03281951],[-97.66724086,26.02888278],[-97.662614,26.03807648],[-97.66061343,26.03144043],[-97.66813729,26.01942531],[-97.65161892,26.01586826],[-97.64638871,26.02738757],[-97.63992095,26.02395083],[-97.63777094,26.01375566],[-97.64929498,26.01044368],[-97.63566785,26.00013962],[-97.62713382,26.00611305],[-97.62731828,25.99654031],[-97.61836106,26.00231528],[-97.62048368,25.99216691],[-97.63103675,25.99645642],[-97.63444963,25.99003677],[-97.62164145,25.98914646],[-97.61668058,25.97905798],[-97.60790762,25.97681052],[-97.61060334,25.96596166],[-97.6020952,25.95735546],[-97.58212152,25.96237825],[-97.57811705,25.94209362],[-97.57288052,25.94623068],[-97.57446746,25.95394703],[-97.56790758,25.95251386],[-97.56639765,25.94474097],[-97.58219363,25.93863369],[-97.58327423,25.93321648],[-97.56697212,25.93372405],[-97.56797885,25.92777791],[-97.56172405,25.9256778],[-97.55772423,25.93539291],[-97.55234595,25.93718378],[-97.54617509,25.93422086],[-97.54367591,25.92336112],[-97.53731445,25.93080955],[-97.54305215,25.92011282],[-97.53000555,25.91986612],[-97.53325758,25.90844338],[-97.52374782,25.89899406],[-97.52127163,25.88632375],[-97.51090092,25.88754262],[-97.49819022,25.89916268],[-97.49715022,25.87986743],[-97.48790792,25.88545194],[-97.48445028,25.87882308],[-97.46898942,25.88891875],[-97.46839746,25.88396665],[-97.47474274,25.87972088],[-97.47057788,25.87535822],[-97.45551746,25.88411925],[-97.4567446,25.86864623],[-97.449041719,25.87228737],[-97.444612689,25.86780658],[-97.454056579,25.85428085],[-97.44508142,25.85637208],[-97.44404988,25.84861363],[-97.43611108,25.84998765],[-97.4244518,25.84044003],[-97.41236937,25.84113698],[-97.41397751,25.85599834],[-97.40945472,25.86226995],[-97.40789337,25.84521506],[-97.40196638,25.85223655],[-97.39865715,25.85033651],[-97.40053268,25.84136398],[-97.4061506,25.83789597],[-97.39338832,25.83729134],[-97.38704506,25.84390885],[-97.37263078,25.84012515],[-97.37099325,25.84959489],[-97.36421189,25.85086715],[-97.37618625,25.85559294],[-97.36938435,25.85775675],[-97.36145202,25.86947558],[-97.35665906,25.86735052],[-97.35943443,25.87980448],[-97.37417294,25.88027738],[-97.35640128,25.88776195],[-97.366496,25.89054522],[-97.36601562,25.90235302],[-97.37503188,25.90829249],[-97.36809935,25.90977011],[-97.36913663,25.91513477],[-97.35476014,25.91978562],[-97.3479154,25.93131031],[-97.33684249,25.92968446],[-97.337878,25.92038857],[-97.33301335,25.92615482],[-97.33085711,25.91790303],[-97.32609591,25.91754408],[-97.31827692,25.93114811],[-97.30483011,25.92801686],[-97.30320471,25.93698057],[-97.29564212,25.93327102],[-97.276822,25.93519763],[-97.28096749,25.94427165],[-97.27806494,25.94704043],[-97.28925283,25.95401037],[-97.28396568,25.959328],[-97.27643362,25.95216809],[-97.24749437,25.94803055],[-97.238769,25.95573408],[-97.21986322,25.95727822],[-97.20863166,25.96387032],[-97.20495568,25.95798405],[-97.18862468,25.95372185],[-97.17621765,25.96564554],[-97.1670484,25.96026585],[-97.15853965,25.961753],[-97.15877152,25.94881463],[-97.14637375,25.95488691],[-97.14473979,25.892601956],[-97.150096403,25.835951536],[-97.164254431,25.745644268],[-97.18233565,25.678789725],[-97.200985843,25.628339261],[-97.33752927,25.399826331],[-97.406390323,25.275604281],[-97.420199515,25.243694424],[-97.420540497,25.236432947],[-97.41196213,25.234094569],[-97.427777433,25.23444588],[-97.413026614,25.23062176],[-97.425433797,25.233365672],[-97.441462987,25.210883058],[-97.507710288,25.064490194],[-97.57207715,24.887685159],[-97.580641314,24.844025102],[-97.58625406,24.843284],[-97.581231638,24.841996945],[-97.591181367,24.824595178],[-97.647875139,24.623605041],[-97.675341258,24.50932399],[-97.677445259,24.48009031],[-97.68101784,24.477644346],[-97.676448365,24.477855997],[-97.686917381,24.450560994],[-97.706592097,24.317108205],[-97.727338367,24.092030892],[-97.737441367,23.942890491],[-97.735854633,23.796214175],[-97.73177706,23.771697539],[-97.73825808,23.754596641],[-97.742359956,23.662142663],[-97.768528494,23.377687371],[-97.76881371,23.244795622],[-97.760365416,23.055435477],[-97.765859572,22.894990417],[-97.788854503,22.790604854],[-97.844974912,22.660258895],[-97.859326014,22.566409721],[-97.854843374,22.504111099],[-97.850327156,22.493010627],[-97.833531162,22.493042468],[-97.858612892,22.489510364],[-97.857464031,22.482175318],[-97.83438557,22.482213058],[-97.856766297,22.481791645],[-97.858298737,22.476158006],[-97.845241207,22.405372287],[-97.811780021,22.306893764],[-97.783285232,22.264777121],[-97.772952707,22.266863127],[-97.811643769,22.25177368],[-97.832112509,22.238102711],[-97.837693379,22.212433751],[-97.84488829,22.20696583],[-97.894962461,22.222378438],[-97.90241889,22.23334345],[-97.917281829,22.23913054],[-97.920284119,22.246004221],[-97.916790429,22.252593091],[-97.93421268,22.254181621],[-97.93166065,22.271046571],[-97.95386294,22.287041981],[-97.956707617,22.293892371],[-97.982707829,22.30261351],[-97.99266415,22.29277471],[-98.000324049,22.297432491],[-97.998949399,22.314326751],[-97.983979909,22.30467126],[-97.970509739,22.328050221],[-97.97040543,22.33289778],[-97.985242969,22.341178081],[-97.990020249,22.35086382],[-98.000710109,22.348157051],[-98.02847211,22.358392091],[-98.05396049,22.355540171],[-98.059451719,22.34637703],[-98.072781459,22.34716149],[-98.086015309,22.37015366],[-98.095493679,22.372694451],[-98.106213119,22.366712311],[-98.11353597,22.395303281],[-98.1515602,22.41294463],[-98.16328725,22.40998483],[-98.187485489,22.42386851],[-98.1897432,22.44179052],[-98.199884679,22.44903588],[-98.19261543,22.46521626],[-98.194995219,22.469558971],[-98.207002479,22.464023831],[-98.219843649,22.47175091],[-98.232365139,22.461330981],[-98.247931429,22.47165663],[-98.25663417,22.453406151],[-98.27293689,22.447291051],[-98.287369319,22.467028171],[-98.30100782,22.46122683],[-98.3088342,22.46846106],[-98.31682298,22.46856234],[-98.31927054,22.46522249],[-98.31221518,22.4452192],[-98.32091249,22.44003797],[-98.32736145,22.42646958],[-98.312711,22.41427277],[-98.3187812,22.39073968],[-98.32769398,22.39868017],[-98.35227252,22.38870332],[-98.35652925,22.395149],[-98.35103622,22.40242617],[-98.35522535,22.40744563],[-98.37457788,22.38961808],[-98.3878092,22.38928438],[-98.39104285,22.39583043],[-98.38456834,22.40328618],[-98.38245962,22.41592377],[-98.38864389,22.42429303],[-98.40954342,22.39992669],[-98.41904628,22.41273769],[-98.43311726,22.41357831],[-98.43376609,22.43286446],[-98.44257017,22.43239617],[-98.44863318,22.41995969],[-98.46095912,22.41219192],[-98.46657445,22.4142858],[-98.46680758,22.42880174],[-98.49036923,22.42776505],[-98.49213828,22.41947415],[-98.49684962,22.42402689],[-98.49372155,22.42682808],[-98.50504011,22.42947154],[-98.51192115,22.42200012],[-98.50959715,22.41638795],[-98.52536172,22.40678072],[-98.54132434,22.40574371],[-98.54608311,22.40018966],[-98.56851282,22.40157843],[-98.57493552,22.39394549],[-98.59232571,22.39531617],[-98.61375212,22.40892505],[-98.62690123,22.40216098],[-98.638156,22.41452403],[-98.66578003,22.40372502],[-98.6770992,22.40892722],[-98.70081991,22.40257269],[-98.72909518,22.38831788],[-98.73150718,22.38125608],[-98.74593957,22.38086535],[-98.75167608,22.36902386],[-98.75893478,22.36631274],[-98.78643129,22.36597909],[-98.82146732,22.3562558],[-98.84987706,22.36812692],[-98.85913814,22.3647406],[-98.87228949,22.36741298],[-98.88999725,22.35509351],[-98.91228263,22.37379792],[-98.92554486,22.37174678],[-98.93197272,22.39277514],[-99.06039945,22.41526852],[-99.12056705,22.40663648],[-99.23683875,22.412862],[-99.26314854,22.46979123],[-99.27242582,22.51326263],[-99.28865338,22.55582417],[-99.3140344,22.60989817],[-99.32859005,22.6087024],[-99.33010752,22.61484469],[-99.32138786,22.61673045],[-99.32961768,22.63488778],[-99.37320048,22.62907768],[-99.38555311,22.67026846],[-99.39654012,22.6707668],[-99.41991272,22.66203754],[-99.44205288,22.66361571],[-99.47712683,22.74063722],[-99.49244869,22.74194798],[-99.49678851,22.74849795],[-99.54432738,22.74414015],[-99.51675746,22.66443689],[-99.49453637,22.62086863],[-99.53469191,22.61276465],[-99.56063829,22.64122049],[-99.68253546,22.68112471],[-99.72408517,22.6596084],[-99.75477858,22.65661065],[-99.78503694,22.66850898],[-99.79801685,22.66665003],[-99.80548585,22.65777314],[-99.81402898,22.66076578],[-99.84792357,22.67843511],[-99.842819,22.7305572],[-99.88239698,22.74986231],[-99.95695814,22.75166652],[-100.02234326,22.72592455],[-100.09405994,22.75126517],[-100.1019204,22.76279275],[-100.0293842,22.82439355],[-100.04423908,22.9178924],[-100.11038363,22.91671442],[-100.11084695,22.97571897],[-100.08942102,22.96875748],[-100.09745531,23.01309097],[-100.08632578,23.01106832],[-100.07165578,22.9973572],[-100.06184234,23.01197963],[-100.06690282,23.03144622],[-100.06209742,23.03984366],[-100.02368102,23.0604742],[-100.01269158,23.05889332],[-100.01135512,23.06535935],[-100.06902911,23.09594178],[-100.068742969,23.12115626],[-100.11559726,23.12598989],[-100.110154999,23.15106989],[-100.11898963,23.15242789],[-100.118286169,23.200545311],[-100.109740199,23.199717861],[-100.10381335,23.23153538],[-100.07804112,23.30598391],[-100.14495022,23.33951518],[-100.08026143,23.3957482],[-99.98250248,23.39236726],[-99.9212534,23.37919134],[-99.96118763,23.55688977],[-99.91580026,23.66507834],[-99.89111957,23.70380658],[-99.86065998,23.77446249],[-99.80551891,23.78429792],[-99.76901389,23.78448812],[-99.68337774,23.7766482],[-99.61948632,23.7596624],[-99.60216748,23.76287088],[-99.57668085,23.77546206],[-99.49379108,23.87869298],[-99.456870719,23.86606305],[-99.48693986,23.96050062],[-99.52002486,23.99057814],[-99.54091206,23.99727163],[-99.54189271,24.03364917],[-99.57090171,24.03936691],[-99.65708063,24.11799658],[-99.64781783,24.21809505],[-99.59428974,24.33091322],[-99.58934082,24.3508206],[-99.58993111,24.39614237],[-99.63637932,24.50667025],[-99.71980386,24.48371043],[-99.73297777,24.55399078],[-99.70468568,24.57586917],[-99.60944858,24.62249008],[-99.59262843,24.61937278],[-99.58578258,24.62435517],[-99.57607631,24.62359712],[-99.55720611,24.6087148],[-99.54622052,24.61307477],[-99.54506302,24.6265166],[-99.53793569,24.62242882],[-99.52820063,24.63164465],[-99.49945228,24.64125795],[-99.49602963,24.65103866],[-99.50072606,24.67917126],[-99.49193615,24.69769848],[-99.47773549,24.71262097],[-99.44807655,24.73220643],[-99.44259623,24.72683631],[-99.43072802,24.72575834],[-99.42294382,24.73675037],[-99.40660458,24.73450626],[-99.38941243,24.73979257],[-99.3763732,24.7614434],[-99.36437669,24.77175546],[-99.33166529,24.77624311],[-99.31786777,24.78983057],[-99.31069386,24.78727611],[-99.29719562,24.79411691],[-99.29492849,24.80414371],[-99.21288548,24.77167485],[-99.18865312,24.7806796],[-99.18197126,24.77604106],[-99.20743335,24.86139215],[-99.15894291,24.91598817],[-99.18094954,25.01154155],[-99.16490475,25.0295114],[-99.15651651,25.02784783],[-99.16697758,25.04628946],[-99.16114642,25.04840738],[-99.16059194,25.05527731],[-99.1350928,25.05038002],[-99.09761311,25.06312112],[-99.09577188,25.0670046],[-99.10146443,25.06936448],[-99.09419171,25.07447329],[-99.09769522,25.07803634],[-99.08194445,25.0737118],[-99.07502578,25.08793315],[-99.07876375,25.0921204],[-99.07145846,25.09611211],[-99.07786925,25.10143355],[-99.07059542,25.10226523],[-99.07296612,25.10815948],[-99.06727723,25.11069152],[-99.06773728,25.11613392],[-99.05999231,25.11769146],[-99.05246814,25.12713263],[-99.04793286,25.12028197],[-99.03501951,25.12003563],[-99.02880203,25.11035491],[-99.03374135,25.10706368],[-99.02952248,25.09639282],[-99.02175051,25.09370288],[-99.01418218,25.08060712],[-99.02241786,25.07331682],[-99.01905589,25.06992531],[-99.00016163,25.06735217],[-98.99773391,25.07132182],[-98.98944457,25.06736798],[-98.985167459,25.074402321],[-98.97635605,25.06877305],[-98.97080049,25.07401732],[-98.96834338,25.07040212],[-98.94620918,25.07655143],[-98.94117814,25.07085665],[-98.93416994,25.07276318],[-98.9342816,25.08016298],[-98.93371185,25.07607425],[-98.92902758,25.07727031],[-98.42313166,25.44749291],[-98.42157608,25.48935554],[-98.58175158,25.48936174],[-98.58512606,26.0179176],[-98.82322655,26.04764868],[-98.90075195,25.96832274],[-99.0238722,26.10410245],[-99.02503248,26.09342949],[-99.03725275,26.09347022],[-99.04499206,26.09870514],[-99.06253934,26.09071909],[-99.06253535,26.08013543],[-99.07452335,26.0787854],[-99.07654208,26.07186402],[-99.09333162,26.07050943],[-99.09641211,26.07275797],[-99.09333678,26.07847417],[-99.09766886,26.08074677],[-99.11473418,26.07596689],[-99.11989237,26.06651389],[-99.13090666,26.0688164],[-99.13233749,26.06472109],[-99.1239828,26.05666674],[-99.12631182,26.05402289],[-99.14093303,26.05296682],[-99.14337125,26.06113129],[-99.16007748,26.06122955],[-99.17100183,26.09449498],[-99.19783597,26.25868232],[-99.26000157,26.25284998],[-99.36415026,26.32927015],[-99.40123612,26.30479914],[-99.43094658,26.35130114],[-99.41424298,26.44480638],[-99.40983215,26.4428368],[-99.39682482,26.59656554],[-99.53833525,26.66459562],[-99.65916446,26.67036514],[-99.66319662,26.68291158],[-99.65719483,26.69511798],[-99.61858146,26.72647054],[-99.61614358,26.75436351],[-99.62285248,26.76922777],[-99.61117015,26.78248997],[-99.612854,26.79163015],[-99.60458522,26.80005098],[-99.60381151,26.8079238],[-99.59706028,26.80960723],[-99.59890569,26.81456842],[-99.58921411,26.81459745],[-99.58084282,26.83011255],[-99.58435603,26.8480958],[-99.59340657,26.85453654],[-99.59104663,26.86254805],[-99.61121905,26.87347585],[-99.62106409,26.86841474],[-99.62705257,26.87045783],[-99.62522622,26.88300191],[-99.63101368,26.88385352],[-99.63003012,26.89029042],[-99.64433349,26.88556765],[-99.64734915,26.89440754],[-99.66139052,26.90083852],[-99.66700934,26.89437322],[-99.68722291,26.894547],[-99.68553703,26.89903431],[-99.69402042,26.90929934],[-99.69788397,26.89856686],[-99.70347648,26.90547343],[-99.70992998,26.905879],[-99.71368152,26.90170445],[-99.7104426,26.8967524],[-99.72110229,26.89650374],[-99.72681875,26.89888526],[-99.72399668,26.90612595],[-99.73933225,26.90737435],[-99.74434632,26.91215637],[-99.74766137,26.90024382],[-99.76666889,26.88984191],[-99.77013149,26.92841822],[-99.73416812,26.92061286],[-99.65005283,27.06585789],[-99.65891166,27.08818908],[-99.67891875,27.10244829],[-99.747670419,27.277247],[-99.76037882,27.43695872],[-99.91915363,27.49151518],[-99.92641828,27.549157],[-99.72660085,27.677275]]]}},{"type":"Feature","properties":{"state":"Tlaxcala","official_state_name":"Tlaxcala","state_code_inegi":"29","postal_range":"90","postal_codes":["90"],"question_count":1,"question_01":"90"},"geometry":{"type":"Polygon","coordinates":[[[-98.05625122,19.72602266],[-98.03638186,19.68552292],[-98.03788388,19.64847472],[-98.04221202,19.64022471],[-97.980678259,19.628541632],[-97.958089812,19.603069755],[-97.950532751,19.602838176],[-97.946706391,19.585630223],[-97.916147573,19.594016028],[-97.907924557,19.579355891],[-97.881534608,19.571721436],[-97.87181259,19.561767647],[-97.868184764,19.553345377],[-97.87168098,19.53215217],[-97.88751522,19.51763543],[-97.88974826,19.50457909],[-97.88148842,19.49980271],[-97.87398748,19.5029266],[-97.84873909,19.48278191],[-97.84735322,19.47400309],[-97.86227149,19.45617552],[-97.85942248,19.45434594],[-97.84611146,19.46882855],[-97.81474803,19.48252126],[-97.79453868,19.4983746],[-97.79685926,19.47244285],[-97.77804575,19.4728774],[-97.77071123,19.4566142],[-97.75480145,19.45754288],[-97.75665295,19.45250358],[-97.74785875,19.45122726],[-97.74469415,19.44504163],[-97.74727874,19.43633397],[-97.72452512,19.43163695],[-97.72113943,19.41857502],[-97.70659795,19.40314558],[-97.70545485,19.39364137],[-97.69817306,19.39561498],[-97.6938104,19.38916338],[-97.68130172,19.38830335],[-97.67385882,19.36747146],[-97.65797942,19.36367406],[-97.65363115,19.35379997],[-97.64029032,19.36075146],[-97.63144615,19.35539543],[-97.63871172,19.338263121],[-97.627639949,19.33434518],[-97.625450369,19.32662237],[-97.633122289,19.316157981],[-97.638948745,19.319050001],[-97.64608888,19.30640932],[-97.658044689,19.31066452],[-97.6695202,19.29213422],[-97.69093325,19.28588812],[-97.70124802,19.29569122],[-97.71574955,19.29784911],[-97.71964295,19.30475323],[-97.73833274,19.28709963],[-97.7370268,19.29669031],[-97.74509182,19.30525994],[-97.75705409,19.29976798],[-97.77138552,19.28375265],[-97.80047143,19.30158338],[-97.82085689,19.304731],[-97.83927043,19.30137617],[-97.83842866,19.2872644],[-97.85971698,19.28719952],[-97.870287049,19.27058598],[-97.854051819,19.257328291],[-97.86513558,19.25394938],[-97.87049471,19.24006097],[-97.86038337,19.24407737],[-97.85098829,19.22293423],[-97.89322103,19.20030731],[-97.89420758,19.19115398],[-97.88983906,19.18695674],[-97.90460588,19.1775864],[-97.91137425,19.17960926],[-97.92820265,19.16421342],[-97.966718621,19.187468831],[-97.99862342,19.19832474],[-98.03168626,19.23093838],[-98.0415306,19.21023172],[-98.05932663,19.20122642],[-98.07757034,19.17685923],[-98.100318739,19.163366659],[-98.110159317,19.143212051],[-98.14969903,19.113866401],[-98.144758719,19.121268821],[-98.149531459,19.12088395],[-98.166175774,19.10507186],[-98.184854579,19.115515681],[-98.20434782,19.11492892],[-98.191638658,19.12193697],[-98.197142629,19.127497081],[-98.18818397,19.135516551],[-98.190706689,19.13998574],[-98.20804022,19.13269948],[-98.223038889,19.1366376],[-98.23024123,19.156728621],[-98.269702799,19.16238988],[-98.307155939,19.189203941],[-98.31217269,19.19039882],[-98.32392929,19.16866188],[-98.34271029,19.17793974],[-98.33068097,19.20015005],[-98.3441568,19.20530112],[-98.35441398,19.2208596],[-98.36891505,19.226122],[-98.36454634,19.23312525],[-98.377267564,19.247464719],[-98.380403458,19.261715621],[-98.401328622,19.282398181],[-98.401763193,19.287880174],[-98.41009083,19.291339261],[-98.40772137,19.31593171],[-98.42835278,19.3275794],[-98.441273,19.32525114],[-98.45305795,19.34480057],[-98.47027771,19.36083091],[-98.48679814,19.38904232],[-98.49051572,19.40407294],[-98.51627989,19.43917594],[-98.52319214,19.46086868],[-98.54375285,19.46039782],[-98.57027614,19.46676935],[-98.59127565,19.4492142],[-98.62940658,19.45701795],[-98.63411472,19.46784817],[-98.64053589,19.46330406],[-98.65322655,19.46598623],[-98.661021859,19.47843312],[-98.660397709,19.48550246],[-98.675672629,19.49946126],[-98.681912399,19.51801071],[-98.700021109,19.53131177],[-98.701610769,19.54581363],[-98.708398579,19.54759969],[-98.701268279,19.57094425],[-98.694806829,19.57064192],[-98.689110169,19.57685943],[-98.692431999,19.58587949],[-98.681512459,19.58792022],[-98.68137995,19.59828494],[-98.67008463,19.59848305],[-98.66557709,19.60615374],[-98.65330848,19.60783408],[-98.64470088,19.60696523],[-98.63468663,19.59775811],[-98.6310138,19.60199317],[-98.60983608,19.60201431],[-98.59034871,19.61936365],[-98.57993998,19.63741634],[-98.5663578,19.64111966],[-98.56136995,19.6375954],[-98.56371951,19.62714882],[-98.55561046,19.62810237],[-98.55016622,19.62454878],[-98.55039968,19.61857817],[-98.53557578,19.63441888],[-98.5192388,19.60239929],[-98.491613849,19.60736783],[-98.49019543,19.61995332],[-98.46675297,19.6137086],[-98.450705849,19.61808757],[-98.441423649,19.612580571],[-98.412666539,19.61749909],[-98.38169685,19.60936186],[-98.32380314,19.68529765],[-98.32094918,19.70101089],[-98.33004674,19.69903746],[-98.3316672,19.72231997],[-98.31108689,19.72772645],[-98.30155851,19.72307875],[-98.29176323,19.72590043],[-98.2796724,19.71688149],[-98.28166092,19.72625998],[-98.27198237,19.72457943],[-98.265636779,19.71701395],[-98.25531892,19.71882902],[-98.25241131,19.6931258],[-98.24106728,19.67583615],[-98.22808152,19.68041945],[-98.22802429,19.67445131],[-98.20958143,19.67717418],[-98.18981994,19.67101249],[-98.18736852,19.6797324],[-98.16556431,19.66747586],[-98.14373049,19.68364883],[-98.11773588,19.68826334],[-98.10651302,19.68178122],[-98.10100792,19.66804989],[-98.09091551,19.67761803],[-98.09270175,19.68329795],[-98.0828074,19.7007558],[-98.07428795,19.70069243],[-98.06439638,19.70901008],[-98.06811278,19.71601022],[-98.06597157,19.72807695],[-98.05625122,19.72602266]]]}},{"type":"Feature","properties":{"state":"Veracruz","official_state_name":"Veracruz de Ignacio de la Llave","state_code_inegi":"30","postal_range":"91-96","postal_codes":["91","92","93","94","95","96"],"question_count":6,"question_01":"91","question_02":"92","question_03":"93","question_04":"94","question_05":"95","question_06":"96"},"geometry":{"type":"MultiPolygon","coordinates":[[[[-96.090983199,19.175454925],[-96.092950152,19.17618061],[-96.092127759,19.17724571],[-96.090983199,19.175454925]]],[[[-97.221317646,21.476608006],[-97.225036792,21.468736863],[-97.230402818,21.468645692],[-97.228495005,21.472673048],[-97.221317646,21.476608006]]],[[[-98.208827769,22.46476237],[-98.196770919,22.469547831],[-98.192562219,22.467055111],[-98.199884679,22.44903588],[-98.1897432,22.44179052],[-98.187485489,22.42386851],[-98.16328725,22.40998483],[-98.1515602,22.41294463],[-98.11353597,22.395303281],[-98.106213119,22.366712311],[-98.095493679,22.372694451],[-98.086015309,22.37015366],[-98.07426331,22.347781201],[-98.059451719,22.34637703],[-98.05396049,22.355540171],[-98.02847211,22.358392091],[-98.000710109,22.348157051],[-97.990020249,22.35086382],[-97.985242969,22.341178081],[-97.97040543,22.33289778],[-97.970509739,22.328050221],[-97.983979909,22.30467126],[-97.998949399,22.314326751],[-98.000324049,22.297432491],[-97.99266415,22.29277471],[-97.982707829,22.30261351],[-97.956707617,22.293892371],[-97.95386294,22.287041981],[-97.93166065,22.271046571],[-97.934595089,22.254594051],[-97.916790429,22.252593091],[-97.91793966,22.239985831],[-97.90241889,22.23334345],[-97.894962461,22.222378438],[-97.84488829,22.20696583],[-97.837693379,22.212433751],[-97.8364944,22.22992725],[-97.824815368,22.244145021],[-97.79241483,22.260350601],[-97.77434771,22.26391605],[-97.79041489,22.25989192],[-97.79370937,22.24970151],[-97.78525242,22.16632526],[-97.75194969,22.06210506],[-97.69806588,21.95648363],[-97.61612992,21.83488086],[-97.56433443,21.77079382],[-97.44231797,21.65891832],[-97.3435882,21.58769057],[-97.3279044,21.5671652],[-97.33274462,21.55130317],[-97.33047812,21.51597908],[-97.35058665,21.45660625],[-97.4144378,21.32539095],[-97.42039328,21.29394254],[-97.42024158,21.23089714],[-97.39814,21.16237092],[-97.36424648,21.09796168],[-97.33693895,21.03163263],[-97.32546989,21.01716014],[-97.32628122,21.00566408],[-97.31126402,20.97864045],[-97.30589234,20.97198392],[-97.30165105,20.97406985],[-97.30563346,20.96669969],[-97.29712689,20.94640168],[-97.25999548,20.87593805],[-97.22838709,20.83027809],[-97.21861772,20.79624811],[-97.20517305,20.77613155],[-97.20388723,20.75836743],[-97.1936882,20.73886531],[-97.20117845,20.72455789],[-97.19588251,20.72028709],[-97.19432323,20.70032943],[-97.17746752,20.66208789],[-97.15479263,20.62727026],[-97.11238634,20.57893883],[-97.03085614,20.49943675],[-96.98573185,20.46382208],[-96.95507729,20.41737977],[-96.92411038,20.38198638],[-96.71018866,20.16522075],[-96.69839037,20.14645665],[-96.57432986,20.00520758],[-96.57411466,19.99190285],[-96.55171112,19.95450803],[-96.49081125,19.88517135],[-96.44949565,19.84920418],[-96.44704034,19.83021703],[-96.43606158,19.80428238],[-96.42187615,19.78656865],[-96.42389286,19.77781592],[-96.40724485,19.74831532],[-96.40831314,19.73862165],[-96.40107126,19.72533434],[-96.4017804,19.72189943],[-96.39954331,19.71907002],[-96.39942431,19.71767902],[-96.40303375,19.72154012],[-96.40627904,19.700439192],[-96.39108625,19.677265306],[-96.39759717,19.67283291],[-96.39691977,19.64978997],[-96.371652717,19.601436119],[-96.379044435,19.589579206],[-96.37561928,19.5664448],[-96.357497303,19.532445788],[-96.312635439,19.478656505],[-96.30867232,19.46255669],[-96.31934688,19.45279446],[-96.32173623,19.41434412],[-96.306368555,19.37205571],[-96.310761813,19.356762763],[-96.303384711,19.336397107],[-96.28387443,19.31015422],[-96.252079988,19.282872493],[-96.189351807,19.251314219],[-96.164714867,19.246617163],[-96.153776231,19.229410031],[-96.157990511,19.226197819],[-96.155786198,19.231855225],[-96.164406985,19.245466694],[-96.171563928,19.246941484],[-96.164959538,19.219419104],[-96.15685185,19.21612975],[-96.15416983,19.217947157],[-96.132030135,19.219985165],[-96.15436632,19.21754885],[-96.15549826,19.21564528],[-96.133184173,19.218042335],[-96.12350288,19.21387269],[-96.12032969,19.20359535],[-96.135386987,19.214118862],[-96.14027597,19.21005766],[-96.13487566,19.207438],[-96.1354562,19.20157068],[-96.132282438,19.203449076],[-96.12951389,19.1987014],[-96.12600534,19.20178265],[-96.127948612,19.195400224],[-96.12344635,19.19458178],[-96.12180209,19.20057234],[-96.12126,19.20077434],[-96.12361087,19.179625388],[-96.09271278,19.15152951],[-96.101024376,19.141229336],[-96.105044651,19.123694017],[-96.095809907,19.105018341],[-96.09943994,19.09739189],[-96.082602369,19.07767343],[-96.057573713,19.063438958],[-96.031465077,19.056693186],[-96.007283805,19.057271395],[-95.992979725,19.064337531],[-95.991930395,19.063025126],[-95.981449789,19.066133526],[-95.978159903,19.065329741],[-95.981720171,19.065784812],[-95.982582409,19.062997389],[-95.979376402,19.064336316],[-95.969840712,19.050238009],[-95.959620798,18.961619728],[-95.9417222,18.92685918],[-95.940768126,18.90509848],[-95.92821365,18.88670795],[-95.90082494,18.85943786],[-95.86226857,18.83250351],[-95.782371816,18.799663602],[-95.752348372,18.791931126],[-95.750376259,18.795411526],[-95.752132439,18.791845994],[-95.74303317,18.78734308],[-95.742625919,18.790812765],[-95.720246759,18.768836298],[-95.644808918,18.735808054],[-95.569371541,18.719249255],[-95.494938567,18.712862221],[-95.366845352,18.710750486],[-95.28825472,18.71667397],[-95.263240409,18.705713724],[-95.214926162,18.703216851],[-95.1948001,18.70458654],[-95.1889804,18.70973786],[-95.18141551,18.70602803],[-95.18191798,18.69797926],[-95.16759646,18.68761789],[-95.14620209,18.68102268],[-95.13703126,18.67145258],[-95.13073578,18.67429495],[-95.127641202,18.658320193],[-95.12163598,18.65249189],[-95.079532131,18.641907458],[-95.080956119,18.630811199],[-95.069032103,18.620645708],[-95.065174939,18.622205878],[-95.05776615,18.611347285],[-95.060068188,18.606590609],[-95.049461315,18.599747826],[-95.050587273,18.583937007],[-95.03381278,18.57234191],[-94.987745212,18.557942129],[-94.98795482,18.55444789],[-94.97525378,18.55827852],[-94.951123408,18.550541414],[-94.874121734,18.548747993],[-94.81657372,18.53857588],[-94.79955992,18.52490865],[-94.78749409,18.5056856],[-94.77369969,18.44920543],[-94.74379303,18.42174714],[-94.73652934,18.39388937],[-94.71371243,18.37254274],[-94.68338135,18.35400725],[-94.67028817,18.33919948],[-94.6639838,18.33838965],[-94.66501986,18.32762098],[-94.65711428,18.31161408],[-94.62310174,18.28712942],[-94.62708398,18.27719855],[-94.62435931,18.25349497],[-94.60699862,18.20403892],[-94.58778011,18.18561938],[-94.53979458,18.16120612],[-94.47551757,18.15057592],[-94.41997152,18.15681386],[-94.41584057,18.1581148],[-94.41574382,18.16643466],[-94.41561412,18.15823034],[-94.40761497,18.15967677],[-94.41270409,18.16625837],[-94.41244915,18.16659811],[-94.40611297,18.15952394],[-94.37297591,18.16141548],[-94.13002517,18.2128512],[-94.12691878,18.16825003],[-94.12029965,18.16495917],[-94.10467886,18.17395003],[-94.09468018,18.16066997],[-94.10044357,18.12591594],[-94.09656428,18.11252374],[-94.08110825,18.09577254],[-94.09715949,18.07862758],[-94.07435812,18.05859309],[-94.08355706,18.03390365],[-94.07985271,18.02232746],[-94.08374866,18.00646409],[-94.06652363,18.0093962],[-94.06699228,17.99253714],[-94.06140031,17.98812434],[-94.06851632,17.97959265],[-94.07353269,17.98777058],[-94.08250048,17.97795351],[-94.08074628,17.9683392],[-94.08888843,17.97062023],[-94.09199012,17.96193194],[-94.08714877,17.95839594],[-94.09132711,17.93657234],[-94.08497337,17.91553058],[-94.08800992,17.90648082],[-94.08182212,17.89991102],[-94.08513514,17.89287409],[-94.07930882,17.89104585],[-94.08343075,17.86986849],[-94.07230094,17.86555886],[-94.06511345,17.86845378],[-94.06260455,17.8630878],[-94.05198238,17.8707432],[-94.04287643,17.86743991],[-94.04289809,17.87350643],[-94.03315848,17.87255722],[-94.03799323,17.86997209],[-94.03753443,17.86265878],[-94.03268202,17.86212642],[-94.02944751,17.84566954],[-94.02303868,17.84625725],[-94.02594743,17.84038062],[-94.01702711,17.83955497],[-94.01634295,17.84449238],[-93.99561231,17.83661808],[-93.99461468,17.84602011],[-93.98787082,17.83435825],[-93.98823918,17.84472085],[-93.98317262,17.83985715],[-93.98116909,17.84603334],[-93.98624362,17.84705894],[-93.98456726,17.85157494],[-93.97594837,17.85037225],[-93.97317926,17.84233592],[-93.96778617,17.84525234],[-93.96787886,17.83704666],[-93.95595003,17.83339518],[-93.95744272,17.82531528],[-93.95844455,17.83024385],[-93.96499469,17.82996755],[-93.95832778,17.819729],[-93.96799617,17.81787168],[-93.95680097,17.81064025],[-93.96316788,17.79950226],[-93.9506314,17.80041242],[-93.95533972,17.79958615],[-93.95610382,17.78172018],[-93.94949857,17.76948878],[-93.94084802,17.76510602],[-93.94114363,17.75984972],[-93.93525946,17.75909685],[-93.94010726,17.75316991],[-93.92912551,17.7532568],[-93.92231463,17.74632834],[-93.91011942,17.75469102],[-93.90433337,17.75012249],[-93.90106888,17.75566932],[-93.89220574,17.75367735],[-93.89128017,17.74808078],[-93.88534877,17.75722472],[-93.88123703,17.75129822],[-93.87704878,17.75656358],[-93.87003317,17.75060965],[-93.87466809,17.74720631],[-93.86960851,17.73932331],[-93.87432615,17.73992909],[-93.87376017,17.73466297],[-93.8836616,17.73553378],[-93.8761626,17.73329894],[-93.88072222,17.72627762],[-93.87586298,17.72652888],[-93.86999708,17.71353603],[-93.86461928,17.71671568],[-93.8691828,17.71797872],[-93.86499603,17.72218663],[-93.85867858,17.72089054],[-93.85928592,17.71685272],[-93.84858131,17.72070889],[-93.85040268,17.71665622],[-93.84589042,17.71718726],[-93.84302009,17.71136658],[-93.83490717,17.71654974],[-93.83045722,17.71370169],[-93.82658643,17.71919162],[-93.82864665,17.71294015],[-93.8235108,17.7094286],[-93.82234068,17.69957651],[-93.8125406,17.70692317],[-93.81260943,17.70251794],[-93.80698908,17.70591903],[-93.80515466,17.68935551],[-93.79889115,17.68740332],[-93.79106523,17.69473718],[-93.78123223,17.69323751],[-93.78052298,17.68867235],[-93.77256988,17.69270898],[-93.76504126,17.67457325],[-93.75976808,17.68511671],[-93.75178889,17.68398655],[-93.75653472,17.68262435],[-93.75671914,17.67687246],[-93.73851086,17.67937015],[-93.74707931,17.66835057],[-93.74562029,17.66222034],[-93.74108125,17.66478243],[-93.74658266,17.66011471],[-93.74089091,17.64940571],[-93.73269195,17.64916222],[-93.72999174,17.64128974],[-93.73798755,17.63495048],[-93.73528022,17.63008188],[-93.73102469,17.63583334],[-93.7328826,17.62576023],[-93.72911917,17.62986525],[-93.71472817,17.62085308],[-93.71251431,17.62200831],[-93.71206106,17.62384474],[-93.71917042,17.63346352],[-93.7131836,17.63067003],[-93.70849269,17.62341585],[-93.70969134,17.61163298],[-93.69965745,17.61368562],[-93.69946417,17.59602389],[-93.69333432,17.58955517],[-93.69320858,17.5934954],[-93.68720937,17.59369437],[-93.68541885,17.58708635],[-93.67761032,17.58586952],[-93.68081338,17.58492762],[-93.67731028,17.57576675],[-93.67109974,17.57625282],[-93.67121858,17.56956062],[-93.65916928,17.56548634],[-93.65671229,17.55534257],[-93.65369006,17.559972691],[-93.64848234,17.55534565],[-93.63114355,17.556734741],[-93.629468979,17.54936628],[-93.617522509,17.555165061],[-93.61360112,17.552511281],[-93.621529599,17.54482622],[-93.619564749,17.537558601],[-93.624691849,17.538263526],[-93.62726325,17.53168222],[-93.62502077,17.51463708],[-93.63734108,17.50981363],[-93.62607155,17.50442128],[-93.62990926,17.50087663],[-93.62410485,17.49345723],[-93.63124777,17.4869322],[-93.63934252,17.4595852],[-93.64771242,17.46174409],[-93.65041403,17.45885466],[-93.64463157,17.45859797],[-93.64415712,17.4521712],[-93.6365974,17.45527688],[-93.63513512,17.45124703],[-93.64517988,17.44240158],[-93.63820632,17.43608626],[-93.64562702,17.43032649],[-93.64930975,17.43247138],[-93.65757929,17.41690674],[-93.67299631,17.41991831],[-93.67341874,17.41227334],[-93.68373937,17.40445662],[-93.68353874,17.39562818],[-93.69492022,17.38780437],[-93.68314698,17.37641309],[-93.68574718,17.37236757],[-93.63495855,17.33770186],[-93.64519834,17.33068571],[-93.64150289,17.31795314],[-93.62743197,17.31284315],[-93.62438668,17.32248131],[-93.607939816,17.314930021],[-93.638132334,17.290948363],[-93.664411458,17.286193385],[-93.662694365,17.256276902],[-93.689872255,17.255306269],[-93.695668946,17.247230178],[-93.736793113,17.247511139],[-93.762976481,17.239344492],[-93.772450198,17.245823559],[-93.788609505,17.232327342],[-93.794854261,17.240897675],[-93.801448683,17.240379503],[-93.803762489,17.224868173],[-93.82663017,17.19049403],[-93.82713769,17.172503481],[-93.83904522,17.172946879],[-93.86091577,17.16374114],[-93.86231685,17.15154402],[-93.87012328,17.146647419],[-93.867426771,17.136964913],[-94.92281478,17.19378843],[-94.92301672,17.20413023],[-94.91540686,17.20622137],[-94.91121411,17.21370558],[-94.90529517,17.23690811],[-94.90956766,17.24278148],[-94.89542903,17.2563784],[-94.90965472,17.26797692],[-94.90134869,17.28745275],[-94.91309106,17.28623478],[-94.91476582,17.29257706],[-94.88900377,17.30007838],[-94.89078155,17.311056],[-94.90095297,17.31706049],[-94.91148877,17.31429505],[-94.92715808,17.3251412],[-94.93307737,17.31898354],[-94.95097968,17.31564943],[-94.96650918,17.33436766],[-94.97119215,17.33096958],[-95.0765674,17.37293371],[-95.25362191,17.60201394],[-95.25304798,17.60780632],[-95.26475325,17.601563351],[-95.26764748,17.60827517],[-95.2788454,17.6132428],[-95.27021962,17.61573808],[-95.27125805,17.6247346],[-95.25554931,17.62156946],[-95.24841123,17.62558228],[-95.25900111,17.62901075],[-95.24822563,17.64597806],[-95.24290531,17.643676481],[-95.24193342,17.634958],[-95.21844762,17.63932825],[-95.20708,17.6543498],[-95.20120309,17.647411971],[-95.19512317,17.65485352],[-95.1881316,17.65070146],[-95.18770094,17.68063889],[-95.18146974,17.68581718],[-95.18243535,17.69106263],[-95.19028962,17.69203675],[-95.238913,17.73926412],[-95.258673,17.72854323],[-95.26274422,17.73873912],[-95.26902605,17.74093406],[-95.26307028,17.7248788],[-95.26555403,17.71753622],[-95.27919548,17.72189402],[-95.27999391,17.71573971],[-95.29224418,17.712422251],[-95.29780852,17.72214142],[-95.30259154,17.71101408],[-95.30997051,17.708555151],[-95.30661078,17.69715563],[-95.31664798,17.6975778],[-95.32134977,17.68564423],[-95.32874732,17.68578278],[-95.33380752,17.67518315],[-95.34006145,17.67439809],[-95.34375875,17.683659831],[-95.35160162,17.67971542],[-95.35174245,17.67184032],[-95.36789074,17.67365625],[-95.3696554,17.66906438],[-95.38680769,17.66385729],[-95.39532325,17.6517812],[-95.40296023,17.65204962],[-95.40716217,17.64333209],[-95.41303351,17.65186109],[-95.41850165,17.64404405],[-95.42548995,17.64747249],[-95.4268278,17.63657035],[-95.434227379,17.63513086],[-95.44610738,17.621759801],[-95.4560778,17.62308777],[-95.45445892,17.61110272],[-95.47314134,17.60911302],[-95.46301645,17.59639391],[-95.47934414,17.5878294],[-95.47809511,17.59488322],[-95.48417995,17.601899481],[-95.50631723,17.59077055],[-95.50367746,17.58377303],[-95.51402123,17.58545383],[-95.51470314,17.57970731],[-95.5212662,17.57703998],[-95.51740231,17.569618],[-95.52479322,17.576024221],[-95.53110566,17.57061106],[-95.52510192,17.56210954],[-95.53146271,17.55616275],[-95.5396748,17.560574521],[-95.54960285,17.55321345],[-95.55554714,17.55864154],[-95.55942762,17.547035481],[-95.56881512,17.55123903],[-95.58533385,17.5350266],[-95.59056245,17.53828188],[-95.59875226,17.53461497],[-95.59930705,17.54367385],[-95.60511978,17.54901266],[-95.60708948,17.53981815],[-95.61996932,17.5409966],[-95.62714675,17.54797834],[-95.64504451,17.54671432],[-95.64702551,17.55568872],[-95.65359188,17.56048794],[-95.6484708,17.53988909],[-95.67395512,17.53383734],[-95.68515422,17.53753174],[-95.69216148,17.53090126],[-95.69104078,17.52494778],[-95.70210192,17.51849168],[-95.70657565,17.53401937],[-95.72514937,17.53622608],[-95.72048417,17.54352588],[-95.72809345,17.55198112],[-95.72403717,17.55728671],[-95.72955812,17.5710562],[-95.72689688,17.57802905],[-95.73379728,17.57548145],[-95.74490126,17.58599215],[-95.77155557,17.58868645],[-95.77148038,17.59969805],[-95.78175125,17.60302826],[-95.79298385,17.60143438],[-95.78943037,17.59492478],[-95.79185258,17.58636329],[-95.80754957,17.59184158],[-95.80348578,17.60710029],[-95.79470255,17.60351758],[-95.78905202,17.61086234],[-95.78037722,17.61111726],[-95.77722903,17.60430563],[-95.77365846,17.6058504],[-95.77274098,17.62153878],[-95.78249982,17.62577322],[-95.78111434,17.63887688],[-95.79911043,17.62762843],[-95.8033056,17.62936575],[-95.80964803,17.63817157],[-95.80800632,17.64680048],[-95.83063354,17.65262503],[-95.84404154,17.67312065],[-95.86751163,17.68483934],[-95.87101835,17.70216892],[-95.89529329,17.70449395],[-95.894020429,17.712319981],[-95.873396289,17.717133831],[-95.872809719,17.727409051],[-95.885604379,17.726752741],[-95.89263411,17.72071682],[-95.902863799,17.73410372],[-95.892924309,17.765141321],[-95.8847792,17.77182449],[-95.8663904,17.77435283],[-95.86895563,17.79662494],[-95.85578566,17.8055568],[-95.84933642,17.82584792],[-95.85881557,17.84478349],[-95.85020465,17.84453432],[-95.79992472,17.95001257],[-95.83316694,18.12902683],[-95.90716146,18.13564449],[-95.91348811,18.13858352],[-95.9146468,18.15220048],[-95.92213202,18.15080397],[-95.92219531,18.14105695],[-95.92573765,18.14643078],[-95.93334172,18.14166754],[-95.93643451,18.14682552],[-95.93236883,18.1513546],[-95.93725483,18.15663274],[-95.95345946,18.15986512],[-95.95842348,18.15298534],[-95.96716508,18.15422372],[-95.98153737,18.14295322],[-95.99106746,18.151938881],[-96.025689979,18.13346098],[-96.046873709,18.13656454],[-96.051389,18.126738251],[-96.05697882,18.134019971],[-96.066383089,18.131588581],[-96.084226399,18.162534321],[-96.0991836,18.16684331],[-96.11431648,18.16407132],[-96.11715182,18.15516872],[-96.12304605,18.15422898],[-96.124128219,18.140377521],[-96.136715079,18.13403563],[-96.143625519,18.140148971],[-96.14856812,18.132190121],[-96.154225939,18.13180489],[-96.179666049,18.140566051],[-96.18828205,18.151302941],[-96.18281,18.15781768],[-96.18719568,18.166748891],[-96.170235279,18.169802451],[-96.17069103,18.186383981],[-96.20313298,18.174875231],[-96.217478089,18.161967401],[-96.23100305,18.18972678],[-96.243588689,18.197103771],[-96.267993549,18.22445163],[-96.266818059,18.245662061],[-96.281312819,18.259134751],[-96.288236709,18.259761421],[-96.283128909,18.26890095],[-96.276027879,18.265809891],[-96.277269829,18.27140308],[-96.26916392,18.27398418],[-96.278576149,18.2838184],[-96.273888539,18.28591589],[-96.27741752,18.29401502],[-96.270763749,18.29782335],[-96.285491599,18.301687401],[-96.286906149,18.311276581],[-96.30994786,18.32235334],[-96.30560992,18.32902983],[-96.31269731,18.32759688],[-96.31499275,18.33138938],[-96.31752526,18.34009803],[-96.31353846,18.34590923],[-96.3206656,18.36021455],[-96.31732791,18.36453725],[-96.33505331,18.37251734],[-96.33106809,18.37922838],[-96.33931754,18.37563249],[-96.3453428,18.37969546],[-96.34902326,18.38844057],[-96.34455405,18.39850766],[-96.35258777,18.41024734],[-96.36173146,18.40707568],[-96.36779248,18.41736682],[-96.3741616,18.41739926],[-96.37619577,18.42464855],[-96.38924808,18.42837652],[-96.38933731,18.44048075],[-96.39331311,18.43706175],[-96.40298454,18.4399194],[-96.40010152,18.44417468],[-96.40359605,18.44634942],[-96.40459711,18.46777797],[-96.41240006,18.46475814],[-96.41802257,18.47048208],[-96.41817718,18.47605612],[-96.41118551,18.47692106],[-96.41656025,18.49927412],[-96.4234816,18.50180409],[-96.42076198,18.5104578],[-96.43751294,18.53176722],[-96.44710054,18.53667503],[-96.45512535,18.54947894],[-96.45114432,18.5574198],[-96.46107055,18.57304362],[-96.46782772,18.57089634],[-96.47734829,18.5799418],[-96.48874432,18.58124866],[-96.49993063,18.58952986],[-96.50876122,18.58946057],[-96.51732865,18.5815784],[-96.525475,18.5877736],[-96.53730495,18.58395094],[-96.5413238,18.58825314],[-96.56094709,18.58769862],[-96.59537445,18.61147685],[-96.61668197,18.61907406],[-96.63165318,18.63566723],[-96.64580917,18.64039052],[-96.68302172,18.66968806],[-96.68109629,18.64794902],[-96.68869697,18.63879283],[-96.6749682,18.62434117],[-96.67246352,18.60757412],[-96.67901263,18.60778057],[-96.693828309,18.59120885],[-96.68875872,18.58121574],[-96.70214898,18.58122671],[-96.69094058,18.56797438],[-96.69963072,18.55334289],[-96.71560478,18.57324149],[-96.72422172,18.55898754],[-96.71182669,18.54805548],[-96.72689948,18.529829],[-96.7190278,18.52212768],[-96.71414734,18.52755811],[-96.70616883,18.52633669],[-96.70286772,18.51026902],[-96.6880226,18.51264169],[-96.68154402,18.50327277],[-96.69107842,18.48982792],[-96.68565654,18.4896058],[-96.68254191,18.47506217],[-96.69024537,18.46897334],[-96.68818672,18.46273545],[-96.6927498,18.46235969],[-96.69288328,18.45754932],[-96.70532345,18.45671057],[-96.70526608,18.43545162],[-96.70904295,18.43241903],[-96.70499949,18.43201034],[-96.70970712,18.42995417],[-96.70591295,18.42289437],[-96.68103725,18.41220443],[-96.68143971,18.38565703],[-96.67504666,18.38422954],[-96.68161515,18.37558408],[-96.69183122,18.38084978],[-96.69259752,18.36623714],[-96.69624991,18.36475448],[-96.69772383,18.38207406],[-96.73232691,18.3736998],[-96.74103766,18.38261306],[-96.72865,18.39573688],[-96.73126112,18.40135691],[-96.72491908,18.40817982],[-96.74349809,18.40732535],[-96.75366731,18.41171831],[-96.75908505,18.40826366],[-96.77089886,18.42297782],[-96.76318571,18.42705068],[-96.78101195,18.42906951],[-96.77755278,18.43432003],[-96.78481806,18.44419626],[-96.77542369,18.44809323],[-96.7861728,18.45792589],[-96.78094162,18.46592515],[-96.78920675,18.46713982],[-96.79579549,18.48022328],[-96.79296003,18.49191177],[-96.79783603,18.49695372],[-96.79416428,18.50213165],[-96.79701183,18.51193518],[-96.81344615,18.51761791],[-96.82403863,18.51111058],[-96.82509505,18.49811475],[-96.84235751,18.49338878],[-96.84632769,18.50537832],[-96.86730092,18.51459702],[-96.86325022,18.51612734],[-96.86653317,18.52669203],[-96.87351326,18.52323168],[-96.87592746,18.53508885],[-96.88588275,18.53344362],[-96.89925098,18.54864795],[-96.90672383,18.54684608],[-96.90961755,18.53980983],[-96.92594478,18.53492554],[-96.95433414,18.55382937],[-96.96445972,18.54703223],[-96.96520631,18.54166183],[-96.97680595,18.5430754],[-96.97378755,18.53676352],[-96.98481858,18.53120194],[-96.99624049,18.52851197],[-96.99891734,18.53191646],[-97.02104418,18.51242662],[-97.02576458,18.5170718],[-97.04637815,18.49956022],[-97.05196598,18.48573808],[-97.07607377,18.46600125],[-97.07996752,18.45450778],[-97.08347138,18.48394275],[-97.14456308,18.57092786],[-97.14144277,18.59641791],[-97.17440565,18.60666222],[-97.17596034,18.61671988],[-97.18406823,18.61668703],[-97.19691875,18.62958115],[-97.21524117,18.62555363],[-97.23542915,18.64356948],[-97.24524326,18.64021865],[-97.25227174,18.6267264],[-97.27185192,18.62777915],[-97.28186551,18.65249329],[-97.29121237,18.65545748],[-97.30320266,18.67428562],[-97.32317806,18.66430852],[-97.3304014,18.67314403],[-97.33102582,18.68311902],[-97.33726109,18.67859078],[-97.34397458,18.685759],[-97.34219526,18.70589657],[-97.35002537,18.71714311],[-97.34214949,18.72581592],[-97.34719437,18.72743694],[-97.33950575,18.74240958],[-97.34423829,18.74944392],[-97.34035268,18.75865372],[-97.330059,18.7659744],[-97.33701275,18.76837729],[-97.34018568,18.77839937],[-97.35285031,18.77436128],[-97.35303111,18.79128491],[-97.3263456,18.81024648],[-97.32626358,18.81967666],[-97.32038878,18.82190757],[-97.32266708,18.83507192],[-97.30609182,18.84342485],[-97.30796231,18.84815722],[-97.29650842,18.8612632],[-97.29731158,18.86731029],[-97.27137371,18.89081443],[-97.24580249,18.89330063],[-97.2418156,18.90214271],[-97.25334611,18.92875465],[-97.25825892,18.97771422],[-97.28512577,18.99943085],[-97.26662571,19.0303132],[-97.26965286,19.06307218],[-97.26139946,19.09662726],[-97.22232171,19.12342803],[-97.21956818,19.13613197],[-97.19719794,19.14655911],[-97.20963297,19.15985089],[-97.19458906,19.17181258],[-97.18368202,19.16273822],[-97.18063372,19.16932957],[-97.17043135,19.1638644],[-97.14850862,19.16504811],[-97.13652548,19.16011032],[-97.13073162,19.16768425],[-97.11284637,19.164587751],[-97.10872346,19.16840788],[-97.09432858,19.16126671],[-97.06669271,19.159455321],[-97.067980199,19.148459],[-97.05563308,19.13400217],[-97.04583988,19.12802894],[-97.03445602,19.13766826],[-97.0270518,19.1332362],[-97.02943295,19.14293823],[-97.04213609,19.151387],[-97.03830629,19.15767405],[-97.04303608,19.16500494],[-97.04138562,19.17441722],[-97.05615475,19.19766658],[-97.05155962,19.20681294],[-97.02728892,19.21743477],[-97.0148658,19.23194598],[-97.00772285,19.23098532],[-97.00123451,19.23654602],[-97.00440989,19.25690105],[-96.99456392,19.2638634],[-96.99142194,19.27621468],[-96.98556011,19.27939682],[-97.00345997,19.296380029],[-97.01081506,19.29630702],[-97.01475526,19.29007517],[-97.01935566,19.296867979],[-97.03099058,19.29732677],[-97.04551137,19.32128262],[-97.05569168,19.31197135],[-97.06750822,19.31522975],[-97.07118105,19.32151662],[-97.08276628,19.31056066],[-97.09142535,19.31098512],[-97.10199869,19.30361545],[-97.12935971,19.30889668],[-97.13675151,19.32270397],[-97.14845492,19.32025005],[-97.17020569,19.32902235],[-97.18880005,19.32136758],[-97.20027346,19.30926475],[-97.20084034,19.31628845],[-97.20798894,19.31519112],[-97.21560526,19.32331972],[-97.20472112,19.32996202],[-97.21008826,19.3378778],[-97.20670132,19.34898649],[-97.21020605,19.35944165],[-97.22386906,19.35695871],[-97.23362182,19.37121558],[-97.25479672,19.38178943],[-97.27836323,19.38513831],[-97.2849682,19.39163674],[-97.33775011,19.39253072],[-97.34862009,19.37849371],[-97.36045311,19.37602932],[-97.37169988,19.40305914],[-97.39410235,19.40729557],[-97.397356539,19.41906423],[-97.3924058,19.417846],[-97.38993337,19.42892362],[-97.38154326,19.43236683],[-97.35727628,19.43237672],[-97.35388891,19.44722991],[-97.346893,19.45099863],[-97.34825852,19.48462697],[-97.35572985,19.49291025],[-97.36074611,19.48849345],[-97.37067062,19.49499492],[-97.39492363,19.49242103],[-97.40455588,19.49586629],[-97.40210955,19.51538485],[-97.40752266,19.52186932],[-97.40958968,19.53732934],[-97.42237085,19.54405677],[-97.42664686,19.54167602],[-97.42688129,19.56915968],[-97.43427852,19.58884846],[-97.42802335,19.60170011],[-97.42804665,19.61589718],[-97.41846728,19.62721655],[-97.40274729,19.61534302],[-97.34736422,19.66337534],[-97.34116157,19.67575175],[-97.32640262,19.67891826],[-97.30393002,19.67115554],[-97.30742386,19.68453738],[-97.32469035,19.70709678],[-97.33114158,19.70756749],[-97.32827275,19.71178474],[-97.3331404,19.71677982],[-97.32220482,19.72238723],[-97.3137838,19.7351354],[-97.32193997,19.73477818],[-97.32000335,19.76982614],[-97.31312265,19.7904706],[-97.31668591,19.817832751],[-97.3150416,19.8277554],[-97.30824625,19.83444471],[-97.3095746,19.85578778],[-97.30455903,19.87069469],[-97.29992946,19.88150489],[-97.29047463,19.88681211],[-97.29526598,19.89337031],[-97.29182251,19.90025598],[-97.25580865,19.93246009],[-97.26924909,19.94702728],[-97.26066906,19.97725443],[-97.23816809,19.98871117],[-97.23468738,19.99672722],[-97.22529215,20.00205269],[-97.22509963,20.00946025],[-97.20692723,20.01466782],[-97.20358514,20.0253152],[-97.21110129,20.04255189],[-97.20615191,20.05635492],[-97.19542628,20.05434142],[-97.18549822,20.06234028],[-97.182037,20.07275298],[-97.17556771,20.0766706],[-97.18364002,20.08003855],[-97.17402522,20.09217414],[-97.12240882,20.13672148],[-97.15136389,20.13754034],[-97.15198617,20.14612517],[-97.15752923,20.14957545],[-97.1499912,20.16061426],[-97.16100843,20.16071705],[-97.16441343,20.15183155],[-97.24239263,20.17447751],[-97.24404115,20.1822786],[-97.26193108,20.17754897],[-97.27054392,20.18751898],[-97.28319126,20.18111206],[-97.28528174,20.19073071],[-97.365512398,20.215751201],[-97.37779572,20.22308855],[-97.37421132,20.24300634],[-97.37823883,20.24925566],[-97.39573038,20.24320534],[-97.40816878,20.23209206],[-97.42080589,20.24242311],[-97.43593617,20.24045785],[-97.44527609,20.24616066],[-97.46429385,20.22422723],[-97.4650594,20.1802184],[-97.48479823,20.17388134],[-97.48760726,20.16488328],[-97.50538408,20.15393815],[-97.50433755,20.14898343],[-97.49478815,20.14619346],[-97.49979866,20.14272183],[-97.49483846,20.13734828],[-97.52739417,20.11487894],[-97.53959257,20.11600925],[-97.54815609,20.10119483],[-97.557636,20.10718325],[-97.56129569,20.08602191],[-97.58602802,20.07932992],[-97.593563619,20.0847264],[-97.59571151,20.09689154],[-97.58423503,20.09475715],[-97.57865135,20.10251988],[-97.58207682,20.10904494],[-97.60273531,20.11931382],[-97.60506125,20.13172197],[-97.6009806,20.14129371],[-97.60532328,20.14182955],[-97.60838191,20.15164049],[-97.60448911,20.16687362],[-97.61639134,20.16899718],[-97.63280295,20.18322702],[-97.6387134,20.18263735],[-97.63856394,20.17655148],[-97.644392919,20.178006461],[-97.64558978,20.1686958],[-97.65244077,20.16356615],[-97.66331855,20.16950732],[-97.68683092,20.16580937],[-97.69871838,20.18237842],[-97.70756192,20.181581],[-97.72050615,20.18919728],[-97.7314612,20.18134845],[-97.73925651,20.18924902],[-97.73859666,20.20209891],[-97.73070089,20.20519982],[-97.73295351,20.22750558],[-97.73730225,20.22816395],[-97.73511192,20.24239194],[-97.74738718,20.2632056],[-97.75124118,20.26012085],[-97.75729751,20.279079],[-97.74089498,20.27457272],[-97.72411829,20.28361642],[-97.70840565,20.28529323],[-97.70427425,20.30324418],[-97.68139762,20.30243242],[-97.67730817,20.31297869],[-97.68985792,20.32008731],[-97.68407492,20.32150088],[-97.67312512,20.33660729],[-97.67689866,20.33919123],[-97.67440129,20.34723649],[-97.67934494,20.34991788],[-97.69008892,20.33360931],[-97.69462477,20.33516242],[-97.69655315,20.31988809],[-97.70068949,20.31991903],[-97.70250902,20.32554012],[-97.74287652,20.35119677],[-97.74374817,20.36873785],[-97.74804115,20.37412685],[-97.74444995,20.38011015],[-97.765641739,20.38122835],[-97.76259108,20.397865571],[-97.757311689,20.39980952],[-97.75584491,20.412955121],[-97.750952459,20.41456491],[-97.73482789,20.44187629],[-97.73459932,20.45130634],[-97.72583025,20.45822892],[-97.72078795,20.45353831],[-97.70918749,20.45510937],[-97.70767648,20.44812532],[-97.69955529,20.44335574],[-97.69772372,20.43251266],[-97.67305138,20.41885537],[-97.6720752,20.4085294],[-97.66099562,20.41295394],[-97.64541072,20.40832363],[-97.63755411,20.41790555],[-97.63546817,20.43235409],[-97.64072374,20.44227166],[-97.63536508,20.45218555],[-97.62776891,20.45034015],[-97.62388282,20.45773518],[-97.61659334,20.45534883],[-97.59588391,20.46399155],[-97.57604555,20.49090017],[-97.56207112,20.49009017],[-97.55605712,20.48469003],[-97.54331152,20.48474271],[-97.54104334,20.48971162],[-97.57832031,20.53743095],[-97.57499228,20.54334322],[-97.58353086,20.54829829],[-97.58795302,20.56107026],[-97.58995277,20.55614968],[-97.61007578,20.56390703],[-97.62543566,20.56357694],[-97.62543602,20.55843508],[-97.63666451,20.55371172],[-97.64819649,20.5663122],[-97.6576358,20.55571934],[-97.65896548,20.54511594],[-97.67632346,20.55545886],[-97.68477191,20.5542612],[-97.68046142,20.56714831],[-97.68517198,20.57343734],[-97.70190315,20.57186632],[-97.69341908,20.60268068],[-97.7048374,20.60166471],[-97.71539398,20.6090848],[-97.70446817,20.62922425],[-97.71449697,20.63686045],[-97.73120271,20.63779017],[-97.7373262,20.64643128],[-97.74951122,20.64332046],[-97.75210182,20.6576674],[-97.73807885,20.66303025],[-97.74061969,20.67404238],[-97.73706737,20.67965531],[-97.74070163,20.68972791],[-97.74825963,20.68631297],[-97.75753715,20.69346818],[-97.75063872,20.70733008],[-97.75296791,20.73236991],[-97.72846148,20.74126685],[-97.72281992,20.74998854],[-97.72635372,20.75997732],[-97.71895505,20.76295438],[-97.72650998,20.77116146],[-97.72088514,20.77041229],[-97.71918449,20.77550066],[-97.72515923,20.77771435],[-97.72598297,20.79165365],[-97.71314428,20.79983429],[-97.70134563,20.79360369],[-97.69517932,20.80003885],[-97.73891494,20.80153463],[-97.75034854,20.81478845],[-97.77300168,20.82720138],[-97.77387891,20.82301443],[-97.79039528,20.81683288],[-97.79717875,20.82116369],[-97.81376731,20.82006608],[-97.83025394,20.80795717],[-97.83092863,20.8126796],[-97.85011843,20.81692383],[-97.84307997,20.82444634],[-97.84108748,20.83931194],[-97.85286794,20.83286835],[-97.87911978,20.83427588],[-97.9224466,20.71651878],[-97.89742569,20.70321383],[-97.90627014,20.69071485],[-97.914081,20.68862146],[-97.91783471,20.67124455],[-97.90876735,20.66715863],[-97.91184415,20.65351512],[-97.89514571,20.62269845],[-97.90875782,20.60813415],[-97.90570174,20.60127817],[-97.90968569,20.58637811],[-97.98081611,20.54070886],[-97.98152648,20.52567945],[-97.97263034,20.52320243],[-97.97933374,20.51493337],[-97.99876462,20.52519986],[-98.01727162,20.52599238],[-98.00830565,20.53268982],[-98.02872817,20.5897116],[-98.0177098,20.60170491],[-98.02101,20.62678],[-98.03997942,20.63193243],[-98.06678289,20.67386974],[-98.07490282,20.67654785],[-98.07639206,20.67142254],[-98.07029218,20.66819929],[-98.07195811,20.65772063],[-98.08271169,20.64220683],[-98.08060971,20.63351398],[-98.08718085,20.62287677],[-98.09821414,20.62436946],[-98.10059182,20.613877781],[-98.11178648,20.615936751],[-98.10804806,20.611392401],[-98.11497675,20.600103861],[-98.12690597,20.597267201],[-98.11872358,20.594129311],[-98.123726889,20.592119971],[-98.1216428,20.586094381],[-98.13018798,20.590931251],[-98.13043143,20.584454001],[-98.14773643,20.562661801],[-98.15371825,20.565220831],[-98.15218325,20.554515511],[-98.15814906,20.550261801],[-98.15804302,20.542561281],[-98.18834483,20.523219941],[-98.21160089,20.52869985],[-98.22844837,20.521011221],[-98.2341028,20.506195051],[-98.24101905,20.500573781],[-98.2457584,20.504403711],[-98.25577374,20.499940121],[-98.27543863,20.481244821],[-98.28046357,20.469377051],[-98.3121386,20.449767651],[-98.31981975,20.424398681],[-98.31605383,20.423190541],[-98.32101362,20.418013801],[-98.33717955,20.414130621],[-98.35981997,20.399809741],[-98.37658437,20.398508601],[-98.38614878,20.402712911],[-98.41829414,20.38004869],[-98.46208058,20.33121574],[-98.4964944,20.33869174],[-98.51740108,20.33685168],[-98.53426457,20.34622117],[-98.54035429,20.35808572],[-98.54861714,20.35975378],[-98.5430648,20.37556034],[-98.54843998,20.39024786],[-98.54438908,20.3923426],[-98.55017917,20.39570511],[-98.54968914,20.43535917],[-98.55610332,20.44962102],[-98.57873255,20.47323717],[-98.57661743,20.47607555],[-98.59728569,20.49577086],[-98.58239558,20.50548949],[-98.55760623,20.50936477],[-98.55461409,20.51870595],[-98.53466517,20.53065818],[-98.52449234,20.54836223],[-98.52297865,20.5818126],[-98.51224802,20.59422435],[-98.50292094,20.59587002],[-98.49630306,20.58949597],[-98.48018046,20.58899889],[-98.48012208,20.60329591],[-98.48950408,20.61965674],[-98.49484672,20.64434051],[-98.463275,20.66784135],[-98.4598834,20.69620335],[-98.44921637,20.70089572],[-98.44590365,20.69433671],[-98.44334989,20.70988097],[-98.42928055,20.7162746],[-98.4334656,20.71752368],[-98.42145377,20.73934782],[-98.42364655,20.74772215],[-98.43941132,20.7386382],[-98.46034183,20.71331211],[-98.49722017,20.69988006],[-98.52505134,20.68183911],[-98.53339735,20.66271691],[-98.54262346,20.66849126],[-98.55017975,20.68939254],[-98.5290726,20.70399392],[-98.5301598,20.71809832],[-98.50643806,20.73311915],[-98.51449332,20.73232238],[-98.51665391,20.74288968],[-98.50813865,20.7441894],[-98.50361051,20.73222669],[-98.44972888,20.75134571],[-98.46434572,20.77192597],[-98.46051697,20.77898314],[-98.46323055,20.78517711],[-98.45585203,20.78951905],[-98.44964145,20.80608858],[-98.45055357,20.82147186],[-98.43063858,20.84767243],[-98.41371722,20.84863645],[-98.40290906,20.85838388],[-98.37891003,20.85200991],[-98.37112595,20.86231445],[-98.36583888,20.86387495],[-98.35751018,20.85679012],[-98.34514554,20.86485254],[-98.352870459,20.83600714],[-98.327196079,20.82943823],[-98.328646479,20.82050135],[-98.316536049,20.81777048],[-98.314837849,20.80981548],[-98.344665259,20.79748534],[-98.328522319,20.78409682],[-98.315315979,20.78874683],[-98.307830349,20.80191611],[-98.302876909,20.79590077],[-98.298446429,20.80142926],[-98.304478709,20.78273346],[-98.298810059,20.77783985],[-98.292022939,20.78550675],[-98.26159517,20.78596923],[-98.254041549,20.79410289],[-98.247749649,20.789437],[-98.244886849,20.8022216],[-98.233652619,20.79755557],[-98.224705059,20.81823523],[-98.253765049,20.82149172],[-98.252112369,20.82781514],[-98.258913939,20.83397102],[-98.262322879,20.84689254],[-98.254642979,20.8489522],[-98.258805339,20.85506805],[-98.256222289,20.85896928],[-98.265503049,20.86653623],[-98.250966309,20.89730469],[-98.232361249,20.90011698],[-98.224862889,20.90635725],[-98.229017649,20.90819035],[-98.222704289,20.91844798],[-98.234263939,20.91582991],[-98.239354649,20.92302642],[-98.23738625,20.93477625],[-98.23020383,20.94476554],[-98.22823674,20.95801965],[-98.21611157,20.95260792],[-98.21438497,20.95604754],[-98.20953931,20.96708858],[-98.2169194,20.97374302],[-98.21500745,20.98962731],[-98.20061928,20.99469632],[-98.20158275,21.01247598],[-98.18899837,21.01831877],[-98.18827143,21.03130815],[-98.17631742,21.02116788],[-98.16115768,21.01913063],[-98.16270054,21.02833189],[-98.15567795,21.03338618],[-98.15077631,21.04721848],[-98.15452368,21.06607945],[-98.14735823,21.07844968],[-98.15094678,21.08549828],[-98.17095651,21.09681165],[-98.17486192,21.10622389],[-98.18756323,21.11081831],[-98.20169428,21.10613651],[-98.19515225,21.1203632],[-98.20741766,21.12872605],[-98.20505372,21.13808791],[-98.21683123,21.14471972],[-98.21682458,21.15147235],[-98.22735005,21.15041594],[-98.23126163,21.14236857],[-98.2369206,21.14335825],[-98.24911037,21.12940332],[-98.26466822,21.14115325],[-98.28217377,21.13641738],[-98.2807794,21.14102569],[-98.29451371,21.14718855],[-98.29592225,21.15361326],[-98.27857935,21.17258472],[-98.27551632,21.18737306],[-98.27913114,21.19275255],[-98.28717822,21.1942962],[-98.29615026,21.18796154],[-98.29790337,21.17740249],[-98.31585591,21.18687962],[-98.33814957,21.17277091],[-98.34211255,21.16077371],[-98.35075423,21.15714268],[-98.36203994,21.15704903],[-98.36624108,21.16223506],[-98.38021952,21.15512474],[-98.38680797,21.16225914],[-98.40380898,21.15759245],[-98.40454445,21.15265189],[-98.41643569,21.15498189],[-98.42371098,21.1671746],[-98.43025565,21.16804606],[-98.43010749,21.17278774],[-98.44676691,21.17981315],[-98.446673,21.19962],[-98.45962606,21.20480175],[-98.45289289,21.21003195],[-98.45694788,21.214833],[-98.46775951,21.22384071],[-98.47280666,21.21981055],[-98.47965663,21.22388846],[-98.48081488,21.23067465],[-98.46925783,21.23416398],[-98.46835974,21.24965114],[-98.49900978,21.25223114],[-98.50226142,21.24600048],[-98.51654337,21.24426895],[-98.53786082,21.26386609],[-98.54398172,21.26390123],[-98.49556692,21.32996577],[-98.49561751,21.34042022],[-98.48517775,21.35014986],[-98.47787817,21.34376122],[-98.46483546,21.34776332],[-98.46995977,21.35753891],[-98.46546346,21.37319191],[-98.46869709,21.38703262],[-98.47333557,21.39124154],[-98.4810914,21.38840082],[-98.47982854,21.39659543],[-98.48641728,21.39851765],[-98.48710349,21.39222948],[-98.50120771,21.38545651],[-98.51053711,21.40195548],[-98.51918791,21.4013036],[-98.52464145,21.44016394],[-98.51691306,21.46070171],[-98.5355996,21.49246488],[-98.53225586,21.50113952],[-98.557452,21.52197828],[-98.56505072,21.52008608],[-98.57963443,21.52716222],[-98.58507489,21.53577188],[-98.60224742,21.54043082],[-98.59881643,21.55042866],[-98.60778088,21.55578785],[-98.60540012,21.5669132],[-98.61340955,21.57985783],[-98.62574666,21.58545605],[-98.62050602,21.58824145],[-98.62565212,21.59259562],[-98.61935409,21.6024614],[-98.621127,21.62782215],[-98.62805072,21.6304774],[-98.63535592,21.62629618],[-98.64363069,21.63168171],[-98.63374355,21.6425894],[-98.63322175,21.65388817],[-98.62056162,21.65307328],[-98.60947048,21.66722909],[-98.61140271,21.67186748],[-98.62496182,21.67306535],[-98.62199697,21.68238257],[-98.61614258,21.683757],[-98.59778754,21.66887988],[-98.57920063,21.67194778],[-98.55825548,21.68767186],[-98.55883768,21.70353897],[-98.57221234,21.70915955],[-98.56743471,21.71736774],[-98.54384057,21.72339388],[-98.53074157,21.69727454],[-98.52053169,21.71023146],[-98.52711235,21.71527548],[-98.5367958,21.71389048],[-98.53741051,21.72062425],[-98.5166742,21.71685051],[-98.51266492,21.72660174],[-98.49894622,21.72724278],[-98.50421892,21.73804809],[-98.49148523,21.73506106],[-98.47692418,21.74521926],[-98.47639591,21.74919623],[-98.48372551,21.75217068],[-98.46759695,21.77069814],[-98.45944731,21.76231134],[-98.45470011,21.76642669],[-98.46233577,21.77841437],[-98.46236526,21.7912764],[-98.47552283,21.80192205],[-98.47503829,21.81419205],[-98.49311892,21.81394032],[-98.48632045,21.83626851],[-98.49505432,21.83816726],[-98.51448114,21.82389343],[-98.52885838,21.86317512],[-98.54803354,21.86010509],[-98.54044111,21.87348443],[-98.54528397,21.88803575],[-98.53823098,21.89709368],[-98.53820297,21.90580822],[-98.52020095,21.89698634],[-98.51079751,21.90869705],[-98.51489012,21.91763571],[-98.54587423,21.91734794],[-98.54384705,21.93211746],[-98.53107685,21.93442782],[-98.50045225,21.92314852],[-98.50314566,21.93662642],[-98.51559734,21.95126783],[-98.53157635,21.94991574],[-98.53911188,21.93910114],[-98.55128072,21.93373843],[-98.56601985,21.93764442],[-98.57647137,21.94738611],[-98.57883911,21.96609225],[-98.56449728,21.96824268],[-98.55066502,21.96075006],[-98.52200037,21.97943068],[-98.49320337,21.9604116],[-98.46880577,21.96460132],[-98.48199397,21.98299882],[-98.48147637,21.99051403],[-98.47628608,21.99957306],[-98.47233386,21.98797391],[-98.45954448,21.99516906],[-98.45946389,22.00539825],[-98.44354898,22.03298175],[-98.44641431,22.04221534],[-98.4428854,22.04936765],[-98.43464922,22.05166902],[-98.44186617,22.06487414],[-98.43945212,22.07564709],[-98.4308432,22.0793416],[-98.43238675,22.08967],[-98.41882506,22.09801922],[-98.42762657,22.10878177],[-98.43873706,22.11191494],[-98.43225791,22.11781463],[-98.43201672,22.12826538],[-98.35528008,22.18028845],[-98.33654502,22.18769325],[-98.33041318,22.20134445],[-98.35226122,22.22279878],[-98.34461514,22.22208874],[-98.32596705,22.2430528],[-98.37455585,22.2360794],[-98.36813668,22.25537311],[-98.37633643,22.25082908],[-98.38254702,22.25588214],[-98.40509331,22.25607629],[-98.40641878,22.26935098],[-98.39637811,22.27626191],[-98.40755789,22.28420952],[-98.43037152,22.27460292],[-98.43383855,22.27824415],[-98.42770023,22.28345523],[-98.44665903,22.30562128],[-98.46451663,22.30346574],[-98.46437575,22.29668894],[-98.47590838,22.2886398],[-98.481994,22.29943763],[-98.50572583,22.30900572],[-98.50612008,22.3159744],[-98.52555102,22.31883485],[-98.52555069,22.32798509],[-98.53529605,22.32799752],[-98.53521452,22.33787831],[-98.55482537,22.33801057],[-98.55478618,22.34255626],[-98.56451914,22.34257243],[-98.56446465,22.34750717],[-98.57929065,22.34862811],[-98.58230642,22.36010318],[-98.57931582,22.37775694],[-98.58285566,22.37305254],[-98.6815466,22.37157486],[-98.67088815,22.40567348],[-98.66498694,22.40393869],[-98.638156,22.41452403],[-98.62690123,22.40216098],[-98.61375212,22.40892505],[-98.59232571,22.39531617],[-98.57493552,22.39394549],[-98.56851282,22.40157843],[-98.54608311,22.40018966],[-98.54132434,22.40574371],[-98.52536172,22.40678072],[-98.50959715,22.41638795],[-98.51215348,22.42120589],[-98.50638851,22.42926672],[-98.49427538,22.42724265],[-98.49684962,22.42402689],[-98.49213828,22.41947415],[-98.49036923,22.42776505],[-98.46680758,22.42880174],[-98.46657445,22.4142858],[-98.46095912,22.41219192],[-98.43717026,22.43358831],[-98.4315868,22.4300346],[-98.43311726,22.41357831],[-98.41904628,22.41273769],[-98.40954342,22.39992669],[-98.39207108,22.42318223],[-98.38474514,22.4223352],[-98.38456834,22.40328618],[-98.39131074,22.39419549],[-98.3878092,22.38928438],[-98.37457788,22.38961808],[-98.35522535,22.40744563],[-98.35103622,22.40242617],[-98.35652925,22.395149],[-98.35227252,22.38870332],[-98.32769398,22.39868017],[-98.31757826,22.39097398],[-98.312711,22.41427277],[-98.32736145,22.42646958],[-98.32091249,22.44003797],[-98.31221518,22.4452192],[-98.31927054,22.46522249],[-98.31682298,22.46856234],[-98.3088342,22.46846106],[-98.30100782,22.46122683],[-98.287369319,22.467028171],[-98.27293689,22.447291051],[-98.25663417,22.453406151],[-98.247931429,22.47165663],[-98.232365139,22.461330981],[-98.219843649,22.47175091],[-98.208827769,22.46476237]]]]}},{"type":"Feature","properties":{"state":"Yucatán","official_state_name":"Yucatán","state_code_inegi":"31","postal_range":"97","postal_codes":["97"],"question_count":1,"question_01":"97"},"geometry":{"type":"MultiPolygon","coordinates":[[[[-92.224100001,20.907999981],[-92.238900001,20.898499981],[-92.245300001,20.901799981],[-92.224700001,20.913699982],[-92.224100001,20.907999981]]],[[[-92.200200001,20.924599982],[-92.201100001,20.924099981],[-92.201200001,20.925199982],[-92.200200001,20.924599982]]],[[[-92.197000001,20.927499982],[-92.199600002,20.926199982],[-92.197300001,20.928799982],[-92.197000001,20.927499982]]],[[[-92.198400001,20.930099982],[-92.205700001,20.919399981],[-92.215700001,20.913899981],[-92.213700001,20.919099982],[-92.217100001,20.919399981],[-92.200700001,20.934599982],[-92.198400001,20.930099982]]],[[[-92.324900002,20.983899978],[-92.298000001,20.987499979],[-92.306600001,20.982399978],[-92.307100002,20.976399978],[-92.318600001,20.971199978],[-92.324200001,20.974199978],[-92.312300001,20.980899979],[-92.325700001,20.979599978],[-92.324900002,20.983899978]]],[[[-92.079000001,21.839299985],[-92.081600001,21.838399984],[-92.080500002,21.840299985],[-92.079000001,21.839299985]]],[[[-88.285233377,21.563947218],[-88.28375128,21.563098104],[-88.285272713,21.562800297],[-88.285233377,21.563947218]]],[[[-88.006594698,21.610456612],[-87.953284089,21.6076626],[-87.811313405,21.552169376],[-87.687410486,21.517100535],[-87.686258827,21.521790453],[-87.53491291,21.49022245],[-87.53314528,20.99960214],[-87.74425948,20.653787091],[-87.96274205,20.44670603],[-87.995065451,20.447316431],[-87.992960031,20.41799292],[-88.034030061,20.37894009],[-88.04753328,20.378818171],[-88.047306601,20.366308721],[-88.1364896,20.28137178],[-88.2646342,20.29034203],[-88.26681495,20.26912032],[-88.30878843,20.25351003],[-88.35190337,20.25902306],[-88.409127743,20.252097323],[-88.402892004,20.239488884],[-88.409122403,20.239728144],[-88.415113804,20.232970454],[-88.443426183,20.238149784],[-88.519929952,20.192328033],[-88.50234525,20.19007795],[-88.5076212,20.14339109],[-88.57668155,20.14807831],[-88.57815046,20.13917428],[-88.58767566,20.14046968],[-88.58797352,20.1314512],[-88.61638363,20.13446082],[-88.62080846,20.13180355],[-88.61917315,20.11717154],[-88.6398664,20.12035606],[-88.69060891,20.08985612],[-88.69080211,20.07702957],[-88.68489183,20.07741432],[-88.69179629,20.02921342],[-88.69475254,20.03003566],[-88.70017617,20.01035672],[-88.71252358,20.01229558],[-88.7221482,20.00512406],[-88.72278249,20.01319975],[-88.73597891,20.01757655],[-88.73234814,20.0140662],[-88.73624557,20.00966131],[-88.74261535,20.00858278],[-88.74247208,20.01508735],[-88.77146565,20.01346323],[-88.77118054,20.00767038],[-88.78350258,20.00818018],[-88.78441571,19.99523963],[-88.79047988,19.99213351],[-88.7907708,19.97202018],[-88.79802238,19.97493008],[-88.79837765,19.95252302],[-88.80563951,19.95383074],[-88.80604075,19.94456865],[-88.81017622,19.94494668],[-88.80974486,19.92599094],[-88.81650329,19.90447352],[-88.82442542,19.90476291],[-88.82728274,19.91092037],[-88.82943672,19.9060146],[-88.82982472,19.89855445],[-88.82041405,19.89047315],[-88.82592634,19.87992558],[-88.88019154,19.87812488],[-88.87912483,19.86239323],[-88.89042158,19.85854454],[-88.90048802,19.86111402],[-88.89758543,19.83686254],[-88.90820975,19.82066109],[-88.91110397,19.80093758],[-88.92029414,19.80397391],[-88.92951246,19.79094855],[-88.94543375,19.79194632],[-88.94385214,19.81344278],[-88.9580768,19.81046654],[-88.95638672,19.81682355],[-88.97445177,19.81810083],[-88.97610851,19.81076583],[-88.98443915,19.80520514],[-88.98440498,19.79816026],[-88.99946797,19.79799438],[-89.00408743,19.7720074],[-89.02516298,19.77670968],[-89.04882706,19.72149332],[-88.99474128,19.7274396],[-88.99752938,19.70488389],[-89.03052363,19.70883175],[-89.03620046,19.67803952],[-89.0760306,19.68543255],[-89.07421269,19.69419411],[-89.12339852,19.70342415],[-89.1336406,19.61463203],[-89.10839168,19.61233849],[-89.10902446,19.58234938],[-89.14952065,19.58124934],[-89.14486169,19.63739872],[-89.18920314,19.64400594],[-89.19024963,19.63331774],[-89.22286874,19.63665697],[-89.21955657,19.60802225],[-89.29656182,19.55117409],[-89.41247852,19.64937629],[-89.44811299,19.698353511],[-89.46829548,19.70016129],[-89.49166182,19.74222845],[-89.47914943,19.74064555],[-89.47590946,19.771220201],[-89.52567237,19.77555465],[-89.58749975,19.87442005],[-89.58681034,19.92046003],[-89.59744588,19.921122341],[-89.595841749,19.93742205],[-89.604670079,19.938284969],[-89.59870389,19.99819738],[-89.74847417,20.179269721],[-89.79397478,20.136171942],[-89.80287086,20.164906602],[-89.802505279,20.201605081],[-89.846164909,20.209686981],[-89.840678169,20.25102751],[-89.87566069,20.253101951],[-89.87238231,20.28762809],[-89.83796388,20.28717588],[-90.00417368,20.48702188],[-90.00562472,20.4773672],[-90.02034149,20.47708306],[-90.04168845,20.46645149],[-90.05004768,20.456028569],[-90.05709876,20.43296588],[-90.06601856,20.433975479],[-90.067210652,20.425225889],[-90.100973512,20.42525177],[-90.13157125,20.443077579],[-90.13246053,20.439655169],[-90.160514821,20.441862769],[-90.18629757,20.436932319],[-90.1847879,20.461046139],[-90.23420799,20.470466619],[-90.223766654,20.519164969],[-90.23250803,20.51989405],[-90.22924097,20.54356289],[-90.33523611,20.54131231],[-90.33523611,20.57634771],[-90.34113811,20.55370112],[-90.38664878,20.5555858],[-90.379357,20.84832729],[-90.399847199,20.845286801],[-90.406985958,20.848619982],[-90.393581534,20.875844014],[-90.366921494,20.959440573],[-90.338404787,21.005419549],[-90.31045638,21.028689944],[-90.09461232,21.15555277],[-90.049417289,21.16445309],[-90.048397966,21.159694532],[-90.04646614,21.15944442],[-90.0492927,21.1663017],[-89.996626341,21.176243055],[-89.897710334,21.232180255],[-89.849219298,21.245314999],[-89.84512754,21.25081168],[-89.704315683,21.27964434],[-89.70307194,21.284645126],[-89.692889067,21.281842181],[-89.666769128,21.287506488],[-89.670518466,21.338373267],[-89.67623351,21.34144614],[-89.671215911,21.344826355],[-89.681148033,21.344855531],[-89.684191244,21.347482575],[-89.681108653,21.349192218],[-89.670730633,21.345676564],[-89.664652776,21.288733326],[-89.645702827,21.289550138],[-89.501043969,21.316141027],[-89.313506098,21.339416002],[-89.309593734,21.343804808],[-89.281525705,21.342464147],[-89.144744279,21.35803418],[-89.144746751,21.354784893],[-89.140725689,21.354950279],[-89.143817471,21.355398946],[-89.143949282,21.358332457],[-89.11002206,21.357824291],[-89.04344177,21.37197557],[-88.880193623,21.39401726],[-88.87987437,21.39778508],[-88.840622293,21.39787366],[-88.814077603,21.41034529],[-88.798017418,21.412765374],[-88.796705001,21.417277231],[-88.804860958,21.415480124],[-88.796531852,21.41999205],[-88.73871854,21.43072526],[-88.6947392,21.45107325],[-88.69031769,21.459603486],[-88.641753854,21.496444812],[-88.62912082,21.51488809],[-88.606322852,21.524817343],[-88.544971196,21.535173651],[-88.528461368,21.533449193],[-88.462262263,21.55270136],[-88.39755097,21.56538957],[-88.35862022,21.56396315],[-88.350472166,21.557181536],[-88.320974728,21.550331373],[-88.28570274,21.55735958],[-88.28106289,21.55390535],[-88.27828695,21.5609472],[-88.26990837,21.55565735],[-88.25440643,21.56421202],[-88.24334168,21.56287077],[-88.23830875,21.56741475],[-88.240460063,21.574719049],[-88.23068483,21.57879868],[-88.232266121,21.582138656],[-88.176193695,21.608111081],[-88.17758855,21.6133422],[-88.143318157,21.623977479],[-88.03579799,21.610431561],[-88.006568811,21.609844507],[-88.007167147,21.614788894],[-88.006594698,21.610456612]]],[[[-91.385900001,22.111499995],[-91.387500001,22.111599995],[-91.386,22.112299995],[-91.385900001,22.111499995]]],[[[-91.382800001,22.117399995],[-91.381600001,22.115699995],[-91.383900001,22.116099995],[-91.382800001,22.117399995]]],[[[-91.4079,22.119099994],[-91.409100001,22.117799994],[-91.4092,22.119099995],[-91.4079,22.119099994]]],[[[-91.405600001,22.117799995],[-91.405000001,22.118899995],[-91.4045,22.117599994],[-91.405600001,22.117799995]]],[[[-91.388100001,22.122799995],[-91.389400001,22.122199995],[-91.3896,22.123599995],[-91.388100001,22.122799995]]],[[[-89.662630032,22.371536709],[-89.664034139,22.36897329],[-89.663901537,22.371354206],[-89.662630032,22.371536709]]],[[[-89.665697916,22.372751893],[-89.671697329,22.367675717],[-89.674004099,22.367957014],[-89.665697916,22.372751893]]],[[[-89.666928835,22.380390386],[-89.668581864,22.379896086],[-89.667996257,22.380620609],[-89.666928835,22.380390386]]],[[[-89.678561737,22.381495435],[-89.674605165,22.376886364],[-89.680152638,22.380314133],[-89.678561737,22.381495435]]],[[[-89.679120143,22.382156081],[-89.681919013,22.380932568],[-89.680026018,22.383711285],[-89.679120143,22.382156081]]],[[[-89.678238786,22.389829744],[-89.679168079,22.387493346],[-89.679637516,22.390122577],[-89.678238786,22.389829744]]],[[[-89.674163579,22.389744381],[-89.675902957,22.388738584],[-89.675568756,22.390387338],[-89.674163579,22.389744381]]],[[[-89.728482399,22.428486076],[-89.725354047,22.424675865],[-89.729286509,22.424548313],[-89.728482399,22.428486076]]],[[[-89.720025452,22.428623232],[-89.720919167,22.4277905],[-89.720698437,22.428496124],[-89.720025452,22.428623232]]],[[[-89.719896979,22.431335824],[-89.716155256,22.430434506],[-89.720231734,22.430518761],[-89.719896979,22.431335824]]],[[[-89.727478858,22.433576215],[-89.72854627,22.433024887],[-89.728503876,22.433484376],[-89.727478858,22.433576215]]],[[[-89.738246475,22.434607418],[-89.727016101,22.428948534],[-89.728648894,22.42878945],[-89.731702797,22.424693553],[-89.730316356,22.429491346],[-89.738246475,22.434607418]]],[[[-89.735533907,22.437630186],[-89.739024005,22.436341276],[-89.739590294,22.433011324],[-89.74381223,22.43503514],[-89.741366756,22.439059199],[-89.735533907,22.437630186]]],[[[-89.731521619,22.440835888],[-89.733031024,22.439148122],[-89.733454227,22.44029563],[-89.731521619,22.440835888]]],[[[-89.729370404,22.440073821],[-89.725433519,22.442688991],[-89.726960776,22.439628553],[-89.729370404,22.440073821]]],[[[-89.723168301,22.445314475],[-89.725890625,22.444142988],[-89.725562136,22.445678981],[-89.723168301,22.445314475]]],[[[-89.740113097,22.472595562],[-89.744766552,22.472062051],[-89.743999393,22.475882323],[-89.740113097,22.472595562]]],[[[-89.749144461,22.465044667],[-89.73871478,22.448936214],[-89.73866659,22.44021824],[-89.747419696,22.442833226],[-89.745598319,22.454119237],[-89.759253668,22.470188226],[-89.755546288,22.484164104],[-89.747925817,22.475409678],[-89.749144461,22.465044667]]],[[[-89.748534755,22.486766349],[-89.751148462,22.484443007],[-89.75162142,22.486348982],[-89.748534755,22.486766349]]],[[[-89.74953773,22.49136636],[-89.754094623,22.493295874],[-89.749771656,22.494458713],[-89.74953773,22.49136636]]],[[[-89.735952806,22.501382886],[-89.728676197,22.494836376],[-89.724614701,22.500104015],[-89.72852284,22.490527175],[-89.735551421,22.495330229],[-89.735952806,22.501382886]]],[[[-89.75780177,22.50895566],[-89.760927896,22.506017484],[-89.761177424,22.508645414],[-89.75780177,22.50895566]]],[[[-89.770988262,22.500791009],[-89.763387169,22.499162551],[-89.756981798,22.491017263],[-89.758610327,22.479962326],[-89.766503822,22.494384671],[-89.784489965,22.505457953],[-89.774051732,22.512090855],[-89.769105683,22.505348473],[-89.770988262,22.500791009]]],[[[-89.736341354,22.511842541],[-89.738478672,22.507588929],[-89.739127808,22.510678224],[-89.736341354,22.511842541]]],[[[-89.715807032,22.506708068],[-89.720159028,22.506994932],[-89.720226068,22.510695153],[-89.717158581,22.511318396],[-89.715807032,22.506708068]]],[[[-89.73130014,22.518906751],[-89.731170883,22.512435474],[-89.735674845,22.517615873],[-89.73130014,22.518906751]]],[[[-89.750098971,22.520052935],[-89.753288585,22.518667294],[-89.7538411,22.522809563],[-89.750098971,22.520052935]]],[[[-89.74350568,22.5229858],[-89.741762844,22.513746314],[-89.745532865,22.515070967],[-89.750508903,22.506125095],[-89.74350568,22.5229858]]],[[[-89.750870267,22.528709552],[-89.751343428,22.524136268],[-89.751985334,22.528436618],[-89.750870267,22.528709552]]],[[[-89.738323542,22.531059316],[-89.740494867,22.530026772],[-89.739357708,22.531804622],[-89.738323542,22.531059316]]],[[[-89.742580077,22.532280861],[-89.737064227,22.52491068],[-89.737008102,22.52165162],[-89.740272283,22.522484083],[-89.742580077,22.532280861]]],[[[-89.741442631,22.538461687],[-89.742476695,22.534988049],[-89.743019732,22.538948825],[-89.741442631,22.538461687]]],[[[-89.741112302,22.541000335],[-89.735706354,22.538834171],[-89.737403411,22.536474107],[-89.741112302,22.541000335]]],[[[-89.763311401,22.562941145],[-89.760337063,22.561751017],[-89.76007272,22.56102382],[-89.763245449,22.561156241],[-89.763311401,22.562941145]]],[[[-89.764178593,22.562754566],[-89.776275243,22.560706398],[-89.778059697,22.562623725],[-89.774952822,22.563813295],[-89.764178593,22.562754566]]],[[[-89.778232587,22.561236807],[-89.780744081,22.562625373],[-89.780280808,22.566657862],[-89.778232587,22.561236807]]],[[[-89.77557263,22.566899276],[-89.777423295,22.566965603],[-89.776629901,22.568750404],[-89.77557263,22.566899276]]],[[[-89.773811707,22.566844494],[-89.77526526,22.570744993],[-89.774868436,22.572662057],[-89.773811001,22.572199184],[-89.773811707,22.566844494]]],[[[-89.762565175,22.581135328],[-89.764237617,22.576928736],[-89.765718047,22.579035209],[-89.762565175,22.581135328]]],[[[-89.756405553,22.582056264],[-89.75846436,22.575349082],[-89.759647409,22.5753031],[-89.760493162,22.581223867],[-89.756405553,22.582056264]]],[[[-89.755163044,22.565851136],[-89.757526627,22.570122995],[-89.752948958,22.58247939],[-89.75096664,22.578741544],[-89.755163044,22.565851136]]],[[[-89.665483553,22.552078711],[-89.619136654,22.495457283],[-89.609977919,22.471792137],[-89.608554082,22.453667613],[-89.611574658,22.426848722],[-89.6307879,22.385108887],[-89.646842335,22.368626295],[-89.65538588,22.370508123],[-89.660210007,22.365446694],[-89.66127603,22.371211129],[-89.65115639,22.376339778],[-89.647138637,22.388204129],[-89.652668121,22.390636988],[-89.653069103,22.380869019],[-89.658276841,22.380637129],[-89.656466755,22.375681103],[-89.662913211,22.372571079],[-89.663766891,22.384046038],[-89.662117885,22.378485776],[-89.659563469,22.378011821],[-89.658687279,22.390093588],[-89.66328573,22.384676371],[-89.663548743,22.389067674],[-89.671267067,22.392047688],[-89.671395795,22.388644258],[-89.679429839,22.397090644],[-89.687158696,22.39761897],[-89.679789933,22.386642031],[-89.684825697,22.379104043],[-89.692914599,22.381440796],[-89.687548185,22.388906704],[-89.702152127,22.408445061],[-89.729861775,22.420973086],[-89.723344043,22.424860211],[-89.710184393,22.417961142],[-89.68967106,22.416032118],[-89.695072811,22.421454938],[-89.691864967,22.425296795],[-89.698256506,22.424180571],[-89.701601967,22.432464733],[-89.729116767,22.436743513],[-89.718919304,22.443888353],[-89.721405074,22.450485336],[-89.718611002,22.448631105],[-89.712609012,22.454082652],[-89.723135944,22.45299402],[-89.718246375,22.457082005],[-89.722431771,22.460911566],[-89.722183885,22.457275595],[-89.729579815,22.458287246],[-89.719880545,22.466946011],[-89.718639332,22.461961487],[-89.714334762,22.464953678],[-89.71821465,22.472148566],[-89.7258945,22.464487234],[-89.731633878,22.468867125],[-89.7271202,22.470345561],[-89.728936148,22.476246105],[-89.723498193,22.481621082],[-89.728647157,22.484858254],[-89.730163944,22.475028579],[-89.734360639,22.473964754],[-89.732553673,22.486089235],[-89.713162486,22.497156531],[-89.705260589,22.495034001],[-89.713902475,22.500547348],[-89.7159103,22.531414186],[-89.726094225,22.532840912],[-89.72497563,22.526266633],[-89.719471924,22.526852452],[-89.72763742,22.521608914],[-89.738541941,22.53449887],[-89.732059473,22.537378436],[-89.743917638,22.548611719],[-89.746358913,22.54301397],[-89.753293048,22.547139508],[-89.744632723,22.540857605],[-89.744225424,22.523322777],[-89.756432263,22.539392242],[-89.756574186,22.524466624],[-89.761374702,22.519677094],[-89.76978862,22.520523624],[-89.770737175,22.513598116],[-89.781123368,22.509881684],[-89.789689368,22.503988602],[-89.795490697,22.515082207],[-89.794123897,22.534738712],[-89.782883739,22.553113394],[-89.774524279,22.560188708],[-89.761639,22.559744118],[-89.74872199,22.567675141],[-89.74386634,22.577523118],[-89.751037265,22.585357668],[-89.697588548,22.571522485],[-89.665483553,22.552078711]]]]}},{"type":"Feature","properties":{"state":"Zacatecas","official_state_name":"Zacatecas","state_code_inegi":"32","postal_range":"98-99","postal_codes":["98","99"],"question_count":2,"question_01":"98","question_02":"99"},"geometry":{"type":"Polygon","coordinates":[[[-102.29547729,25.12518888],[-102.2376222,25.11846238],[-102.08180563,25.0707006],[-101.84881,25.01762362],[-101.83189846,24.97217322],[-101.77346295,24.87553512],[-101.68514949,24.84001266],[-101.65633177,24.86079317],[-101.60126063,24.8355632],[-101.60901163,24.78966414],[-101.64076723,24.80070354],[-101.62226971,24.75898308],[-101.461639349,24.73675682],[-101.412654949,24.772055021],[-101.40215706,24.788222431],[-101.34214157,24.813352511],[-101.23608891,24.77787897],[-101.215039139,24.775167851],[-101.2017256,24.765488321],[-101.181802819,24.73901497],[-101.16464594,24.681558971],[-101.1276196,24.623361771],[-101.08049514,24.59118531],[-100.958792599,24.542684061],[-100.90223378,24.583917741],[-100.847805649,24.555618601],[-100.81041635,24.551593781],[-100.79993412,24.55618608],[-100.74232429,24.46043546],[-100.85038308,24.34353854],[-100.94528598,24.28119589],[-101.00667463,24.33583478],[-101.01129743,24.35795949],[-101.00619431,24.35859705],[-101.00328205,24.36801008],[-101.00986828,24.38511737],[-100.99766543,24.40730386],[-100.98823465,24.40955194],[-100.98732705,24.43251932],[-101.01268868,24.39081914],[-101.06540152,24.20702111],[-101.17323215,24.16413662],[-101.21674638,24.15973191],[-101.19250495,23.91855914],[-101.77512245,23.44762935],[-102.01194383,23.37274855],[-102.12253246,23.35386009],[-102.16879912,23.36102565],[-102.16861497,23.39890752],[-102.19134226,23.40138792],[-102.19616031,23.42489402],[-102.19361522,23.44759911],[-102.23815031,23.44690143],[-102.25361148,23.36495589],[-102.26826194,23.34227789],[-102.29603842,23.32050129],[-102.26457905,23.29009292],[-102.26953366,23.27991288],[-102.25469951,23.28083374],[-102.24106912,23.31498162],[-102.23159685,23.31511635],[-102.24467212,23.27676875],[-102.25279625,23.2712352],[-102.28582548,23.27332014],[-102.28936898,23.23169094],[-102.23945771,23.20949329],[-102.24097403,23.16938043],[-102.21415463,23.13131986],[-102.24973142,23.0754576],[-102.26005097,23.04591551],[-102.23808165,23.04764388],[-102.19213177,22.86490206],[-102.12489688,22.7829522],[-101.93975603,22.64572549],[-101.85328423,22.65602511],[-101.87295771,22.56307335],[-101.81989152,22.55129471],[-101.83714105,22.49969214],[-101.79927571,22.47055946],[-101.78336074,22.46503383],[-101.77849502,22.48486809],[-101.77153529,22.48816332],[-101.73536075,22.48021495],[-101.74617508,22.50869326],[-101.69601849,22.52042211],[-101.67474958,22.50653989],[-101.65990646,22.5053204],[-101.59008315,22.58903575],[-101.59528732,22.62407249],[-101.58773232,22.62661186],[-101.587325,22.62113172],[-101.57382102,22.61281611],[-101.57387969,22.63373242],[-101.567398,22.65677632],[-101.4970036,22.70154102],[-101.490964539,22.74287735],[-101.411077079,22.74768069],[-101.36005762,22.7143372],[-101.34923392,22.71177929],[-101.38001825,22.67583492],[-101.35937609,22.65353294],[-101.33693697,22.65875605],[-101.33387374,22.64211314],[-101.32964957,22.6424808],[-101.32578411,22.62975009],[-101.30570908,22.60993031],[-101.28751929,22.55981132],[-101.29632363,22.5354782],[-101.28572638,22.50785565],[-101.31538349,22.46964897],[-101.31372634,22.45349017],[-101.37478575,22.45645837],[-101.38191055,22.35748508],[-101.43297235,22.36327674],[-101.43512542,22.34153398],[-101.41973249,22.31504182],[-101.40551611,22.30345775],[-101.39143495,22.29990188],[-101.39890011,22.2934002],[-101.39815042,22.28142682],[-101.40899935,22.28043662],[-101.41625892,22.26734554],[-101.37680382,22.26165583],[-101.362911,22.24949228],[-101.36167068,22.23848382],[-101.35285398,22.22920365],[-101.32425315,22.20989346],[-101.35130594,22.17675966],[-101.33769286,22.14352251],[-101.32774498,22.14411206],[-101.35423974,22.07173529],[-101.35335911,22.05592454],[-101.34588528,22.0536064],[-101.34658728,22.04969008],[-101.35167042,22.05161302],[-101.36101177,22.04100106],[-101.37707837,22.04496214],[-101.37589797,22.03388529],[-101.36857337,22.03303102],[-101.36973832,22.02751725],[-101.3806912,22.02875934],[-101.38275537,22.02073791],[-101.36569229,22.01854843],[-101.36239302,22.03350866],[-101.35462069,22.03041306],[-101.351675,22.04378915],[-101.33090075,22.03531518],[-101.33246662,22.02461149],[-101.32720848,22.02149805],[-101.32794249,22.01646846],[-101.33923531,22.01498571],[-101.33776503,22.02513302],[-101.34857245,22.02807112],[-101.35243929,22.01308158],[-101.34474262,22.01414243],[-101.34529848,22.00587992],[-101.32939745,22.00716909],[-101.32651029,21.99972805],[-101.37336572,21.99024935],[-101.37659029,21.98118422],[-101.38443575,21.9822964],[-101.38391174,21.97399072],[-101.39715038,21.96776208],[-101.40516117,21.94849212],[-101.42917286,21.93436114],[-101.41199138,21.91865594],[-101.41022762,21.90869354],[-101.43459592,21.89706506],[-101.44180286,21.90933783],[-101.44639446,21.90625568],[-101.44067483,21.89271623],[-101.46645765,21.88022491],[-101.46808378,21.87026575],[-101.48319623,21.86768078],[-101.48041132,21.85925806],[-101.48818334,21.85342772],[-101.48609134,21.84188672],[-101.50351528,21.83012398],[-101.49633125,21.80993966],[-101.51054175,21.79905849],[-101.52204409,21.81802305],[-101.52976402,21.81310751],[-101.52782408,21.80917789],[-101.53701198,21.81046205],[-101.5482304,21.83408555],[-101.56142129,21.83605126],[-101.56596355,21.84203334],[-101.56275475,21.85538737],[-101.56980628,21.91708074],[-101.59085805,21.91543405],[-101.59584886,21.90996262],[-101.61145152,21.91923128],[-101.61671189,21.92944797],[-101.62091906,21.91761972],[-101.62894523,21.91090274],[-101.65069569,21.9076754],[-101.64957662,21.92029198],[-101.65456249,21.9306048],[-101.65786852,21.92978983],[-101.65914109,21.94159489],[-101.6691136,21.94576543],[-101.68291418,21.96288531],[-101.71065838,21.97393525],[-101.70911522,21.97992598],[-101.73232109,21.9950692],[-101.72997492,22.00213837],[-101.74662982,22.01206463],[-101.751004,22.01464543],[-101.75965483,22.009043],[-101.77763308,22.00730175],[-101.77722902,22.01534505],[-101.78442975,22.02409828],[-101.80426345,22.02525274],[-101.80143615,22.0309962],[-101.81567305,22.01998309],[-101.86166982,22.028883831],[-101.85519154,22.046511171],[-101.86229337,22.046736551],[-101.86427511,22.041509481],[-101.98602795,22.12082745],[-102.02591518,22.129771],[-102.01707549,22.15396128],[-102.04522131,22.15373323],[-102.04109448,22.16179923],[-102.03773734,22.15977609],[-102.02946714,22.16866562],[-102.00099308,22.16811055],[-101.99971608,22.23365603],[-102.00247463,22.24144406],[-102.022494579,22.241585491],[-102.02988252,22.288993],[-102.03726965,22.29897568],[-102.05121358,22.29121303],[-102.05840777,22.29365486],[-102.0567314,22.2999378],[-102.07562705,22.30607278],[-102.0895714,22.28899886],[-102.10524986,22.28079283],[-102.1065838,22.28536546],[-102.15323048,22.29041022],[-102.14984748,22.34717506],[-102.18072211,22.35039794],[-102.17737534,22.36242974],[-102.211979199,22.36246518],[-102.21198682,22.37269732],[-102.25320071,22.37449451],[-102.25029937,22.38722171],[-102.25524872,22.38742866],[-102.27398106,22.41433115],[-102.28183929,22.41380417],[-102.2900764,22.41991795],[-102.29830685,22.45958968],[-102.3118048,22.45691582],[-102.31204005,22.4408182],[-102.32103051,22.41829135],[-102.32136472,22.38853265],[-102.362877079,22.388747281],[-102.359250279,22.384951691],[-102.378442819,22.360878581],[-102.387879,22.3641412],[-102.46864195,22.35188148],[-102.47118782,22.33625488],[-102.46102086,22.33175888],[-102.46066151,22.32369111],[-102.4660842,22.32228148],[-102.47020163,22.3092102],[-102.50126511,22.30426977],[-102.50663072,22.29381254],[-102.52703934,22.29089903],[-102.66874285,22.29187105],[-102.67001705,22.24570243],[-102.63929894,22.22603918],[-102.64582155,22.20430605],[-102.65527668,22.1949766],[-102.65159598,22.19314023],[-102.66931008,22.19402358],[-102.66671835,22.18094098],[-102.67589451,22.17557252],[-102.66941569,22.15958958],[-102.67434471,22.14778143],[-102.68244094,22.14592525],[-102.68612114,22.13790885],[-102.68341414,22.12991358],[-102.69014195,22.12339498],[-102.69086523,22.10655503],[-102.75580571,22.07366208],[-102.75318026,22.06325782],[-102.76098974,22.04628674],[-102.77046485,22.04159789],[-102.76898126,22.03782289],[-102.78228608,22.02813206],[-102.78331025,22.01769192],[-102.79149862,22.01598835],[-102.80104969,22.003941],[-102.82322329,21.95554238],[-102.83825045,21.93929865],[-102.84622057,21.91539814],[-102.84335034,21.91237095],[-102.86054614,21.88025969],[-102.86338012,21.86376578],[-102.87417658,21.852771],[-102.85805097,21.83322635],[-102.84731475,21.83340922],[-102.85334506,21.79905315],[-102.84225075,21.804757201],[-102.84240486,21.79853072],[-102.83126215,21.79724858],[-102.81691626,21.76647537],[-102.79230965,21.75499012],[-102.77825628,21.74267495],[-102.77569697,21.7345894],[-102.77218091,21.73782377],[-102.74529994,21.72005231],[-102.76649214,21.68692828],[-102.78609554,21.67491042],[-102.791764,21.67697257],[-102.79804866,21.67028358],[-102.80527897,21.6712824],[-102.79519715,21.66346649],[-102.77340511,21.65830608],[-102.78361469,21.64669337],[-102.76474134,21.59606458],[-102.737405,21.5867602],[-102.72950818,21.59305822],[-102.71710455,21.57130737],[-102.69510074,21.57291283],[-102.69232832,21.56311005],[-102.69641017,21.54303034],[-102.66518957,21.53988709],[-102.65956855,21.53364771],[-102.63073432,21.53398334],[-102.63121843,21.52793875],[-102.64216685,21.51872135],[-102.62484151,21.50141149],[-102.63217837,21.49690074],[-102.63666772,21.47711645],[-102.63890669,21.48126225],[-102.64906725,21.47419658],[-102.64788298,21.46253749],[-102.63612986,21.46290782],[-102.64449868,21.44981063],[-102.65500686,21.44664952],[-102.65025837,21.44198312],[-102.65524503,21.43924992],[-102.65106709,21.43687346],[-102.65432811,21.43562543],[-102.6532602,21.42158397],[-102.65726358,21.42221557],[-102.65213069,21.41221266],[-102.65966946,21.41087702],[-102.65221111,21.40750205],[-102.6556926,21.40242146],[-102.64683968,21.39422458],[-102.63814062,21.39323652],[-102.6428236,21.38806542],[-102.64259489,21.3672006],[-102.67777703,21.34089003],[-102.69505532,21.34074446],[-102.70102842,21.34825425],[-102.70062785,21.36130005],[-102.71326386,21.37976806],[-102.72912806,21.38735554],[-102.73265986,21.3691632],[-102.72795977,21.3570878],[-102.75776543,21.33918618],[-102.75528088,21.3231586],[-102.77181772,21.31600588],[-102.78371298,21.3295234],[-102.78891602,21.3295074],[-102.79849937,21.30691378],[-102.81196378,21.32371682],[-102.81760069,21.31854111],[-102.81515903,21.294669],[-102.83710214,21.3034108],[-102.84877754,21.29317629],[-102.85078826,21.28139029],[-102.84482945,21.27732685],[-102.85939677,21.27047849],[-102.86365471,21.25275698],[-102.87286123,21.25516295],[-102.87135057,21.24728178],[-102.87657366,21.23663402],[-102.88365657,21.24181091],[-102.89167378,21.23351326],[-102.90302866,21.235186],[-102.91065217,21.20523466],[-102.9478112,21.21460112],[-102.94629392,21.23444345],[-102.95909883,21.23361986],[-102.96803889,21.24172625],[-102.97904886,21.23973108],[-102.97933829,21.24647429],[-102.99690402,21.25968194],[-103.01117903,21.25537009],[-103.01162617,21.24562694],[-103.01701354,21.24104854],[-103.02650489,21.24212411],[-103.029766,21.25106526],[-103.04588371,21.24942569],[-103.04489188,21.26236526],[-103.0655,21.25580645],[-103.0569852,21.2467876],[-103.07752826,21.21544992],[-103.06924423,21.20992931],[-103.08430635,21.19405949],[-103.07137586,21.15293375],[-103.07812255,21.14001125],[-103.09850012,21.12849331],[-103.09173543,21.115819],[-103.07365131,21.10995411],[-103.0757904,21.09688889],[-103.06628818,21.09968803],[-103.0652068,21.10433022],[-103.05647537,21.09931975],[-103.07463865,21.07430825],[-103.08842457,21.06574182],[-103.10503466,21.06201595],[-103.11442382,21.06790982],[-103.12332315,21.06680391],[-103.12148774,21.06240962],[-103.12930548,21.05327785],[-103.143204,21.0657428],[-103.16288175,21.07288565],[-103.166147,21.06920592],[-103.1800764,21.07460598],[-103.18836734,21.07065972],[-103.19170852,21.07933542],[-103.18844689,21.08515286],[-103.20170923,21.08590502],[-103.20960165,21.0942206],[-103.23258606,21.07909443],[-103.24351454,21.08405822],[-103.25823462,21.08306643],[-103.26169035,21.07459534],[-103.25720192,21.07073135],[-103.27573077,21.05144665],[-103.29655831,21.06483842],[-103.30188572,21.05458371],[-103.33031672,21.05450112],[-103.33500397,21.04264446],[-103.35310294,21.04525995],[-103.36901628,21.05195766],[-103.3766074,21.06590051],[-103.38550745,21.06739043],[-103.38786188,21.0792184],[-103.39596291,21.08028845],[-103.39648128,21.09007352],[-103.39299537,21.09107205],[-103.39607966,21.09867717],[-103.41828058,21.11523008],[-103.42322685,21.12523242],[-103.41626571,21.13727777],[-103.42567402,21.13899685],[-103.4285824,21.14672382],[-103.44522926,21.14102795],[-103.46925638,21.14336208],[-103.47538466,21.13727434],[-103.50405154,21.127738681],[-103.51096405,21.146222151],[-103.5314648,21.141977511],[-103.52978688,21.134091741],[-103.55034432,21.12498045],[-103.55444726,21.1165798],[-103.56694628,21.12078726],[-103.56895878,21.11671775],[-103.58054543,21.12730475],[-103.59044103,21.127522061],[-103.60198246,21.15167095],[-103.6140578,21.156929351],[-103.61135923,21.17873674],[-103.61863426,21.188778621],[-103.62478951,21.19331583],[-103.6333712,21.19125285],[-103.63712918,21.19972837],[-103.66732405,21.21604855],[-103.66335211,21.22416265],[-103.64019588,21.22207242],[-103.63631494,21.24171043],[-103.64130717,21.25949348],[-103.63513698,21.28317985],[-103.6581936,21.28043162],[-103.66668051,21.29046511],[-103.67628322,21.2834116],[-103.69750995,21.28285626],[-103.71621138,21.26786848],[-103.72214115,21.28394234],[-103.72083909,21.30796108],[-103.7109476,21.31354238],[-103.70508455,21.32549772],[-103.67740382,21.31991095],[-103.66361502,21.338128],[-103.64888323,21.33743215],[-103.64623618,21.34441423],[-103.63811749,21.3448502],[-103.6344316,21.34009603],[-103.62900962,21.34537363],[-103.61871934,21.34448071],[-103.61694509,21.35340965],[-103.60295328,21.34912668],[-103.59808172,21.34190289],[-103.5886766,21.3421934],[-103.57845238,21.33023429],[-103.56858688,21.33762368],[-103.56763002,21.35221586],[-103.55737058,21.34812669],[-103.50996402,21.35489288],[-103.51308305,21.36406697],[-103.50392025,21.37683702],[-103.50939723,21.39239612],[-103.52178458,21.40141412],[-103.53358949,21.42061328],[-103.53870026,21.44477092],[-103.54385245,21.43734102],[-103.54826385,21.44048185],[-103.55838351,21.43618838],[-103.56040668,21.43021831],[-103.56772231,21.43929715],[-103.57588365,21.43615398],[-103.58708957,21.40789078],[-103.58639428,21.39236631],[-103.59531165,21.39090623],[-103.60981412,21.40724362],[-103.62290522,21.41311146],[-103.62430855,21.42030243],[-103.61932132,21.42403171],[-103.62652537,21.43448206],[-103.63419572,21.4392594],[-103.64924651,21.43859355],[-103.65030922,21.43459612],[-103.66078977,21.44158357],[-103.66469635,21.45487326],[-103.65874325,21.46369766],[-103.70146472,21.46626591],[-103.69317403,21.47903931],[-103.691779,21.49560288],[-103.67257825,21.50545474],[-103.67980558,21.51119669],[-103.68158217,21.52046763],[-103.694487,21.52888688],[-103.68628545,21.53505463],[-103.68978888,21.55235315],[-103.68320366,21.5577188],[-103.65831645,21.55590654],[-103.66003689,21.56478938],[-103.64487828,21.57645418],[-103.6297938,21.57335065],[-103.61900469,21.55686368],[-103.59291832,21.55922592],[-103.59674714,21.56546806],[-103.59049657,21.58979468],[-103.55889183,21.57640409],[-103.54522218,21.58763891],[-103.55039834,21.59699585],[-103.55549174,21.63408351],[-103.54079634,21.66529314],[-103.52671002,21.67556332],[-103.51785265,21.71146918],[-103.50984392,21.71300588],[-103.50847355,21.73973505],[-103.52789017,21.77232848],[-103.54325815,21.7711224],[-103.56076289,21.78028394],[-103.56943931,21.78921632],[-103.5678986,21.79710985],[-103.57262726,21.80348983],[-103.55484874,21.80091235],[-103.52605765,21.80506525],[-103.53142529,21.81783857],[-103.50281745,21.83307471],[-103.48250755,21.81326445],[-103.47052997,21.81354026],[-103.47513569,21.82661058],[-103.47235654,21.83600388],[-103.46672989,21.83996175],[-103.45535731,21.83279591],[-103.45132805,21.85392012],[-103.43931349,21.86456003],[-103.41387009,21.9054554],[-103.4083754,21.907624],[-103.39433888,21.89669457],[-103.38915132,21.89872038],[-103.38979569,21.90547272],[-103.37479763,21.91368352],[-103.34408,21.91347195],[-103.34135088,21.94040314],[-103.31013614,21.9590976],[-103.30919125,21.96628611],[-103.27856102,21.98965015],[-103.26471535,21.97184498],[-103.24475012,21.96660323],[-103.24144586,21.97075562],[-103.24681758,21.97594711],[-103.23997132,21.97672231],[-103.20556792,21.96519438],[-103.19256,21.96989986],[-103.19181226,21.9744498],[-103.19819046,21.98463682],[-103.19403245,21.99007295],[-103.20213114,21.99339122],[-103.20166177,21.99856812],[-103.16565749,21.99681462],[-103.16007578,22.00317135],[-103.14371763,22.00796977],[-103.13284432,22.00303732],[-103.12086894,22.01518175],[-103.11148645,22.01426131],[-103.10906455,22.02895437],[-103.11406538,22.03905148],[-103.10845112,22.03916465],[-103.10616574,22.04698822],[-103.10790862,22.06339578],[-103.15428532,22.07223682],[-103.15278375,22.08762205],[-103.13509315,22.09046234],[-103.13502934,22.09762968],[-103.12558532,22.10479148],[-103.10170034,22.101798],[-103.10097375,22.10780486],[-103.08948997,22.11519138],[-103.08615698,22.11224457],[-103.08772188,22.11781958],[-103.07702474,22.12550442],[-103.08158075,22.13011617],[-103.07588045,22.13324834],[-103.0787508,22.13705255],[-103.09593117,22.14546603],[-103.10879838,22.14434091],[-103.10254338,22.15360297],[-103.10869415,22.15342328],[-103.10144537,22.17862095],[-103.10605877,22.19135603],[-103.08819962,22.20438398],[-103.07104343,22.20354314],[-103.07193038,22.21196883],[-103.05981132,22.21722223],[-103.05477017,22.21382686],[-103.05232631,22.22065226],[-103.06206929,22.22826798],[-103.05545518,22.24725632],[-103.07827383,22.25709766],[-103.0838254,22.26343363],[-103.08295988,22.27708274],[-103.0911196,22.28590915],[-103.09807595,22.28629186],[-103.10098772,22.29397486],[-103.19057382,22.29852702],[-103.20191645,22.28030442],[-103.22062195,22.28046617],[-103.22036908,22.29640114],[-103.20963929,22.31457226],[-103.21271435,22.31905435],[-103.2082326,22.3330812],[-103.19408542,22.33198106],[-103.16858992,22.35461566],[-103.16642498,22.37058989],[-103.17404822,22.37775985],[-103.16857769,22.3850128],[-103.18936258,22.39024554],[-103.19877088,22.38060123],[-103.2039266,22.40406951],[-103.21341274,22.41007325],[-103.22092165,22.40958911],[-103.23212057,22.39339386],[-103.25218625,22.39894535],[-103.26024569,22.4118584],[-103.27489418,22.40955371],[-103.28523072,22.41424415],[-103.28564192,22.40557412],[-103.30050158,22.39299012],[-103.30917589,22.3920082],[-103.31458463,22.40490822],[-103.32928683,22.38453686],[-103.33963831,22.38549602],[-103.35314,22.36938746],[-103.36471668,22.36953563],[-103.36668298,22.35103902],[-103.3625532,22.336354],[-103.34295528,22.33512237],[-103.36375648,22.31448317],[-103.35009274,22.30745655],[-103.35568811,22.27979925],[-103.33837632,22.28751283],[-103.32770582,22.30736037],[-103.30688274,22.30628306],[-103.29779034,22.29833726],[-103.30783883,22.28171434],[-103.30531632,22.265659],[-103.31393822,22.25871075],[-103.29712754,22.25724543],[-103.29510443,22.25328528],[-103.31193417,22.23325698],[-103.33769678,22.24516368],[-103.36183035,22.23916458],[-103.38302631,22.22701342],[-103.38017105,22.21900137],[-103.38565692,22.2125286],[-103.40895963,22.21536491],[-103.41723122,22.19047609],[-103.43412468,22.19076054],[-103.43050877,22.1824972],[-103.41968574,22.17748285],[-103.42531098,22.17646486],[-103.42917625,22.16218451],[-103.4259338,22.13942465],[-103.43828926,22.12885103],[-103.43949966,22.1176392],[-103.4455878,22.11349832],[-103.45493577,22.11530862],[-103.46172262,22.11114106],[-103.45918286,22.10587998],[-103.47318091,22.10553197],[-103.47325006,22.11117912],[-103.47930395,22.114794],[-103.48613411,22.10652989],[-103.49559911,22.1105124],[-103.5015642,22.10556402],[-103.51589708,22.1099162],[-103.51455097,22.12910857],[-103.54273657,22.12061212],[-103.55021568,22.13567918],[-103.56014086,22.13658566],[-103.57995034,22.12682712],[-103.58111989,22.10487074],[-103.59404342,22.11164672],[-103.60470457,22.09794158],[-103.62039771,22.09848614],[-103.628527,22.10632546],[-103.64795374,22.10049615],[-103.68384732,22.10920523],[-103.68593252,22.11409911],[-103.67737108,22.11870629],[-103.69029298,22.13009328],[-103.65447365,22.17193622],[-103.65892286,22.17521552],[-103.65775989,22.18384334],[-103.64111331,22.20982492],[-103.6308964,22.23891797],[-103.60280082,22.26996148],[-103.59490325,22.27307835],[-103.61922562,22.28179332],[-103.62849958,22.2939516],[-103.63778809,22.29523311],[-103.64474826,22.31497388],[-103.63818075,22.33516929],[-103.64211148,22.34087335],[-103.60480235,22.34014231],[-103.60263975,22.34631648],[-103.61068718,22.35984182],[-103.60284429,22.36090375],[-103.59756303,22.37453028],[-103.59275585,22.38927662],[-103.59401974,22.40721494],[-103.57842455,22.41049842],[-103.56069732,22.42281529],[-103.55919371,22.42842755],[-103.57252855,22.43754077],[-103.56891237,22.44627326],[-103.57390706,22.46107717],[-103.57082586,22.46917165],[-103.58060057,22.47739811],[-103.57933409,22.49619638],[-103.59460129,22.50544726],[-103.58902448,22.50808075],[-103.58373417,22.521966],[-103.59933478,22.5263746],[-103.60600095,22.54567726],[-103.60275868,22.55679154],[-103.62238238,22.56357418],[-103.65156505,22.55647822],[-103.66101051,22.54714438],[-103.67258583,22.56112922],[-103.68178952,22.55480009],[-103.72655502,22.57414663],[-103.73845166,22.571964],[-103.74450269,22.55849857],[-103.75310832,22.55787088],[-103.75924138,22.55166543],[-103.75997622,22.55560077],[-103.76910209,22.55578915],[-103.78565966,22.51045749],[-103.78698274,22.47776802],[-103.81017642,22.42728523],[-103.81115172,22.37674523],[-103.82788074,22.35424342],[-103.8374556,22.35200029],[-103.84543423,22.34275749],[-103.84596194,22.33034812],[-103.82861982,22.28661289],[-103.84486835,22.26255145],[-103.84407555,22.22206592],[-103.862936,22.16688243],[-103.873117,22.17839745],[-103.87689426,22.19214072],[-103.88509426,22.19641608],[-103.8810878,22.20610405],[-103.88613882,22.22617668],[-103.9016564,22.23708095],[-103.90767897,22.25460818],[-103.91787557,22.26197045],[-103.91014942,22.28332785],[-103.91599414,22.28854366],[-103.91404362,22.30089891],[-103.91892728,22.30438229],[-103.9157914,22.31131212],[-103.92096346,22.31427455],[-103.92612425,22.33207282],[-103.91997588,22.33561311],[-103.9212998,22.34788032],[-103.91183685,22.35225506],[-103.90786302,22.36205048],[-103.89574002,22.36411475],[-103.89872737,22.37957662],[-103.89124274,22.38357163],[-103.89245502,22.38802814],[-103.88345066,22.39002406],[-103.88619958,22.40020323],[-103.86931232,22.40126242],[-103.86692938,22.40938063],[-103.86597618,22.41522723],[-103.88062275,22.41816252],[-103.8731808,22.42476078],[-103.8947,22.43816386],[-103.87609835,22.44118391],[-103.88536857,22.47352509],[-103.88208545,22.47717337],[-103.87106988,22.47247468],[-103.86398532,22.49144342],[-103.86420608,22.51346385],[-103.87518638,22.52157588],[-103.87150968,22.53817131],[-103.86468329,22.53944669],[-103.86688268,22.54469605],[-103.85179798,22.55362008],[-103.86072057,22.56761886],[-103.85238998,22.57761794],[-103.825206,22.58797089],[-103.81960014,22.59557937],[-103.77345075,22.61149548],[-103.76085869,22.62580225],[-103.76845997,22.64332865],[-103.75866851,22.65842088],[-103.76355526,22.66267785],[-103.76319765,22.67701815],[-103.75131115,22.69504711],[-103.75198622,22.71164531],[-103.75480617,22.71954778],[-103.76907414,22.72039206],[-103.77174005,22.73328705],[-103.81917232,22.72833106],[-103.82660974,22.73494369],[-103.83621311,22.72800745],[-103.83853689,22.7318282],[-103.85460435,22.72970183],[-103.87511418,22.73715769],[-103.89112468,22.73516458],[-103.89832763,22.72827731],[-103.90342695,22.73090522],[-103.90246051,22.73835078],[-103.90934246,22.7501238],[-103.93135825,22.7452298],[-103.94038382,22.75024594],[-103.9466954,22.74574075],[-103.96804631,22.74692265],[-103.97201106,22.74164866],[-103.97434225,22.74702217],[-103.98910722,22.74184188],[-103.99192675,22.74800157],[-104.00776495,22.74425195],[-104.01192705,22.74792755],[-104.02569052,22.74327815],[-104.0369834,22.7296166],[-104.05591151,22.7239782],[-104.04774766,22.7121514],[-104.05107206,22.70782448],[-104.06415097,22.70696306],[-104.05916422,22.69206366],[-104.0724774,22.70099983],[-104.07045331,22.69061083],[-104.04751317,22.68559854],[-104.04688782,22.68180792],[-104.05447735,22.67814258],[-104.03423954,22.67051791],[-104.03083114,22.67905982],[-104.01550888,22.66891066],[-104.01950674,22.65264875],[-104.024758,22.65302282],[-104.03329432,22.63410923],[-104.02594763,22.62422558],[-104.02700563,22.61317815],[-104.0180656,22.59698874],[-103.98622198,22.59090174],[-103.98328602,22.58547172],[-103.98998582,22.58248558],[-103.99017417,22.57304152],[-104.00083898,22.56677512],[-103.97233212,22.54511363],[-103.98009457,22.54061715],[-103.99888117,22.54360368],[-104.00557083,22.53660028],[-103.99976292,22.53075683],[-103.98722749,22.52884135],[-103.99125623,22.52326651],[-103.98028831,22.51903775],[-103.98064874,22.51510268],[-103.96619678,22.51722591],[-103.96341102,22.50804048],[-103.95636331,22.50455366],[-103.95004112,22.50888729],[-103.94994135,22.50287085],[-103.93441111,22.49992214],[-103.93807466,22.49541648],[-103.93308155,22.4890928],[-103.9398082,22.4889394],[-103.92939268,22.47609857],[-103.93779078,22.47520345],[-103.93344308,22.47120042],[-103.93848038,22.46973186],[-103.93795302,22.46275546],[-103.94932772,22.46179169],[-103.95865975,22.45108518],[-103.96057011,22.43317915],[-103.97556486,22.43619165],[-103.97646911,22.42725698],[-103.98500422,22.423081],[-103.98639206,22.41483294],[-104.00590629,22.40868369],[-104.00325094,22.38992982],[-104.01268311,22.37854989],[-104.0151338,22.36481289],[-104.04875282,22.37644462],[-104.06747548,22.36140685],[-104.07530998,22.36439032],[-104.08368629,22.35782931],[-104.09734546,22.3578244],[-104.09489489,22.37630642],[-104.08856363,22.37889177],[-104.08441272,22.37445106],[-104.07539095,22.38313074],[-104.08101346,22.38977802],[-104.07681797,22.40718842],[-104.07127911,22.4222426],[-104.061637,22.42580008],[-104.06356562,22.44126246],[-104.05767285,22.44757226],[-104.06224103,22.45127731],[-104.05152246,22.46738874],[-104.05659262,22.49279928],[-104.07171365,22.50300214],[-104.06938109,22.50901712],[-104.0741552,22.51566226],[-104.06879525,22.52199968],[-104.07771583,22.53230668],[-104.08802243,22.53336892],[-104.10351552,22.53109485],[-104.10658062,22.52325294],[-104.12079625,22.51704863],[-104.11256608,22.50923428],[-104.11350892,22.49660986],[-104.14309114,22.50465148],[-104.15040714,22.51627591],[-104.15661165,22.51521334],[-104.15835346,22.50932508],[-104.163163,22.51444354],[-104.17805471,22.50529605],[-104.19022998,22.50761152],[-104.20169986,22.48695878],[-104.214828,22.48416149],[-104.19887403,22.48045731],[-104.20491651,22.47190782],[-104.19729708,22.47712228],[-104.18995692,22.46825249],[-104.18572954,22.47141271],[-104.18498052,22.46462206],[-104.195743,22.46220402],[-104.19987398,22.45630689],[-104.19510028,22.44763148],[-104.17956003,22.4500544],[-104.17506238,22.44248542],[-104.16748678,22.44515049],[-104.17381683,22.42954515],[-104.17885578,22.42743249],[-104.17371066,22.40826174],[-104.16557438,22.3977356],[-104.16709237,22.38762455],[-104.19304397,22.39912318],[-104.20703705,22.42169688],[-104.22074992,22.42109974],[-104.24097865,22.41277295],[-104.25444242,22.39247629],[-104.25302437,22.38660092],[-104.25833937,22.38465831],[-104.25474252,22.34878942],[-104.26659488,22.34324772],[-104.29207912,22.34395726],[-104.28574028,22.35636614],[-104.29312755,22.36513115],[-104.35166128,22.38919283],[-104.35177102,22.40775834],[-104.34445865,22.41757148],[-104.33571783,22.42029302],[-104.33697822,22.42403715],[-104.33094448,22.42419549],[-104.33060262,22.43222968],[-104.32933358,22.42828314],[-104.32018806,22.43009425],[-104.32220508,22.43525205],[-104.31542711,22.44815112],[-104.29902542,22.46170188],[-104.29612582,22.47298908],[-104.31949917,22.51766332],[-104.31899229,22.53205202],[-104.32582417,22.53739666],[-104.32106329,22.53551632],[-104.31408866,22.54072723],[-104.31118349,22.55401046],[-104.30568929,22.55788865],[-104.28884962,22.55296523],[-104.27817274,22.58307097],[-104.27058766,22.58895525],[-104.26140748,22.58620285],[-104.26053471,22.59616732],[-104.28301762,22.62037669],[-104.26927494,22.63582111],[-104.28183123,22.64584005],[-104.28962405,22.64445998],[-104.28066085,22.65374337],[-104.28801232,22.66578991],[-104.27919332,22.67106542],[-104.27512443,22.68108486],[-104.27762983,22.70240683],[-104.2627078,22.71764348],[-104.26915235,22.72086489],[-104.2663444,22.73653937],[-104.25077898,22.74799877],[-104.23207465,22.75310394],[-104.22458851,22.7666898],[-104.22574409,22.77831492],[-104.20000463,22.77668351],[-104.18218085,22.75826811],[-104.1573794,22.75967965],[-104.13925775,22.76842082],[-104.11938149,22.76225572],[-104.10720303,22.76860052],[-104.09528525,22.75924351],[-104.08047523,22.76661682],[-104.08237451,22.77364743],[-104.09375472,22.77884815],[-104.09218155,22.78852443],[-104.09682482,22.78813875],[-104.10022418,22.79482522],[-104.09522718,22.80583885],[-104.1114848,22.81031086],[-104.10623785,22.81313786],[-104.11021425,22.82251649],[-104.10430788,22.83360097],[-104.11682768,22.85095191],[-104.11592968,22.85534474],[-104.10630403,22.85688772],[-104.10750489,22.88479622],[-104.11773917,22.89770685],[-104.11264435,22.90511803],[-104.13299402,22.90495855],[-104.13595535,22.91811617],[-104.15112208,22.92213712],[-104.15409569,22.93783798],[-104.16659289,22.94522072],[-104.16823334,22.96421606],[-104.16284705,22.97530249],[-104.17361446,22.98244495],[-104.1721324,23.12840768],[-104.12902262,23.18221422],[-104.1112146,23.35120549],[-104.0862676,23.39862763],[-104.06597709,23.46349328],[-103.99634088,23.51474137],[-103.96276538,23.52989409],[-103.95694554,23.53838202],[-103.95030114,23.5385184],[-103.92531342,23.55698268],[-103.91627066,23.56572525],[-103.9214686,23.58917534],[-103.91227715,23.58812205],[-103.91193357,23.57608288],[-103.89008692,23.57982758],[-103.88985383,23.58492782],[-103.90686731,23.60187095],[-103.89900683,23.60397171],[-103.88252238,23.59227058],[-103.87780457,23.618704862],[-103.873449019,23.620467512],[-103.877429019,23.628969942],[-103.849178509,23.640081712],[-103.811301939,23.613648802],[-103.79354178,23.630855062],[-103.785103509,23.676564891],[-103.851080539,23.679599231],[-103.844298459,23.684573232],[-103.841014619,23.701242892],[-103.862362339,23.752638382],[-103.835094949,23.785089182],[-103.820273289,23.791879512],[-103.822248149,23.800762602],[-103.816066979,23.807650322],[-103.83118637,23.824661852],[-103.832621519,23.848930372],[-103.849754309,23.862565982],[-103.853112349,23.874615552],[-103.830795949,23.907798752],[-103.818359829,23.964908602],[-103.833946569,23.969642292],[-103.838799289,23.964824352],[-103.850275779,23.988837432],[-103.872386579,24.007021722],[-103.847825979,24.003236152],[-103.843128849,24.026967122],[-103.813274119,24.021973582],[-103.810281519,24.040091941],[-103.799770339,24.050564462],[-103.69522974,24.13029175],[-103.66036155,24.14932629],[-103.63596954,24.11029338],[-103.62200668,24.11746469],[-103.60576554,24.15115448],[-103.58097186,24.17958329],[-103.56606431,24.18522432],[-103.55953635,24.19378886],[-103.56552309,24.21140692],[-103.55649278,24.24200398],[-103.56641775,24.26110691],[-103.56834994,24.28637126],[-103.53124325,24.293909],[-103.52375757,24.28895943],[-103.50675542,24.28796405],[-103.50454726,24.29576932],[-103.48500178,24.30093049],[-103.48406263,24.31834094],[-103.46269672,24.32046858],[-103.44834005,24.33260046],[-103.44893018,24.33861577],[-103.44133057,24.34127926],[-103.43052252,24.36014623],[-103.42514894,24.38785637],[-103.43023703,24.40890915],[-103.42161929,24.41658763],[-103.4193324,24.43048809],[-103.40981448,24.42628189],[-103.39405638,24.43209929],[-103.3862048,24.42296472],[-103.32392878,24.42650563],[-103.3102502,24.43565785],[-103.28264548,24.42883703],[-103.26451908,24.43458092],[-103.25353178,24.4472538],[-103.23397955,24.43583823],[-103.23663565,24.4270566],[-103.22224623,24.42059369],[-103.22283354,24.41710277],[-103.20209151,24.42446914],[-103.18195342,24.41989658],[-103.17545686,24.433261],[-103.16525892,24.43519843],[-103.15772582,24.42784063],[-103.13170883,24.424677],[-103.09852728,24.4016266],[-103.08751465,24.43602705],[-103.07508097,24.42262458],[-103.04315022,24.46650086],[-102.9835728,24.43325715],[-102.96744017,24.45770363],[-102.90010651,24.42850048],[-102.9017922,24.43571378],[-102.89042735,24.45147426],[-102.89189095,24.46111812],[-102.87377337,24.44999978],[-102.86062092,24.43449235],[-102.86501269,24.43031208],[-102.8585826,24.42292683],[-102.85389205,24.42435915],[-102.84590277,24.39808258],[-102.83173562,24.38469191],[-102.81241555,24.38949443],[-102.7888524,24.40624848],[-102.75665432,24.376983],[-102.71437302,24.37821685],[-102.6999044,24.37397185],[-102.61856431,24.3963784],[-102.60729903,24.40539922],[-102.60659277,24.41116882],[-102.53393142,24.40772211],[-102.52670189,24.41622706],[-102.52279226,24.41524712],[-102.52014631,24.42393214],[-102.48026728,24.42801388],[-102.47312688,24.44521478],[-102.48699622,24.44422838],[-102.47980697,24.49044805],[-102.49464143,24.61255522],[-102.51218231,24.70972111],[-102.54918188,24.82993558],[-102.56537289,24.86635542],[-102.56623578,24.90222075],[-102.67306157,24.94275208],[-102.67298445,24.97881825],[-102.64295555,24.97864817],[-102.63554292,25.00416909],[-102.62888483,25.00832166],[-102.64300189,25.02781283],[-102.64954537,25.0279558],[-102.65242209,25.04522906],[-102.66969398,25.06663649],[-102.44676345,24.99951542],[-102.4633252,25.11591615],[-102.29547729,25.12518888]]]}}]}